Using pre-set license
Built from '2022.3/staging' branch; Version is '2022.3.7f1 (b16b3b16c7a0) revision 11627323'; Using compiler version '192829333'; Build Type 'Release'
OS: 'Windows 11  (10.0.22621) 64bit CoreSingleLanguage' Language: 'en' Physical Memory: 16234 MB
BatchMode: 1, IsHumanControllingUs: 0, StartBugReporterOnCrash: 0, Is64bit: 1, IsPro: 1

COMMAND LINE ARGUMENTS:
D:\Uni work\GAM20001\Week4\2022.3.7f1\Editor\Unity.exe
-adb2
-batchMode
-noUpm
-name
AssetImportWorker11
-projectPath
D:/Uni work/GAM20003/ChromaShift/ChromaShift
-logFile
Logs/AssetImportWorker11.log
-srvPort
49242
Successfully changed project path to: D:/Uni work/GAM20003/ChromaShift/ChromaShift
D:/Uni work/GAM20003/ChromaShift/ChromaShift
[UnityMemory] Configuration Parameters - Can be set up in boot.config
    "memorysetup-bucket-allocator-granularity=16"
    "memorysetup-bucket-allocator-bucket-count=8"
    "memorysetup-bucket-allocator-block-size=33554432"
    "memorysetup-bucket-allocator-block-count=8"
    "memorysetup-main-allocator-block-size=16777216"
    "memorysetup-thread-allocator-block-size=16777216"
    "memorysetup-gfx-main-allocator-block-size=16777216"
    "memorysetup-gfx-thread-allocator-block-size=16777216"
    "memorysetup-cache-allocator-block-size=4194304"
    "memorysetup-typetree-allocator-block-size=2097152"
    "memorysetup-profiler-bucket-allocator-granularity=16"
    "memorysetup-profiler-bucket-allocator-bucket-count=8"
    "memorysetup-profiler-bucket-allocator-block-size=33554432"
    "memorysetup-profiler-bucket-allocator-block-count=8"
    "memorysetup-profiler-allocator-block-size=16777216"
    "memorysetup-profiler-editor-allocator-block-size=1048576"
    "memorysetup-temp-allocator-size-main=16777216"
    "memorysetup-job-temp-allocator-block-size=2097152"
    "memorysetup-job-temp-allocator-block-size-background=1048576"
    "memorysetup-job-temp-allocator-reduction-small-platforms=262144"
    "memorysetup-allocator-temp-initial-block-size-main=262144"
    "memorysetup-allocator-temp-initial-block-size-worker=262144"
    "memorysetup-temp-allocator-size-background-worker=32768"
    "memorysetup-temp-allocator-size-job-worker=262144"
    "memorysetup-temp-allocator-size-preload-manager=33554432"
    "memorysetup-temp-allocator-size-nav-mesh-worker=65536"
    "memorysetup-temp-allocator-size-audio-worker=65536"
    "memorysetup-temp-allocator-size-cloud-worker=32768"
    "memorysetup-temp-allocator-size-gi-baking-worker=262144"
    "memorysetup-temp-allocator-size-gfx=262144"
Player connection [11640] Host "[IP] 10.1.70.222 [Port] 0 [Flags] 2 [Guid] 1952506064 [EditorId] 1952506064 [Version] 1048832 [Id] WindowsEditor(7,LAPTOP-8J3TIIH1) [Debug] 1 [PackageName] WindowsEditor [ProjectName] Editor" joined multi-casting on [225.0.0.222:54997]...

Player connection [11640] Host "[IP] 10.1.70.222 [Port] 0 [Flags] 2 [Guid] 1952506064 [EditorId] 1952506064 [Version] 1048832 [Id] WindowsEditor(7,LAPTOP-8J3TIIH1) [Debug] 1 [PackageName] WindowsEditor [ProjectName] Editor" joined alternative multi-casting on [225.0.0.222:34997]...

Refreshing native plugins compatible for Editor in 6.82 ms, found 3 plugins.
Preloading 0 native plugins for Editor in 0.00 ms.
Initialize engine version: 2022.3.7f1 (b16b3b16c7a0)
[Subsystems] Discovering subsystems at path D:/Uni work/GAM20001/Week4/2022.3.7f1/Editor/Data/Resources/UnitySubsystems
[Subsystems] Discovering subsystems at path D:/Uni work/GAM20003/ChromaShift/ChromaShift/Assets
GfxDevice: creating device client; threaded=0; jobified=0
Direct3D:
    Version:  Direct3D 11.0 [level 11.1]
    Renderer: NVIDIA GeForce GTX 1060 (ID=0x1c20)
    Vendor:   NVIDIA
    VRAM:     6052 MB
    Driver:   30.0.14.7196
Initialize mono
Mono path[0] = 'D:/Uni work/GAM20001/Week4/2022.3.7f1/Editor/Data/Managed'
Mono path[1] = 'D:/Uni work/GAM20001/Week4/2022.3.7f1/Editor/Data/MonoBleedingEdge/lib/mono/unityjit-win32'
Mono config path = 'D:/Uni work/GAM20001/Week4/2022.3.7f1/Editor/Data/MonoBleedingEdge/etc'
Using monoOptions --debugger-agent=transport=dt_socket,embedding=1,server=y,suspend=n,address=127.0.0.1:56700
Begin MonoManager ReloadAssembly
Registering precompiled unity dll's ...
Register platform support module: D:/Uni work/GAM20001/Week4/2022.3.7f1/Editor/Data/PlaybackEngines/WindowsStandaloneSupport/UnityEditor.WindowsStandalone.Extensions.dll
Registered in 0.003411 seconds.
- Loaded All Assemblies, in  0.479 seconds
Native extension for WindowsStandalone target not found
Mono: successfully reloaded assembly
- Finished resetting the current domain, in  0.307 seconds
Domain Reload Profiling: 787ms
	BeginReloadAssembly (179ms)
		ExecutionOrderSort (0ms)
		DisableScriptedObjects (0ms)
		BackupInstance (0ms)
		ReleaseScriptingObjects (0ms)
		CreateAndSetChildDomain (2ms)
	RebuildCommonClasses (57ms)
	RebuildNativeTypeToScriptingClass (14ms)
	initialDomainReloadingComplete (66ms)
	LoadAllAssembliesAndSetupDomain (163ms)
		LoadAssemblies (176ms)
		RebuildTransferFunctionScriptingTraits (0ms)
		AnalyzeDomain (161ms)
			TypeCache.Refresh (160ms)
				TypeCache.ScanAssembly (145ms)
			ScanForSourceGeneratedMonoScriptInfo (0ms)
			ResolveRequiredComponents (0ms)
	FinalizeReload (308ms)
		ReleaseScriptCaches (0ms)
		RebuildScriptCaches (0ms)
		SetupLoadedEditorAssemblies (237ms)
			LogAssemblyErrors (0ms)
			InitializePlatformSupportModulesInManaged (8ms)
			SetLoadedEditorAssemblies (10ms)
			RefreshPlugins (0ms)
			BeforeProcessingInitializeOnLoad (2ms)
			ProcessInitializeOnLoadAttributes (159ms)
			ProcessInitializeOnLoadMethodAttributes (58ms)
			AfterProcessingInitializeOnLoad (0ms)
			EditorAssembliesLoaded (0ms)
		ExecutionOrderSort2 (0ms)
		AwakeInstancesAfterBackupRestoration (0ms)
========================================================================
Worker process is ready to serve import requests
Begin MonoManager ReloadAssembly
Symbol file LoadedFromMemory doesn't match image D:\Uni work\GAM20003\ChromaShift\ChromaShift\Library\PackageCache\com.unity.visualscripting@1.8.0\Editor\VisualScripting.Core\Dependencies\YamlDotNet\Unity.VisualScripting.YamlDotNet.dll
Symbol file LoadedFromMemory doesn't match image D:\Uni work\GAM20003\ChromaShift\ChromaShift\Library\PackageCache\com.unity.visualscripting@1.8.0\Editor\VisualScripting.Core\Dependencies\DotNetZip\Unity.VisualScripting.IonicZip.dll
- Loaded All Assemblies, in  0.840 seconds
Refreshing native plugins compatible for Editor in 1.76 ms, found 3 plugins.
Native extension for WindowsStandalone target not found
Mono: successfully reloaded assembly
- Finished resetting the current domain, in  0.769 seconds
Domain Reload Profiling: 1609ms
	BeginReloadAssembly (164ms)
		ExecutionOrderSort (0ms)
		DisableScriptedObjects (6ms)
		BackupInstance (0ms)
		ReleaseScriptingObjects (0ms)
		CreateAndSetChildDomain (25ms)
	RebuildCommonClasses (45ms)
	RebuildNativeTypeToScriptingClass (13ms)
	initialDomainReloadingComplete (39ms)
	LoadAllAssembliesAndSetupDomain (579ms)
		LoadAssemblies (402ms)
		RebuildTransferFunctionScriptingTraits (0ms)
		AnalyzeDomain (274ms)
			TypeCache.Refresh (244ms)
				TypeCache.ScanAssembly (219ms)
			ScanForSourceGeneratedMonoScriptInfo (22ms)
			ResolveRequiredComponents (6ms)
	FinalizeReload (769ms)
		ReleaseScriptCaches (0ms)
		RebuildScriptCaches (0ms)
		SetupLoadedEditorAssemblies (527ms)
			LogAssemblyErrors (0ms)
			InitializePlatformSupportModulesInManaged (6ms)
			SetLoadedEditorAssemblies (7ms)
			RefreshPlugins (0ms)
			BeforeProcessingInitializeOnLoad (77ms)
			ProcessInitializeOnLoadAttributes (399ms)
			ProcessInitializeOnLoadMethodAttributes (33ms)
			AfterProcessingInitializeOnLoad (4ms)
			EditorAssembliesLoaded (0ms)
		ExecutionOrderSort2 (0ms)
		AwakeInstancesAfterBackupRestoration (10ms)
Launched and connected shader compiler UnityShaderCompiler.exe after 0.07 seconds
Refreshing native plugins compatible for Editor in 3.28 ms, found 3 plugins.
Preloading 0 native plugins for Editor in 0.00 ms.
Unloading 3087 Unused Serialized files (Serialized files now loaded: 0)
Unloading 31 unused Assets / (56.3 KB). Loaded Objects now: 3551.
Memory consumption went from 115.5 MB to 115.5 MB.
Total: 7.734600 ms (FindLiveObjects: 0.353400 ms CreateObjectMapping: 0.274100 ms MarkObjects: 6.809600 ms  DeleteObjects: 0.295800 ms)

AssetImportParameters requested are different than current active one (requested -> active):
  custom:container-demuxer-ogg: 62fdf1f143b41e24485cea50d1cbac27 -> 
  custom:video-codec-MediaFoundation-h265: 746d11721c4dcdbdad8f713fa42b33f4 -> 
  custom:video-decoder-ogg-theora: a1e56fd34408186e4bbccfd4996cb3dc -> 
  custom:framework-win-MediaFoundation: 216162199b28c13a410421893ffa2e32 -> 
  custom:CustomObjectIndexerAttribute: 756ad292c208cfabdd7b50bc23989ffe -> 
  custom:container-demuxer-webm: 4f35f7cbe854078d1ac9338744f61a02 -> 
  custom:container-muxer-webm: aa71ff27fc2769a1b78a27578f13a17b -> 
  custom:video-decoder-webm-vp8: 9c59270c3fd7afecdb556c50c9e8de78 -> 
  custom:SearchIndexIgnoredProperties: e643bd26f0fe6173181afceb89e7c659 -> 
  custom:AudioImporter_EditorPlatform: d09bf68614088b80899f8185d706f6e7 -> 
  custom:video-encoder-webm-vp8: eb34c28f22e8b96e1ab97ce403110664 -> 
  custom:audio-decoder-ogg-vorbis: bf7c407c2cedff20999df2af8eb42d56 -> 
  custom:audio-encoder-webm-vorbis: bf7c407c2cedff20999df2af8eb42d56 -> 
========================================================================
Received Import Request.
  Time since last request: 158067.490946 seconds.
  path: Assets/Prefabs/Chunks.fbx
  artifactKey: Guid(02bc44908f1b68f4fbd22bd6a72e0f8c) Importer(815301076,1909f56bfc062723c751e8b465ee728b)
Start importing Assets/Prefabs/Chunks.fbx using Guid(02bc44908f1b68f4fbd22bd6a72e0f8c) Importer(815301076,1909f56bfc062723c751e8b465ee728b)  -> (artifact id: 'd320f6fbe6448e21b0c36f7f9e98418d') in 0.320979 seconds
Number of updated asset objects reloaded before import = 0
Number of asset objects unloaded after import = 66
========================================================================
Received Import Request.
  Time since last request: 210.645357 seconds.
  path: Assets/Resources/HoloframeParts
  artifactKey: Guid(89bb7dd94b18821469d546b730142b3d) Importer(815301076,1909f56bfc062723c751e8b465ee728b)
Start importing Assets/Resources/HoloframeParts using Guid(89bb7dd94b18821469d546b730142b3d) Importer(815301076,1909f56bfc062723c751e8b465ee728b)  -> (artifact id: '0de060a40eebb884d0629419cc055543') in 0.000684 seconds
Number of updated asset objects reloaded before import = 0
Number of asset objects unloaded after import = 0
========================================================================
Received Import Request.
  Time since last request: 0.664318 seconds.
  path: Assets/Resources/Chunks/Chunk2.prefab
  artifactKey: Guid(1d3b73f0896447143a3e44ae3b69e273) Importer(815301076,1909f56bfc062723c751e8b465ee728b)
Start importing Assets/Resources/Chunks/Chunk2.prefab using Guid(1d3b73f0896447143a3e44ae3b69e273) Importer(815301076,1909f56bfc062723c751e8b465ee728b)  -> (artifact id: '26e8ab5e0aafd2bb2836e9fc3ae7302e') in 0.037435 seconds
Number of updated asset objects reloaded before import = 0
Number of asset objects unloaded after import = 71
========================================================================
Received Import Request.
  Time since last request: 16.345414 seconds.
  path: Assets/Resources/Chunks/Chunk2.prefab
  artifactKey: Guid(1d3b73f0896447143a3e44ae3b69e273) Importer(815301076,1909f56bfc062723c751e8b465ee728b)
Start importing Assets/Resources/Chunks/Chunk2.prefab using Guid(1d3b73f0896447143a3e44ae3b69e273) Importer(815301076,1909f56bfc062723c751e8b465ee728b)  -> (artifact id: 'a60e2fa4f60b7e68c37a3cfeb98f7460') in 0.027255 seconds
Number of updated asset objects reloaded before import = 0
Number of asset objects unloaded after import = 71
========================================================================
Received Import Request.
  Time since last request: 1.173779 seconds.
  path: Assets/Resources/Chunks/Chunk2.prefab
  artifactKey: Guid(1d3b73f0896447143a3e44ae3b69e273) Importer(815301076,1909f56bfc062723c751e8b465ee728b)
Start importing Assets/Resources/Chunks/Chunk2.prefab using Guid(1d3b73f0896447143a3e44ae3b69e273) Importer(815301076,1909f56bfc062723c751e8b465ee728b)  -> (artifact id: 'a16dbd7b72480a0f47c64d8a559ef321') in 0.028090 seconds
Number of updated asset objects reloaded before import = 0
Number of asset objects unloaded after import = 71
========================================================================
Received Import Request.
  Time since last request: 1.181710 seconds.
  path: Assets/Resources/Chunks/Chunk2.prefab
  artifactKey: Guid(1d3b73f0896447143a3e44ae3b69e273) Importer(815301076,1909f56bfc062723c751e8b465ee728b)
Start importing Assets/Resources/Chunks/Chunk2.prefab using Guid(1d3b73f0896447143a3e44ae3b69e273) Importer(815301076,1909f56bfc062723c751e8b465ee728b)  -> (artifact id: '3ddb9a7f683af5f79920374affb5350a') in 0.022842 seconds
Number of updated asset objects reloaded before import = 0
Number of asset objects unloaded after import = 71
========================================================================
Received Import Request.
  Time since last request: 5.239357 seconds.
  path: Assets/Resources/Chunks/Chunk2.prefab
  artifactKey: Guid(1d3b73f0896447143a3e44ae3b69e273) Importer(815301076,1909f56bfc062723c751e8b465ee728b)
Start importing Assets/Resources/Chunks/Chunk2.prefab using Guid(1d3b73f0896447143a3e44ae3b69e273) Importer(815301076,1909f56bfc062723c751e8b465ee728b)  -> (artifact id: 'fdfd57286b208236ffa02bc4f54450a6') in 0.024346 seconds
Number of updated asset objects reloaded before import = 0
Number of asset objects unloaded after import = 71
========================================================================
Received Import Request.
  Time since last request: 1.837840 seconds.
  path: Assets/Resources/Chunks/Chunk2.prefab
  artifactKey: Guid(1d3b73f0896447143a3e44ae3b69e273) Importer(815301076,1909f56bfc062723c751e8b465ee728b)
Start importing Assets/Resources/Chunks/Chunk2.prefab using Guid(1d3b73f0896447143a3e44ae3b69e273) Importer(815301076,1909f56bfc062723c751e8b465ee728b)  -> (artifact id: '5b0fde931fa438e96d1ccfeb1e080bff') in 0.024299 seconds
Number of updated asset objects reloaded before import = 0
Number of asset objects unloaded after import = 71
========================================================================
Received Import Request.
  Time since last request: 28.006427 seconds.
  path: Assets/Resources/Chunks/Chunk2.prefab
  artifactKey: Guid(1d3b73f0896447143a3e44ae3b69e273) Importer(815301076,1909f56bfc062723c751e8b465ee728b)
Start importing Assets/Resources/Chunks/Chunk2.prefab using Guid(1d3b73f0896447143a3e44ae3b69e273) Importer(815301076,1909f56bfc062723c751e8b465ee728b)  -> (artifact id: 'fba2d2117aa52c7c68936d6d96c1d834') in 0.032050 seconds
Number of updated asset objects reloaded before import = 0
Number of asset objects unloaded after import = 71
========================================================================
Received Import Request.
  Time since last request: 4.211609 seconds.
  path: Assets/Resources/Chunks/Chunk2.prefab
  artifactKey: Guid(1d3b73f0896447143a3e44ae3b69e273) Importer(815301076,1909f56bfc062723c751e8b465ee728b)
Start importing Assets/Resources/Chunks/Chunk2.prefab using Guid(1d3b73f0896447143a3e44ae3b69e273) Importer(815301076,1909f56bfc062723c751e8b465ee728b)  -> (artifact id: '07f9609ea800f0687d6a3eaa8af36ca8') in 0.029048 seconds
Number of updated asset objects reloaded before import = 0
Number of asset objects unloaded after import = 71
========================================================================
Received Import Request.
  Time since last request: 1.787212 seconds.
  path: Assets/Resources/Chunks/Chunk2.prefab
  artifactKey: Guid(1d3b73f0896447143a3e44ae3b69e273) Importer(815301076,1909f56bfc062723c751e8b465ee728b)
Start importing Assets/Resources/Chunks/Chunk2.prefab using Guid(1d3b73f0896447143a3e44ae3b69e273) Importer(815301076,1909f56bfc062723c751e8b465ee728b)  -> (artifact id: 'a2edf0da868b9a4d93cd68c662152456') in 0.028860 seconds
Number of updated asset objects reloaded before import = 0
Number of asset objects unloaded after import = 71
========================================================================
Received Import Request.
  Time since last request: 1.992023 seconds.
  path: Assets/Resources/Chunks/Chunk2.prefab
  artifactKey: Guid(1d3b73f0896447143a3e44ae3b69e273) Importer(815301076,1909f56bfc062723c751e8b465ee728b)
Start importing Assets/Resources/Chunks/Chunk2.prefab using Guid(1d3b73f0896447143a3e44ae3b69e273) Importer(815301076,1909f56bfc062723c751e8b465ee728b)  -> (artifact id: '6fff276a5f40906ad88d4b827212ebd0') in 0.028621 seconds
Number of updated asset objects reloaded before import = 0
Number of asset objects unloaded after import = 71
========================================================================
Received Import Request.
  Time since last request: 5.621757 seconds.
  path: Assets/Resources/Chunks/Chunk2.prefab
  artifactKey: Guid(1d3b73f0896447143a3e44ae3b69e273) Importer(815301076,1909f56bfc062723c751e8b465ee728b)
Start importing Assets/Resources/Chunks/Chunk2.prefab using Guid(1d3b73f0896447143a3e44ae3b69e273) Importer(815301076,1909f56bfc062723c751e8b465ee728b)  -> (artifact id: '75244141263e2a536addd0b34f16865b') in 0.026569 seconds
Number of updated asset objects reloaded before import = 0
Number of asset objects unloaded after import = 80
========================================================================
Received Import Request.
  Time since last request: 0.980261 seconds.
  path: Assets/Resources/Chunks/Chunk2.prefab
  artifactKey: Guid(1d3b73f0896447143a3e44ae3b69e273) Importer(815301076,1909f56bfc062723c751e8b465ee728b)
Start importing Assets/Resources/Chunks/Chunk2.prefab using Guid(1d3b73f0896447143a3e44ae3b69e273) Importer(815301076,1909f56bfc062723c751e8b465ee728b)  -> (artifact id: '5f226f701dc42341258b7f397ba59d3a') in 0.028390 seconds
Number of updated asset objects reloaded before import = 0
Number of asset objects unloaded after import = 80
========================================================================
Received Prepare
Begin MonoManager ReloadAssembly
Symbol file LoadedFromMemory doesn't match image D:\Uni work\GAM20003\ChromaShift\ChromaShift\Library\PackageCache\com.unity.visualscripting@1.8.0\Editor\VisualScripting.Core\Dependencies\YamlDotNet\Unity.VisualScripting.YamlDotNet.dll
Symbol file LoadedFromMemory doesn't match image D:\Uni work\GAM20003\ChromaShift\ChromaShift\Library\PackageCache\com.unity.visualscripting@1.8.0\Editor\VisualScripting.Core\Dependencies\DotNetZip\Unity.VisualScripting.IonicZip.dll
- Loaded All Assemblies, in  2.772 seconds
Refreshing native plugins compatible for Editor in 8.55 ms, found 3 plugins.
Native extension for WindowsStandalone target not found
Mono: successfully reloaded assembly
- Finished resetting the current domain, in  1.403 seconds
Domain Reload Profiling: 4176ms
	BeginReloadAssembly (168ms)
		ExecutionOrderSort (0ms)
		DisableScriptedObjects (5ms)
		BackupInstance (0ms)
		ReleaseScriptingObjects (0ms)
		CreateAndSetChildDomain (42ms)
	RebuildCommonClasses (44ms)
	RebuildNativeTypeToScriptingClass (12ms)
	initialDomainReloadingComplete (43ms)
	LoadAllAssembliesAndSetupDomain (2505ms)
		LoadAssemblies (2472ms)
		RebuildTransferFunctionScriptingTraits (0ms)
		AnalyzeDomain (116ms)
			TypeCache.Refresh (77ms)
				TypeCache.ScanAssembly (0ms)
			ScanForSourceGeneratedMonoScriptInfo (1ms)
			ResolveRequiredComponents (27ms)
	FinalizeReload (1404ms)
		ReleaseScriptCaches (0ms)
		RebuildScriptCaches (0ms)
		SetupLoadedEditorAssemblies (562ms)
			LogAssemblyErrors (0ms)
			InitializePlatformSupportModulesInManaged (9ms)
			SetLoadedEditorAssemblies (9ms)
			RefreshPlugins (0ms)
			BeforeProcessingInitializeOnLoad (110ms)
			ProcessInitializeOnLoadAttributes (398ms)
			ProcessInitializeOnLoadMethodAttributes (33ms)
			AfterProcessingInitializeOnLoad (4ms)
			EditorAssembliesLoaded (0ms)
		ExecutionOrderSort2 (0ms)
		AwakeInstancesAfterBackupRestoration (21ms)
Refreshing native plugins compatible for Editor in 3.58 ms, found 3 plugins.
Preloading 0 native plugins for Editor in 0.00 ms.
Unloading 3077 Unused Serialized files (Serialized files now loaded: 0)
Unloading 22 unused Assets / (30.6 KB). Loaded Objects now: 3599.
Memory consumption went from 118.7 MB to 118.7 MB.
Total: 7.680700 ms (FindLiveObjects: 0.575400 ms CreateObjectMapping: 0.460600 ms MarkObjects: 6.468600 ms  DeleteObjects: 0.174400 ms)

Prepare: number of updated asset objects reloaded= 0
AssetImportParameters requested are different than current active one (requested -> active):
  custom:container-demuxer-ogg: 62fdf1f143b41e24485cea50d1cbac27 -> 
  custom:video-codec-MediaFoundation-h265: 746d11721c4dcdbdad8f713fa42b33f4 -> 
  custom:video-decoder-ogg-theora: a1e56fd34408186e4bbccfd4996cb3dc -> 
  custom:framework-win-MediaFoundation: 216162199b28c13a410421893ffa2e32 -> 
  custom:CustomObjectIndexerAttribute: 756ad292c208cfabdd7b50bc23989ffe -> 
  custom:container-demuxer-webm: 4f35f7cbe854078d1ac9338744f61a02 -> 
  custom:container-muxer-webm: aa71ff27fc2769a1b78a27578f13a17b -> 
  custom:video-decoder-webm-vp8: 9c59270c3fd7afecdb556c50c9e8de78 -> 
  custom:SearchIndexIgnoredProperties: e643bd26f0fe6173181afceb89e7c659 -> 
  custom:AudioImporter_EditorPlatform: d09bf68614088b80899f8185d706f6e7 -> 
  custom:video-encoder-webm-vp8: eb34c28f22e8b96e1ab97ce403110664 -> 
  custom:audio-decoder-ogg-vorbis: bf7c407c2cedff20999df2af8eb42d56 -> 
  custom:audio-encoder-webm-vorbis: bf7c407c2cedff20999df2af8eb42d56 -> 
========================================================================
Received Prepare
Begin MonoManager ReloadAssembly
Symbol file LoadedFromMemory doesn't match image D:\Uni work\GAM20003\ChromaShift\ChromaShift\Library\PackageCache\com.unity.visualscripting@1.8.0\Editor\VisualScripting.Core\Dependencies\YamlDotNet\Unity.VisualScripting.YamlDotNet.dll
Symbol file LoadedFromMemory doesn't match image D:\Uni work\GAM20003\ChromaShift\ChromaShift\Library\PackageCache\com.unity.visualscripting@1.8.0\Editor\VisualScripting.Core\Dependencies\DotNetZip\Unity.VisualScripting.IonicZip.dll
- Loaded All Assemblies, in  0.462 seconds
Refreshing native plugins compatible for Editor in 1.72 ms, found 3 plugins.
Native extension for WindowsStandalone target not found
Mono: successfully reloaded assembly
- Finished resetting the current domain, in  0.937 seconds
Domain Reload Profiling: 1399ms
	BeginReloadAssembly (167ms)
		ExecutionOrderSort (0ms)
		DisableScriptedObjects (6ms)
		BackupInstance (0ms)
		ReleaseScriptingObjects (0ms)
		CreateAndSetChildDomain (50ms)
	RebuildCommonClasses (42ms)
	RebuildNativeTypeToScriptingClass (14ms)
	initialDomainReloadingComplete (30ms)
	LoadAllAssembliesAndSetupDomain (209ms)
		LoadAssemblies (277ms)
		RebuildTransferFunctionScriptingTraits (0ms)
		AnalyzeDomain (14ms)
			TypeCache.Refresh (7ms)
				TypeCache.ScanAssembly (0ms)
			ScanForSourceGeneratedMonoScriptInfo (0ms)
			ResolveRequiredComponents (5ms)
	FinalizeReload (938ms)
		ReleaseScriptCaches (0ms)
		RebuildScriptCaches (0ms)
		SetupLoadedEditorAssemblies (532ms)
			LogAssemblyErrors (0ms)
			InitializePlatformSupportModulesInManaged (5ms)
			SetLoadedEditorAssemblies (5ms)
			RefreshPlugins (0ms)
			BeforeProcessingInitializeOnLoad (57ms)
			ProcessInitializeOnLoadAttributes (395ms)
			ProcessInitializeOnLoadMethodAttributes (67ms)
			AfterProcessingInitializeOnLoad (3ms)
			EditorAssembliesLoaded (0ms)
		ExecutionOrderSort2 (0ms)
		AwakeInstancesAfterBackupRestoration (11ms)
Refreshing native plugins compatible for Editor in 3.33 ms, found 3 plugins.
Preloading 0 native plugins for Editor in 0.00 ms.
Unloading 3078 Unused Serialized files (Serialized files now loaded: 0)
Unloading 22 unused Assets / (30.5 KB). Loaded Objects now: 3602.
Memory consumption went from 119.0 MB to 118.9 MB.
Total: 11.266900 ms (FindLiveObjects: 0.790300 ms CreateObjectMapping: 0.826200 ms MarkObjects: 9.423900 ms  DeleteObjects: 0.223900 ms)

Prepare: number of updated asset objects reloaded= 0
AssetImportParameters requested are different than current active one (requested -> active):
  custom:container-demuxer-ogg: 62fdf1f143b41e24485cea50d1cbac27 -> 
  custom:video-codec-MediaFoundation-h265: 746d11721c4dcdbdad8f713fa42b33f4 -> 
  custom:video-decoder-ogg-theora: a1e56fd34408186e4bbccfd4996cb3dc -> 
  custom:framework-win-MediaFoundation: 216162199b28c13a410421893ffa2e32 -> 
  custom:CustomObjectIndexerAttribute: 756ad292c208cfabdd7b50bc23989ffe -> 
  custom:container-demuxer-webm: 4f35f7cbe854078d1ac9338744f61a02 -> 
  custom:container-muxer-webm: aa71ff27fc2769a1b78a27578f13a17b -> 
  custom:video-decoder-webm-vp8: 9c59270c3fd7afecdb556c50c9e8de78 -> 
  custom:SearchIndexIgnoredProperties: e643bd26f0fe6173181afceb89e7c659 -> 
  custom:AudioImporter_EditorPlatform: d09bf68614088b80899f8185d706f6e7 -> 
  custom:video-encoder-webm-vp8: eb34c28f22e8b96e1ab97ce403110664 -> 
  custom:audio-decoder-ogg-vorbis: bf7c407c2cedff20999df2af8eb42d56 -> 
  custom:audio-encoder-webm-vorbis: bf7c407c2cedff20999df2af8eb42d56 -> 
========================================================================
Received Prepare
Begin MonoManager ReloadAssembly
Symbol file LoadedFromMemory doesn't match image D:\Uni work\GAM20003\ChromaShift\ChromaShift\Library\PackageCache\com.unity.visualscripting@1.8.0\Editor\VisualScripting.Core\Dependencies\YamlDotNet\Unity.VisualScripting.YamlDotNet.dll
Symbol file LoadedFromMemory doesn't match image D:\Uni work\GAM20003\ChromaShift\ChromaShift\Library\PackageCache\com.unity.visualscripting@1.8.0\Editor\VisualScripting.Core\Dependencies\DotNetZip\Unity.VisualScripting.IonicZip.dll
- Loaded All Assemblies, in  0.424 seconds
Refreshing native plugins compatible for Editor in 1.49 ms, found 3 plugins.
Native extension for WindowsStandalone target not found
Mono: successfully reloaded assembly
- Finished resetting the current domain, in  0.866 seconds
Domain Reload Profiling: 1291ms
	BeginReloadAssembly (158ms)
		ExecutionOrderSort (0ms)
		DisableScriptedObjects (6ms)
		BackupInstance (0ms)
		ReleaseScriptingObjects (0ms)
		CreateAndSetChildDomain (35ms)
	RebuildCommonClasses (41ms)
	RebuildNativeTypeToScriptingClass (12ms)
	initialDomainReloadingComplete (25ms)
	LoadAllAssembliesAndSetupDomain (188ms)
		LoadAssemblies (261ms)
		RebuildTransferFunctionScriptingTraits (0ms)
		AnalyzeDomain (13ms)
			TypeCache.Refresh (6ms)
				TypeCache.ScanAssembly (0ms)
			ScanForSourceGeneratedMonoScriptInfo (0ms)
			ResolveRequiredComponents (5ms)
	FinalizeReload (867ms)
		ReleaseScriptCaches (0ms)
		RebuildScriptCaches (0ms)
		SetupLoadedEditorAssemblies (455ms)
			LogAssemblyErrors (0ms)
			InitializePlatformSupportModulesInManaged (4ms)
			SetLoadedEditorAssemblies (5ms)
			RefreshPlugins (0ms)
			BeforeProcessingInitializeOnLoad (58ms)
			ProcessInitializeOnLoadAttributes (350ms)
			ProcessInitializeOnLoadMethodAttributes (34ms)
			AfterProcessingInitializeOnLoad (3ms)
			EditorAssembliesLoaded (0ms)
		ExecutionOrderSort2 (0ms)
		AwakeInstancesAfterBackupRestoration (13ms)
Refreshing native plugins compatible for Editor in 2.73 ms, found 3 plugins.
Preloading 0 native plugins for Editor in 0.00 ms.
Unloading 3078 Unused Serialized files (Serialized files now loaded: 0)
Unloading 22 unused Assets / (30.5 KB). Loaded Objects now: 3605.
Memory consumption went from 119.0 MB to 118.9 MB.
Total: 8.250700 ms (FindLiveObjects: 1.287700 ms CreateObjectMapping: 1.054000 ms MarkObjects: 5.771000 ms  DeleteObjects: 0.134600 ms)

Prepare: number of updated asset objects reloaded= 0
AssetImportParameters requested are different than current active one (requested -> active):
  custom:container-demuxer-ogg: 62fdf1f143b41e24485cea50d1cbac27 -> 
  custom:video-codec-MediaFoundation-h265: 746d11721c4dcdbdad8f713fa42b33f4 -> 
  custom:video-decoder-ogg-theora: a1e56fd34408186e4bbccfd4996cb3dc -> 
  custom:framework-win-MediaFoundation: 216162199b28c13a410421893ffa2e32 -> 
  custom:CustomObjectIndexerAttribute: 756ad292c208cfabdd7b50bc23989ffe -> 
  custom:container-demuxer-webm: 4f35f7cbe854078d1ac9338744f61a02 -> 
  custom:container-muxer-webm: aa71ff27fc2769a1b78a27578f13a17b -> 
  custom:video-decoder-webm-vp8: 9c59270c3fd7afecdb556c50c9e8de78 -> 
  custom:SearchIndexIgnoredProperties: e643bd26f0fe6173181afceb89e7c659 -> 
  custom:AudioImporter_EditorPlatform: d09bf68614088b80899f8185d706f6e7 -> 
  custom:video-encoder-webm-vp8: eb34c28f22e8b96e1ab97ce403110664 -> 
  custom:audio-decoder-ogg-vorbis: bf7c407c2cedff20999df2af8eb42d56 -> 
  custom:audio-encoder-webm-vorbis: bf7c407c2cedff20999df2af8eb42d56 -> 
========================================================================
Received Prepare
Begin MonoManager ReloadAssembly
Symbol file LoadedFromMemory doesn't match image D:\Uni work\GAM20003\ChromaShift\ChromaShift\Library\PackageCache\com.unity.visualscripting@1.8.0\Editor\VisualScripting.Core\Dependencies\YamlDotNet\Unity.VisualScripting.YamlDotNet.dll
Symbol file LoadedFromMemory doesn't match image D:\Uni work\GAM20003\ChromaShift\ChromaShift\Library\PackageCache\com.unity.visualscripting@1.8.0\Editor\VisualScripting.Core\Dependencies\DotNetZip\Unity.VisualScripting.IonicZip.dll
- Loaded All Assemblies, in  0.421 seconds
Refreshing native plugins compatible for Editor in 2.43 ms, found 3 plugins.
Native extension for WindowsStandalone target not found
Mono: successfully reloaded assembly
- Finished resetting the current domain, in  0.823 seconds
Domain Reload Profiling: 1244ms
	BeginReloadAssembly (159ms)
		ExecutionOrderSort (0ms)
		DisableScriptedObjects (8ms)
		BackupInstance (0ms)
		ReleaseScriptingObjects (0ms)
		CreateAndSetChildDomain (32ms)
	RebuildCommonClasses (35ms)
	RebuildNativeTypeToScriptingClass (12ms)
	initialDomainReloadingComplete (25ms)
	LoadAllAssembliesAndSetupDomain (190ms)
		LoadAssemblies (257ms)
		RebuildTransferFunctionScriptingTraits (0ms)
		AnalyzeDomain (16ms)
			TypeCache.Refresh (7ms)
				TypeCache.ScanAssembly (0ms)
			ScanForSourceGeneratedMonoScriptInfo (0ms)
			ResolveRequiredComponents (8ms)
	FinalizeReload (824ms)
		ReleaseScriptCaches (0ms)
		RebuildScriptCaches (0ms)
		SetupLoadedEditorAssemblies (439ms)
			LogAssemblyErrors (0ms)
			InitializePlatformSupportModulesInManaged (5ms)
			SetLoadedEditorAssemblies (6ms)
			RefreshPlugins (0ms)
			BeforeProcessingInitializeOnLoad (60ms)
			ProcessInitializeOnLoadAttributes (331ms)
			ProcessInitializeOnLoadMethodAttributes (33ms)
			AfterProcessingInitializeOnLoad (4ms)
			EditorAssembliesLoaded (0ms)
		ExecutionOrderSort2 (0ms)
		AwakeInstancesAfterBackupRestoration (13ms)
Refreshing native plugins compatible for Editor in 4.29 ms, found 3 plugins.
Preloading 0 native plugins for Editor in 0.00 ms.
Unloading 3078 Unused Serialized files (Serialized files now loaded: 0)
Unloading 22 unused Assets / (30.5 KB). Loaded Objects now: 3608.
Memory consumption went from 119.0 MB to 118.9 MB.
Total: 7.510900 ms (FindLiveObjects: 0.744400 ms CreateObjectMapping: 1.154800 ms MarkObjects: 5.481200 ms  DeleteObjects: 0.128900 ms)

Prepare: number of updated asset objects reloaded= 0
AssetImportParameters requested are different than current active one (requested -> active):
  custom:container-demuxer-ogg: 62fdf1f143b41e24485cea50d1cbac27 -> 
  custom:video-codec-MediaFoundation-h265: 746d11721c4dcdbdad8f713fa42b33f4 -> 
  custom:video-decoder-ogg-theora: a1e56fd34408186e4bbccfd4996cb3dc -> 
  custom:framework-win-MediaFoundation: 216162199b28c13a410421893ffa2e32 -> 
  custom:CustomObjectIndexerAttribute: 756ad292c208cfabdd7b50bc23989ffe -> 
  custom:container-demuxer-webm: 4f35f7cbe854078d1ac9338744f61a02 -> 
  custom:container-muxer-webm: aa71ff27fc2769a1b78a27578f13a17b -> 
  custom:video-decoder-webm-vp8: 9c59270c3fd7afecdb556c50c9e8de78 -> 
  custom:SearchIndexIgnoredProperties: e643bd26f0fe6173181afceb89e7c659 -> 
  custom:AudioImporter_EditorPlatform: d09bf68614088b80899f8185d706f6e7 -> 
  custom:video-encoder-webm-vp8: eb34c28f22e8b96e1ab97ce403110664 -> 
  custom:audio-decoder-ogg-vorbis: bf7c407c2cedff20999df2af8eb42d56 -> 
  custom:audio-encoder-webm-vorbis: bf7c407c2cedff20999df2af8eb42d56 -> 
========================================================================
Received Prepare
Begin MonoManager ReloadAssembly
Symbol file LoadedFromMemory doesn't match image D:\Uni work\GAM20003\ChromaShift\ChromaShift\Library\PackageCache\com.unity.visualscripting@1.8.0\Editor\VisualScripting.Core\Dependencies\YamlDotNet\Unity.VisualScripting.YamlDotNet.dll
Symbol file LoadedFromMemory doesn't match image D:\Uni work\GAM20003\ChromaShift\ChromaShift\Library\PackageCache\com.unity.visualscripting@1.8.0\Editor\VisualScripting.Core\Dependencies\DotNetZip\Unity.VisualScripting.IonicZip.dll
- Loaded All Assemblies, in  0.413 seconds
Refreshing native plugins compatible for Editor in 1.56 ms, found 3 plugins.
Native extension for WindowsStandalone target not found
Mono: successfully reloaded assembly
- Finished resetting the current domain, in  0.799 seconds
Domain Reload Profiling: 1212ms
	BeginReloadAssembly (154ms)
		ExecutionOrderSort (0ms)
		DisableScriptedObjects (6ms)
		BackupInstance (0ms)
		ReleaseScriptingObjects (0ms)
		CreateAndSetChildDomain (37ms)
	RebuildCommonClasses (34ms)
	RebuildNativeTypeToScriptingClass (12ms)
	initialDomainReloadingComplete (24ms)
	LoadAllAssembliesAndSetupDomain (189ms)
		LoadAssemblies (258ms)
		RebuildTransferFunctionScriptingTraits (0ms)
		AnalyzeDomain (13ms)
			TypeCache.Refresh (7ms)
				TypeCache.ScanAssembly (0ms)
			ScanForSourceGeneratedMonoScriptInfo (0ms)
			ResolveRequiredComponents (5ms)
	FinalizeReload (799ms)
		ReleaseScriptCaches (0ms)
		RebuildScriptCaches (0ms)
		SetupLoadedEditorAssemblies (416ms)
			LogAssemblyErrors (0ms)
			InitializePlatformSupportModulesInManaged (4ms)
			SetLoadedEditorAssemblies (5ms)
			RefreshPlugins (0ms)
			BeforeProcessingInitializeOnLoad (62ms)
			ProcessInitializeOnLoadAttributes (322ms)
			ProcessInitializeOnLoadMethodAttributes (20ms)
			AfterProcessingInitializeOnLoad (2ms)
			EditorAssembliesLoaded (0ms)
		ExecutionOrderSort2 (0ms)
		AwakeInstancesAfterBackupRestoration (7ms)
Refreshing native plugins compatible for Editor in 2.69 ms, found 3 plugins.
Preloading 0 native plugins for Editor in 0.00 ms.
Unloading 3078 Unused Serialized files (Serialized files now loaded: 0)
Unloading 22 unused Assets / (30.5 KB). Loaded Objects now: 3611.
Memory consumption went from 119.0 MB to 118.9 MB.
Total: 7.757900 ms (FindLiveObjects: 2.216800 ms CreateObjectMapping: 1.044900 ms MarkObjects: 4.207400 ms  DeleteObjects: 0.276900 ms)

Prepare: number of updated asset objects reloaded= 0
AssetImportParameters requested are different than current active one (requested -> active):
  custom:container-demuxer-ogg: 62fdf1f143b41e24485cea50d1cbac27 -> 
  custom:video-codec-MediaFoundation-h265: 746d11721c4dcdbdad8f713fa42b33f4 -> 
  custom:video-decoder-ogg-theora: a1e56fd34408186e4bbccfd4996cb3dc -> 
  custom:framework-win-MediaFoundation: 216162199b28c13a410421893ffa2e32 -> 
  custom:CustomObjectIndexerAttribute: 756ad292c208cfabdd7b50bc23989ffe -> 
  custom:container-demuxer-webm: 4f35f7cbe854078d1ac9338744f61a02 -> 
  custom:container-muxer-webm: aa71ff27fc2769a1b78a27578f13a17b -> 
  custom:video-decoder-webm-vp8: 9c59270c3fd7afecdb556c50c9e8de78 -> 
  custom:SearchIndexIgnoredProperties: e643bd26f0fe6173181afceb89e7c659 -> 
  custom:AudioImporter_EditorPlatform: d09bf68614088b80899f8185d706f6e7 -> 
  custom:video-encoder-webm-vp8: eb34c28f22e8b96e1ab97ce403110664 -> 
  custom:audio-decoder-ogg-vorbis: bf7c407c2cedff20999df2af8eb42d56 -> 
  custom:audio-encoder-webm-vorbis: bf7c407c2cedff20999df2af8eb42d56 -> 
========================================================================
Received Prepare
Begin MonoManager ReloadAssembly
Symbol file LoadedFromMemory doesn't match image D:\Uni work\GAM20003\ChromaShift\ChromaShift\Library\PackageCache\com.unity.visualscripting@1.8.0\Editor\VisualScripting.Core\Dependencies\YamlDotNet\Unity.VisualScripting.YamlDotNet.dll
Symbol file LoadedFromMemory doesn't match image D:\Uni work\GAM20003\ChromaShift\ChromaShift\Library\PackageCache\com.unity.visualscripting@1.8.0\Editor\VisualScripting.Core\Dependencies\DotNetZip\Unity.VisualScripting.IonicZip.dll
- Loaded All Assemblies, in  0.419 seconds
Refreshing native plugins compatible for Editor in 2.32 ms, found 3 plugins.
Native extension for WindowsStandalone target not found
Mono: successfully reloaded assembly
- Finished resetting the current domain, in  0.765 seconds
Domain Reload Profiling: 1183ms
	BeginReloadAssembly (151ms)
		ExecutionOrderSort (0ms)
		DisableScriptedObjects (9ms)
		BackupInstance (0ms)
		ReleaseScriptingObjects (0ms)
		CreateAndSetChildDomain (33ms)
	RebuildCommonClasses (34ms)
	RebuildNativeTypeToScriptingClass (12ms)
	initialDomainReloadingComplete (24ms)
	LoadAllAssembliesAndSetupDomain (198ms)
		LoadAssemblies (259ms)
		RebuildTransferFunctionScriptingTraits (0ms)
		AnalyzeDomain (18ms)
			TypeCache.Refresh (8ms)
				TypeCache.ScanAssembly (0ms)
			ScanForSourceGeneratedMonoScriptInfo (0ms)
			ResolveRequiredComponents (8ms)
	FinalizeReload (765ms)
		ReleaseScriptCaches (0ms)
		RebuildScriptCaches (0ms)
		SetupLoadedEditorAssemblies (398ms)
			LogAssemblyErrors (0ms)
			InitializePlatformSupportModulesInManaged (5ms)
			SetLoadedEditorAssemblies (5ms)
			RefreshPlugins (0ms)
			BeforeProcessingInitializeOnLoad (58ms)
			ProcessInitializeOnLoadAttributes (301ms)
			ProcessInitializeOnLoadMethodAttributes (25ms)
			AfterProcessingInitializeOnLoad (3ms)
			EditorAssembliesLoaded (0ms)
		ExecutionOrderSort2 (0ms)
		AwakeInstancesAfterBackupRestoration (8ms)
Refreshing native plugins compatible for Editor in 2.40 ms, found 3 plugins.
Preloading 0 native plugins for Editor in 0.00 ms.
Unloading 3078 Unused Serialized files (Serialized files now loaded: 0)
Unloading 22 unused Assets / (30.5 KB). Loaded Objects now: 3614.
Memory consumption went from 119.0 MB to 118.9 MB.
Total: 7.722500 ms (FindLiveObjects: 2.202700 ms CreateObjectMapping: 1.134700 ms MarkObjects: 4.228200 ms  DeleteObjects: 0.151600 ms)

Prepare: number of updated asset objects reloaded= 0
AssetImportParameters requested are different than current active one (requested -> active):
  custom:container-demuxer-ogg: 62fdf1f143b41e24485cea50d1cbac27 -> 
  custom:video-codec-MediaFoundation-h265: 746d11721c4dcdbdad8f713fa42b33f4 -> 
  custom:video-decoder-ogg-theora: a1e56fd34408186e4bbccfd4996cb3dc -> 
  custom:framework-win-MediaFoundation: 216162199b28c13a410421893ffa2e32 -> 
  custom:CustomObjectIndexerAttribute: 756ad292c208cfabdd7b50bc23989ffe -> 
  custom:container-demuxer-webm: 4f35f7cbe854078d1ac9338744f61a02 -> 
  custom:container-muxer-webm: aa71ff27fc2769a1b78a27578f13a17b -> 
  custom:video-decoder-webm-vp8: 9c59270c3fd7afecdb556c50c9e8de78 -> 
  custom:SearchIndexIgnoredProperties: e643bd26f0fe6173181afceb89e7c659 -> 
  custom:AudioImporter_EditorPlatform: d09bf68614088b80899f8185d706f6e7 -> 
  custom:video-encoder-webm-vp8: eb34c28f22e8b96e1ab97ce403110664 -> 
  custom:audio-decoder-ogg-vorbis: bf7c407c2cedff20999df2af8eb42d56 -> 
  custom:audio-encoder-webm-vorbis: bf7c407c2cedff20999df2af8eb42d56 -> 
========================================================================
Received Prepare
Begin MonoManager ReloadAssembly
Symbol file LoadedFromMemory doesn't match image D:\Uni work\GAM20003\ChromaShift\ChromaShift\Library\PackageCache\com.unity.visualscripting@1.8.0\Editor\VisualScripting.Core\Dependencies\YamlDotNet\Unity.VisualScripting.YamlDotNet.dll
Symbol file LoadedFromMemory doesn't match image D:\Uni work\GAM20003\ChromaShift\ChromaShift\Library\PackageCache\com.unity.visualscripting@1.8.0\Editor\VisualScripting.Core\Dependencies\DotNetZip\Unity.VisualScripting.IonicZip.dll
- Loaded All Assemblies, in  0.430 seconds
Refreshing native plugins compatible for Editor in 2.10 ms, found 3 plugins.
Native extension for WindowsStandalone target not found
Mono: successfully reloaded assembly
- Finished resetting the current domain, in  0.832 seconds
Domain Reload Profiling: 1262ms
	BeginReloadAssembly (164ms)
		ExecutionOrderSort (0ms)
		DisableScriptedObjects (6ms)
		BackupInstance (0ms)
		ReleaseScriptingObjects (0ms)
		CreateAndSetChildDomain (39ms)
	RebuildCommonClasses (42ms)
	RebuildNativeTypeToScriptingClass (13ms)
	initialDomainReloadingComplete (23ms)
	LoadAllAssembliesAndSetupDomain (188ms)
		LoadAssemblies (266ms)
		RebuildTransferFunctionScriptingTraits (0ms)
		AnalyzeDomain (12ms)
			TypeCache.Refresh (6ms)
				TypeCache.ScanAssembly (0ms)
			ScanForSourceGeneratedMonoScriptInfo (0ms)
			ResolveRequiredComponents (5ms)
	FinalizeReload (833ms)
		ReleaseScriptCaches (0ms)
		RebuildScriptCaches (0ms)
		SetupLoadedEditorAssemblies (454ms)
			LogAssemblyErrors (0ms)
			InitializePlatformSupportModulesInManaged (4ms)
			SetLoadedEditorAssemblies (5ms)
			RefreshPlugins (0ms)
			BeforeProcessingInitializeOnLoad (53ms)
			ProcessInitializeOnLoadAttributes (352ms)
			ProcessInitializeOnLoadMethodAttributes (36ms)
			AfterProcessingInitializeOnLoad (4ms)
			EditorAssembliesLoaded (0ms)
		ExecutionOrderSort2 (0ms)
		AwakeInstancesAfterBackupRestoration (11ms)
Refreshing native plugins compatible for Editor in 3.11 ms, found 3 plugins.
Preloading 0 native plugins for Editor in 0.00 ms.
Unloading 3078 Unused Serialized files (Serialized files now loaded: 0)
Unloading 22 unused Assets / (30.6 KB). Loaded Objects now: 3617.
Memory consumption went from 119.0 MB to 118.9 MB.
Total: 4.098000 ms (FindLiveObjects: 0.380200 ms CreateObjectMapping: 0.300300 ms MarkObjects: 3.352400 ms  DeleteObjects: 0.063800 ms)

Prepare: number of updated asset objects reloaded= 0
AssetImportParameters requested are different than current active one (requested -> active):
  custom:container-demuxer-ogg: 62fdf1f143b41e24485cea50d1cbac27 -> 
  custom:video-codec-MediaFoundation-h265: 746d11721c4dcdbdad8f713fa42b33f4 -> 
  custom:video-decoder-ogg-theora: a1e56fd34408186e4bbccfd4996cb3dc -> 
  custom:framework-win-MediaFoundation: 216162199b28c13a410421893ffa2e32 -> 
  custom:CustomObjectIndexerAttribute: 756ad292c208cfabdd7b50bc23989ffe -> 
  custom:container-demuxer-webm: 4f35f7cbe854078d1ac9338744f61a02 -> 
  custom:container-muxer-webm: aa71ff27fc2769a1b78a27578f13a17b -> 
  custom:video-decoder-webm-vp8: 9c59270c3fd7afecdb556c50c9e8de78 -> 
  custom:SearchIndexIgnoredProperties: e643bd26f0fe6173181afceb89e7c659 -> 
  custom:AudioImporter_EditorPlatform: d09bf68614088b80899f8185d706f6e7 -> 
  custom:video-encoder-webm-vp8: eb34c28f22e8b96e1ab97ce403110664 -> 
  custom:audio-decoder-ogg-vorbis: bf7c407c2cedff20999df2af8eb42d56 -> 
  custom:audio-encoder-webm-vorbis: bf7c407c2cedff20999df2af8eb42d56 -> 
========================================================================
Received Prepare
Begin MonoManager ReloadAssembly
Symbol file LoadedFromMemory doesn't match image D:\Uni work\GAM20003\ChromaShift\ChromaShift\Library\PackageCache\com.unity.visualscripting@1.8.0\Editor\VisualScripting.Core\Dependencies\YamlDotNet\Unity.VisualScripting.YamlDotNet.dll
Symbol file LoadedFromMemory doesn't match image D:\Uni work\GAM20003\ChromaShift\ChromaShift\Library\PackageCache\com.unity.visualscripting@1.8.0\Editor\VisualScripting.Core\Dependencies\DotNetZip\Unity.VisualScripting.IonicZip.dll
- Loaded All Assemblies, in  0.414 seconds
Refreshing native plugins compatible for Editor in 1.55 ms, found 3 plugins.
Native extension for WindowsStandalone target not found
Mono: successfully reloaded assembly
- Finished resetting the current domain, in  0.777 seconds
Domain Reload Profiling: 1191ms
	BeginReloadAssembly (155ms)
		ExecutionOrderSort (0ms)
		DisableScriptedObjects (8ms)
		BackupInstance (0ms)
		ReleaseScriptingObjects (0ms)
		CreateAndSetChildDomain (33ms)
	RebuildCommonClasses (34ms)
	RebuildNativeTypeToScriptingClass (12ms)
	initialDomainReloadingComplete (26ms)
	LoadAllAssembliesAndSetupDomain (187ms)
		LoadAssemblies (257ms)
		RebuildTransferFunctionScriptingTraits (0ms)
		AnalyzeDomain (14ms)
			TypeCache.Refresh (7ms)
				TypeCache.ScanAssembly (0ms)
			ScanForSourceGeneratedMonoScriptInfo (0ms)
			ResolveRequiredComponents (5ms)
	FinalizeReload (777ms)
		ReleaseScriptCaches (0ms)
		RebuildScriptCaches (0ms)
		SetupLoadedEditorAssemblies (410ms)
			LogAssemblyErrors (0ms)
			InitializePlatformSupportModulesInManaged (4ms)
			SetLoadedEditorAssemblies (5ms)
			RefreshPlugins (0ms)
			BeforeProcessingInitializeOnLoad (54ms)
			ProcessInitializeOnLoadAttributes (320ms)
			ProcessInitializeOnLoadMethodAttributes (23ms)
			AfterProcessingInitializeOnLoad (3ms)
			EditorAssembliesLoaded (0ms)
		ExecutionOrderSort2 (0ms)
		AwakeInstancesAfterBackupRestoration (10ms)
Refreshing native plugins compatible for Editor in 3.18 ms, found 3 plugins.
Preloading 0 native plugins for Editor in 0.00 ms.
Unloading 3078 Unused Serialized files (Serialized files now loaded: 0)
Unloading 22 unused Assets / (30.5 KB). Loaded Objects now: 3620.
Memory consumption went from 119.0 MB to 118.9 MB.
Total: 8.346000 ms (FindLiveObjects: 0.582600 ms CreateObjectMapping: 0.443200 ms MarkObjects: 7.250600 ms  DeleteObjects: 0.068100 ms)

Prepare: number of updated asset objects reloaded= 0
AssetImportParameters requested are different than current active one (requested -> active):
  custom:container-demuxer-ogg: 62fdf1f143b41e24485cea50d1cbac27 -> 
  custom:video-codec-MediaFoundation-h265: 746d11721c4dcdbdad8f713fa42b33f4 -> 
  custom:video-decoder-ogg-theora: a1e56fd34408186e4bbccfd4996cb3dc -> 
  custom:framework-win-MediaFoundation: 216162199b28c13a410421893ffa2e32 -> 
  custom:CustomObjectIndexerAttribute: 756ad292c208cfabdd7b50bc23989ffe -> 
  custom:container-demuxer-webm: 4f35f7cbe854078d1ac9338744f61a02 -> 
  custom:container-muxer-webm: aa71ff27fc2769a1b78a27578f13a17b -> 
  custom:video-decoder-webm-vp8: 9c59270c3fd7afecdb556c50c9e8de78 -> 
  custom:SearchIndexIgnoredProperties: e643bd26f0fe6173181afceb89e7c659 -> 
  custom:AudioImporter_EditorPlatform: d09bf68614088b80899f8185d706f6e7 -> 
  custom:video-encoder-webm-vp8: eb34c28f22e8b96e1ab97ce403110664 -> 
  custom:audio-decoder-ogg-vorbis: bf7c407c2cedff20999df2af8eb42d56 -> 
  custom:audio-encoder-webm-vorbis: bf7c407c2cedff20999df2af8eb42d56 -> 
========================================================================
Received Prepare
Begin MonoManager ReloadAssembly
Symbol file LoadedFromMemory doesn't match image D:\Uni work\GAM20003\ChromaShift\ChromaShift\Library\PackageCache\com.unity.visualscripting@1.8.0\Editor\VisualScripting.Core\Dependencies\YamlDotNet\Unity.VisualScripting.YamlDotNet.dll
Symbol file LoadedFromMemory doesn't match image D:\Uni work\GAM20003\ChromaShift\ChromaShift\Library\PackageCache\com.unity.visualscripting@1.8.0\Editor\VisualScripting.Core\Dependencies\DotNetZip\Unity.VisualScripting.IonicZip.dll
- Loaded All Assemblies, in  0.432 seconds
Refreshing native plugins compatible for Editor in 2.50 ms, found 3 plugins.
Native extension for WindowsStandalone target not found
Mono: successfully reloaded assembly
- Finished resetting the current domain, in  0.820 seconds
Domain Reload Profiling: 1252ms
	BeginReloadAssembly (163ms)
		ExecutionOrderSort (0ms)
		DisableScriptedObjects (8ms)
		BackupInstance (0ms)
		ReleaseScriptingObjects (0ms)
		CreateAndSetChildDomain (45ms)
	RebuildCommonClasses (34ms)
	RebuildNativeTypeToScriptingClass (12ms)
	initialDomainReloadingComplete (24ms)
	LoadAllAssembliesAndSetupDomain (199ms)
		LoadAssemblies (264ms)
		RebuildTransferFunctionScriptingTraits (0ms)
		AnalyzeDomain (15ms)
			TypeCache.Refresh (5ms)
				TypeCache.ScanAssembly (0ms)
			ScanForSourceGeneratedMonoScriptInfo (0ms)
			ResolveRequiredComponents (8ms)
	FinalizeReload (821ms)
		ReleaseScriptCaches (0ms)
		RebuildScriptCaches (0ms)
		SetupLoadedEditorAssemblies (448ms)
			LogAssemblyErrors (0ms)
			InitializePlatformSupportModulesInManaged (4ms)
			SetLoadedEditorAssemblies (5ms)
			RefreshPlugins (0ms)
			BeforeProcessingInitializeOnLoad (54ms)
			ProcessInitializeOnLoadAttributes (350ms)
			ProcessInitializeOnLoadMethodAttributes (30ms)
			AfterProcessingInitializeOnLoad (4ms)
			EditorAssembliesLoaded (0ms)
		ExecutionOrderSort2 (0ms)
		AwakeInstancesAfterBackupRestoration (12ms)
Refreshing native plugins compatible for Editor in 3.92 ms, found 3 plugins.
Preloading 0 native plugins for Editor in 0.00 ms.
Unloading 3078 Unused Serialized files (Serialized files now loaded: 0)
Unloading 22 unused Assets / (30.5 KB). Loaded Objects now: 3623.
Memory consumption went from 119.0 MB to 119.0 MB.
Total: 7.346800 ms (FindLiveObjects: 0.445900 ms CreateObjectMapping: 0.660100 ms MarkObjects: 6.083500 ms  DeleteObjects: 0.155400 ms)

Prepare: number of updated asset objects reloaded= 0
AssetImportParameters requested are different than current active one (requested -> active):
  custom:container-demuxer-ogg: 62fdf1f143b41e24485cea50d1cbac27 -> 
  custom:video-codec-MediaFoundation-h265: 746d11721c4dcdbdad8f713fa42b33f4 -> 
  custom:video-decoder-ogg-theora: a1e56fd34408186e4bbccfd4996cb3dc -> 
  custom:framework-win-MediaFoundation: 216162199b28c13a410421893ffa2e32 -> 
  custom:CustomObjectIndexerAttribute: 756ad292c208cfabdd7b50bc23989ffe -> 
  custom:container-demuxer-webm: 4f35f7cbe854078d1ac9338744f61a02 -> 
  custom:container-muxer-webm: aa71ff27fc2769a1b78a27578f13a17b -> 
  custom:video-decoder-webm-vp8: 9c59270c3fd7afecdb556c50c9e8de78 -> 
  custom:SearchIndexIgnoredProperties: e643bd26f0fe6173181afceb89e7c659 -> 
  custom:AudioImporter_EditorPlatform: d09bf68614088b80899f8185d706f6e7 -> 
  custom:video-encoder-webm-vp8: eb34c28f22e8b96e1ab97ce403110664 -> 
  custom:audio-decoder-ogg-vorbis: bf7c407c2cedff20999df2af8eb42d56 -> 
  custom:audio-encoder-webm-vorbis: bf7c407c2cedff20999df2af8eb42d56 -> 
========================================================================
Received Import Request.
  Time since last request: 490.377682 seconds.
  path: Assets/Resources/Chunks/Chunk2.prefab
  artifactKey: Guid(1d3b73f0896447143a3e44ae3b69e273) Importer(815301076,1909f56bfc062723c751e8b465ee728b)
Start importing Assets/Resources/Chunks/Chunk2.prefab using Guid(1d3b73f0896447143a3e44ae3b69e273) Importer(815301076,1909f56bfc062723c751e8b465ee728b)  -> (artifact id: '1d484fff32312c59c9b9f01c6477c00c') in 0.141902 seconds
Number of updated asset objects reloaded before import = 0
Number of asset objects unloaded after import = 254
========================================================================
Received Import Request.
  Time since last request: 4.970734 seconds.
  path: Assets/Resources/Chunks/Chunk1 .prefab
  artifactKey: Guid(42483004ee504e34b80e787f6b130c4a) Importer(815301076,1909f56bfc062723c751e8b465ee728b)
Start importing Assets/Resources/Chunks/Chunk1 .prefab using Guid(42483004ee504e34b80e787f6b130c4a) Importer(815301076,1909f56bfc062723c751e8b465ee728b)  -> (artifact id: '9f1dca8d9c121a58b92a758d969e67d2') in 0.031132 seconds
Number of updated asset objects reloaded before import = 0
Number of asset objects unloaded after import = 176
========================================================================
Received Import Request.
  Time since last request: 3.461300 seconds.
  path: Assets/Resources/Chunks/Chunk2.prefab
  artifactKey: Guid(1d3b73f0896447143a3e44ae3b69e273) Importer(815301076,1909f56bfc062723c751e8b465ee728b)
Start importing Assets/Resources/Chunks/Chunk2.prefab using Guid(1d3b73f0896447143a3e44ae3b69e273) Importer(815301076,1909f56bfc062723c751e8b465ee728b)  -> (artifact id: '7ff95ce2b6b36ea86fee3d9b94606b45') in 0.041665 seconds
Number of updated asset objects reloaded before import = 0
Number of asset objects unloaded after import = 254
========================================================================
Received Import Request.
  Time since last request: 58.413589 seconds.
  path: Assets/Resources/Chunks/Chunk1 .prefab
  artifactKey: Guid(42483004ee504e34b80e787f6b130c4a) Importer(815301076,1909f56bfc062723c751e8b465ee728b)
Start importing Assets/Resources/Chunks/Chunk1 .prefab using Guid(42483004ee504e34b80e787f6b130c4a) Importer(815301076,1909f56bfc062723c751e8b465ee728b)  -> (artifact id: '2a1d2ca710400e80ac818ac5aad05455') in 0.030323 seconds
Number of updated asset objects reloaded before import = 0
Number of asset objects unloaded after import = 237
========================================================================
Received Import Request.
  Time since last request: 870.106546 seconds.
  path: Assets/Resources/Chunks/Chunk1 .prefab
  artifactKey: Guid(42483004ee504e34b80e787f6b130c4a) Importer(815301076,1909f56bfc062723c751e8b465ee728b)
Start importing Assets/Resources/Chunks/Chunk1 .prefab using Guid(42483004ee504e34b80e787f6b130c4a) Importer(815301076,1909f56bfc062723c751e8b465ee728b)  -> (artifact id: 'e14f18ebd44c3c4e0443e2c32a9bffa5') in 0.099031 seconds
Number of updated asset objects reloaded before import = 0
Number of asset objects unloaded after import = 237
========================================================================
Received Import Request.
  Time since last request: 0.000051 seconds.
  path: Assets/Resources/Chunks/Chunk3.prefab
  artifactKey: Guid(ecc4a421c9327674e9cbba3c26266aa0) Importer(815301076,1909f56bfc062723c751e8b465ee728b)
Start importing Assets/Resources/Chunks/Chunk3.prefab using Guid(ecc4a421c9327674e9cbba3c26266aa0) Importer(815301076,1909f56bfc062723c751e8b465ee728b)  -> (artifact id: '0699f16c46c4445078714e9d16dad140') in 0.042111 seconds
Number of updated asset objects reloaded before import = 0
Number of asset objects unloaded after import = 122
========================================================================
Received Import Request.
  Time since last request: 0.000031 seconds.
  path: Assets/Resources/Chunks/Chunk6.prefab
  artifactKey: Guid(8270df2316de5d9429414bc6ded5f002) Importer(815301076,1909f56bfc062723c751e8b465ee728b)
Start importing Assets/Resources/Chunks/Chunk6.prefab using Guid(8270df2316de5d9429414bc6ded5f002) Importer(815301076,1909f56bfc062723c751e8b465ee728b)  -> (artifact id: 'de194fcc6b3a94e081556bfdd60d0a77') in 0.054476 seconds
Number of updated asset objects reloaded before import = 0
Number of asset objects unloaded after import = 382
========================================================================
Received Import Request.
  Time since last request: 0.000032 seconds.
  path: Assets/Resources/Chunks/Chunk4.prefab
  artifactKey: Guid(8aeaf83fba9afc244afa1414d53820a7) Importer(815301076,1909f56bfc062723c751e8b465ee728b)
Start importing Assets/Resources/Chunks/Chunk4.prefab using Guid(8aeaf83fba9afc244afa1414d53820a7) Importer(815301076,1909f56bfc062723c751e8b465ee728b)  -> (artifact id: 'b47cae9c13ab8b256d4777a4a367c73e') in 0.036171 seconds
Number of updated asset objects reloaded before import = 0
Number of asset objects unloaded after import = 159
========================================================================
Received Import Request.
  Time since last request: 0.000077 seconds.
  path: Assets/Resources/Chunks/Chunk5.prefab
  artifactKey: Guid(68d603206c2847c41ad48fcd9e25060c) Importer(815301076,1909f56bfc062723c751e8b465ee728b)
Start importing Assets/Resources/Chunks/Chunk5.prefab using Guid(68d603206c2847c41ad48fcd9e25060c) Importer(815301076,1909f56bfc062723c751e8b465ee728b)  -> (artifact id: '941717fe349d71422cef85bb82c86d6f') in 0.048955 seconds
Number of updated asset objects reloaded before import = 0
Number of asset objects unloaded after import = 153
========================================================================
Received Import Request.
  Time since last request: 26.917632 seconds.
  path: Assets/Resources/Chunks/Chunk3.prefab
  artifactKey: Guid(ecc4a421c9327674e9cbba3c26266aa0) Importer(815301076,1909f56bfc062723c751e8b465ee728b)
Start importing Assets/Resources/Chunks/Chunk3.prefab using Guid(ecc4a421c9327674e9cbba3c26266aa0) Importer(815301076,1909f56bfc062723c751e8b465ee728b)  -> (artifact id: 'bc94849b0007abf91e644befe837b37c') in 0.025408 seconds
Number of updated asset objects reloaded before import = 0
Number of asset objects unloaded after import = 48
========================================================================
Received Import Request.
  Time since last request: 11.306656 seconds.
  path: Assets/Resources/Chunks/Chunk3.prefab
  artifactKey: Guid(ecc4a421c9327674e9cbba3c26266aa0) Importer(815301076,1909f56bfc062723c751e8b465ee728b)
Start importing Assets/Resources/Chunks/Chunk3.prefab using Guid(ecc4a421c9327674e9cbba3c26266aa0) Importer(815301076,1909f56bfc062723c751e8b465ee728b)  -> (artifact id: '3ebeda156638e602d13cc937f70fb3da') in 0.024142 seconds
Number of updated asset objects reloaded before import = 0
Number of asset objects unloaded after import = 36
========================================================================
Received Import Request.
  Time since last request: 8.386853 seconds.
  path: Assets/Resources/Chunks/Chunk3.prefab
  artifactKey: Guid(ecc4a421c9327674e9cbba3c26266aa0) Importer(815301076,1909f56bfc062723c751e8b465ee728b)
Start importing Assets/Resources/Chunks/Chunk3.prefab using Guid(ecc4a421c9327674e9cbba3c26266aa0) Importer(815301076,1909f56bfc062723c751e8b465ee728b)  -> (artifact id: 'b6921e4858faaba85537cbb56c6c6fec') in 0.022147 seconds
Number of updated asset objects reloaded before import = 0
Number of asset objects unloaded after import = 30
========================================================================
Received Import Request.
  Time since last request: 20.810926 seconds.
  path: Assets/Resources/Chunks/Chunk3.prefab
  artifactKey: Guid(ecc4a421c9327674e9cbba3c26266aa0) Importer(815301076,1909f56bfc062723c751e8b465ee728b)
Start importing Assets/Resources/Chunks/Chunk3.prefab using Guid(ecc4a421c9327674e9cbba3c26266aa0) Importer(815301076,1909f56bfc062723c751e8b465ee728b)  -> (artifact id: '41812e5b0b9d873179ff067e699ad045') in 0.032837 seconds
Number of updated asset objects reloaded before import = 0
Number of asset objects unloaded after import = 35
========================================================================
Received Import Request.
  Time since last request: 7.690927 seconds.
  path: Assets/Resources/Chunks/Chunk3.prefab
  artifactKey: Guid(ecc4a421c9327674e9cbba3c26266aa0) Importer(815301076,1909f56bfc062723c751e8b465ee728b)
Start importing Assets/Resources/Chunks/Chunk3.prefab using Guid(ecc4a421c9327674e9cbba3c26266aa0) Importer(815301076,1909f56bfc062723c751e8b465ee728b)  -> (artifact id: '13e37f9db8204675ae0403ee10dfd391') in 0.030158 seconds
Number of updated asset objects reloaded before import = 0
Number of asset objects unloaded after import = 35
========================================================================
Received Import Request.
  Time since last request: 1.785562 seconds.
  path: Assets/Resources/Chunks/Chunk3.prefab
  artifactKey: Guid(ecc4a421c9327674e9cbba3c26266aa0) Importer(815301076,1909f56bfc062723c751e8b465ee728b)
Start importing Assets/Resources/Chunks/Chunk3.prefab using Guid(ecc4a421c9327674e9cbba3c26266aa0) Importer(815301076,1909f56bfc062723c751e8b465ee728b)  -> (artifact id: 'f267493ce43d8ee259633f40e41159eb') in 0.098169 seconds
Number of updated asset objects reloaded before import = 0
Number of asset objects unloaded after import = 35
========================================================================
Received Import Request.
  Time since last request: 0.304949 seconds.
  path: Assets/Resources/Chunks/Chunk3.prefab
  artifactKey: Guid(ecc4a421c9327674e9cbba3c26266aa0) Importer(815301076,1909f56bfc062723c751e8b465ee728b)
Start importing Assets/Resources/Chunks/Chunk3.prefab using Guid(ecc4a421c9327674e9cbba3c26266aa0) Importer(815301076,1909f56bfc062723c751e8b465ee728b)  -> (artifact id: '98ffbd9b8e51d5fb94c51250d3bf8ea5') in 0.025339 seconds
Number of updated asset objects reloaded before import = 0
Number of asset objects unloaded after import = 35
========================================================================
Received Import Request.
  Time since last request: 1.181754 seconds.
  path: Assets/Resources/Chunks/Chunk3.prefab
  artifactKey: Guid(ecc4a421c9327674e9cbba3c26266aa0) Importer(815301076,1909f56bfc062723c751e8b465ee728b)
Start importing Assets/Resources/Chunks/Chunk3.prefab using Guid(ecc4a421c9327674e9cbba3c26266aa0) Importer(815301076,1909f56bfc062723c751e8b465ee728b)  -> (artifact id: '923a4dba1c31b2c1ec4b2a9d6a46602e') in 0.019665 seconds
Number of updated asset objects reloaded before import = 0
Number of asset objects unloaded after import = 35
========================================================================
Received Import Request.
  Time since last request: 1.239685 seconds.
  path: Assets/Resources/Chunks/Chunk3.prefab
  artifactKey: Guid(ecc4a421c9327674e9cbba3c26266aa0) Importer(815301076,1909f56bfc062723c751e8b465ee728b)
Start importing Assets/Resources/Chunks/Chunk3.prefab using Guid(ecc4a421c9327674e9cbba3c26266aa0) Importer(815301076,1909f56bfc062723c751e8b465ee728b)  -> (artifact id: '5f6062fb32944a4895f709167e319038') in 0.020002 seconds
Number of updated asset objects reloaded before import = 0
Number of asset objects unloaded after import = 35
========================================================================
Received Import Request.
  Time since last request: 6.296322 seconds.
  path: Assets/Resources/Chunks/Chunk3.prefab
  artifactKey: Guid(ecc4a421c9327674e9cbba3c26266aa0) Importer(815301076,1909f56bfc062723c751e8b465ee728b)
Start importing Assets/Resources/Chunks/Chunk3.prefab using Guid(ecc4a421c9327674e9cbba3c26266aa0) Importer(815301076,1909f56bfc062723c751e8b465ee728b)  -> (artifact id: '05da62c2034b28de91887f3a2674e63d') in 0.020757 seconds
Number of updated asset objects reloaded before import = 0
Number of asset objects unloaded after import = 35
========================================================================
Received Import Request.
  Time since last request: 3.404986 seconds.
  path: Assets/Resources/Chunks/Chunk3.prefab
  artifactKey: Guid(ecc4a421c9327674e9cbba3c26266aa0) Importer(815301076,1909f56bfc062723c751e8b465ee728b)
Start importing Assets/Resources/Chunks/Chunk3.prefab using Guid(ecc4a421c9327674e9cbba3c26266aa0) Importer(815301076,1909f56bfc062723c751e8b465ee728b)  -> (artifact id: 'a351008f776e292a74e2d85e192fe383') in 0.028626 seconds
Number of updated asset objects reloaded before import = 0
Number of asset objects unloaded after import = 35
========================================================================
Received Import Request.
  Time since last request: 1.188541 seconds.
  path: Assets/Resources/Chunks/Chunk3.prefab
  artifactKey: Guid(ecc4a421c9327674e9cbba3c26266aa0) Importer(815301076,1909f56bfc062723c751e8b465ee728b)
Start importing Assets/Resources/Chunks/Chunk3.prefab using Guid(ecc4a421c9327674e9cbba3c26266aa0) Importer(815301076,1909f56bfc062723c751e8b465ee728b)  -> (artifact id: 'e5d88ca5d60f706cca934147696524fe') in 0.026823 seconds
Number of updated asset objects reloaded before import = 0
Number of asset objects unloaded after import = 35
========================================================================
Received Import Request.
  Time since last request: 4.423390 seconds.
  path: Assets/Resources/Chunks/Chunk3.prefab
  artifactKey: Guid(ecc4a421c9327674e9cbba3c26266aa0) Importer(815301076,1909f56bfc062723c751e8b465ee728b)
Start importing Assets/Resources/Chunks/Chunk3.prefab using Guid(ecc4a421c9327674e9cbba3c26266aa0) Importer(815301076,1909f56bfc062723c751e8b465ee728b)  -> (artifact id: '7fb75ba829c8e7c754641e8b7e40d83c') in 0.933897 seconds
Number of updated asset objects reloaded before import = 0
Number of asset objects unloaded after import = 35
========================================================================
Received Import Request.
  Time since last request: 1.677306 seconds.
  path: Assets/Resources/Chunks/Chunk3.prefab
  artifactKey: Guid(ecc4a421c9327674e9cbba3c26266aa0) Importer(815301076,1909f56bfc062723c751e8b465ee728b)
Start importing Assets/Resources/Chunks/Chunk3.prefab using Guid(ecc4a421c9327674e9cbba3c26266aa0) Importer(815301076,1909f56bfc062723c751e8b465ee728b)  -> (artifact id: '0c6735e5debf64c61900669ddc1262bf') in 0.026765 seconds
Number of updated asset objects reloaded before import = 0
Number of asset objects unloaded after import = 35
========================================================================
Received Import Request.
  Time since last request: 25.536771 seconds.
  path: Assets/Resources/Chunks/Chunk3.prefab
  artifactKey: Guid(ecc4a421c9327674e9cbba3c26266aa0) Importer(815301076,1909f56bfc062723c751e8b465ee728b)
Start importing Assets/Resources/Chunks/Chunk3.prefab using Guid(ecc4a421c9327674e9cbba3c26266aa0) Importer(815301076,1909f56bfc062723c751e8b465ee728b)  -> (artifact id: '8ac40fcd938134c24c2d54312eeca130') in 0.020192 seconds
Number of updated asset objects reloaded before import = 0
Number of asset objects unloaded after import = 35
========================================================================
Received Import Request.
  Time since last request: 2.424242 seconds.
  path: Assets/Resources/Chunks/Chunk3.prefab
  artifactKey: Guid(ecc4a421c9327674e9cbba3c26266aa0) Importer(815301076,1909f56bfc062723c751e8b465ee728b)
Start importing Assets/Resources/Chunks/Chunk3.prefab using Guid(ecc4a421c9327674e9cbba3c26266aa0) Importer(815301076,1909f56bfc062723c751e8b465ee728b)  -> (artifact id: '1d92fd8bd95aeb0cd7eef18790d7e65b') in 0.018166 seconds
Number of updated asset objects reloaded before import = 0
Number of asset objects unloaded after import = 40
========================================================================
Received Import Request.
  Time since last request: 0.983764 seconds.
  path: Assets/Resources/Chunks/Chunk3.prefab
  artifactKey: Guid(ecc4a421c9327674e9cbba3c26266aa0) Importer(815301076,1909f56bfc062723c751e8b465ee728b)
Start importing Assets/Resources/Chunks/Chunk3.prefab using Guid(ecc4a421c9327674e9cbba3c26266aa0) Importer(815301076,1909f56bfc062723c751e8b465ee728b)  -> (artifact id: '75d0b4f05f00ac99cfc82b6ae28c23ba') in 0.030140 seconds
Number of updated asset objects reloaded before import = 0
Number of asset objects unloaded after import = 40
========================================================================
Received Import Request.
  Time since last request: 1.599065 seconds.
  path: Assets/Resources/Chunks/Chunk3.prefab
  artifactKey: Guid(ecc4a421c9327674e9cbba3c26266aa0) Importer(815301076,1909f56bfc062723c751e8b465ee728b)
Start importing Assets/Resources/Chunks/Chunk3.prefab using Guid(ecc4a421c9327674e9cbba3c26266aa0) Importer(815301076,1909f56bfc062723c751e8b465ee728b)  -> (artifact id: 'f44530ff4aa903865c4c625a89e81e2c') in 0.119123 seconds
Number of updated asset objects reloaded before import = 0
Number of asset objects unloaded after import = 40
========================================================================
Received Import Request.
  Time since last request: 3.545313 seconds.
  path: Assets/Resources/Chunks/Chunk3.prefab
  artifactKey: Guid(ecc4a421c9327674e9cbba3c26266aa0) Importer(815301076,1909f56bfc062723c751e8b465ee728b)
Start importing Assets/Resources/Chunks/Chunk3.prefab using Guid(ecc4a421c9327674e9cbba3c26266aa0) Importer(815301076,1909f56bfc062723c751e8b465ee728b)  -> (artifact id: '7a51fd4ee74fd6752153eb5f61ab2b15') in 0.025969 seconds
Number of updated asset objects reloaded before import = 0
Number of asset objects unloaded after import = 40
========================================================================
Received Import Request.
  Time since last request: 2.572409 seconds.
  path: Assets/Resources/Chunks/Chunk3.prefab
  artifactKey: Guid(ecc4a421c9327674e9cbba3c26266aa0) Importer(815301076,1909f56bfc062723c751e8b465ee728b)
Start importing Assets/Resources/Chunks/Chunk3.prefab using Guid(ecc4a421c9327674e9cbba3c26266aa0) Importer(815301076,1909f56bfc062723c751e8b465ee728b)  -> (artifact id: '90efbcd45a070421696c9c2f4356754e') in 0.027632 seconds
Number of updated asset objects reloaded before import = 0
Number of asset objects unloaded after import = 40
========================================================================
Received Import Request.
  Time since last request: 2.182522 seconds.
  path: Assets/Resources/Chunks/Chunk3.prefab
  artifactKey: Guid(ecc4a421c9327674e9cbba3c26266aa0) Importer(815301076,1909f56bfc062723c751e8b465ee728b)
Start importing Assets/Resources/Chunks/Chunk3.prefab using Guid(ecc4a421c9327674e9cbba3c26266aa0) Importer(815301076,1909f56bfc062723c751e8b465ee728b)  -> (artifact id: 'caf8d4eae9e9b2e262928956767a299a') in 1.168537 seconds
Number of updated asset objects reloaded before import = 0
Number of asset objects unloaded after import = 40
========================================================================
Received Import Request.
  Time since last request: 3.265328 seconds.
  path: Assets/Resources/Chunks/Chunk3.prefab
  artifactKey: Guid(ecc4a421c9327674e9cbba3c26266aa0) Importer(815301076,1909f56bfc062723c751e8b465ee728b)
Start importing Assets/Resources/Chunks/Chunk3.prefab using Guid(ecc4a421c9327674e9cbba3c26266aa0) Importer(815301076,1909f56bfc062723c751e8b465ee728b)  -> (artifact id: '3787027dd61154a7e823a27df41a86a7') in 0.027190 seconds
Number of updated asset objects reloaded before import = 0
Number of asset objects unloaded after import = 40
========================================================================
Received Import Request.
  Time since last request: 1.997512 seconds.
  path: Assets/Resources/Chunks/Chunk3.prefab
  artifactKey: Guid(ecc4a421c9327674e9cbba3c26266aa0) Importer(815301076,1909f56bfc062723c751e8b465ee728b)
Start importing Assets/Resources/Chunks/Chunk3.prefab using Guid(ecc4a421c9327674e9cbba3c26266aa0) Importer(815301076,1909f56bfc062723c751e8b465ee728b)  -> (artifact id: '10c113e9c78a3db9681f49641cfca42c') in 0.113770 seconds
Number of updated asset objects reloaded before import = 0
Number of asset objects unloaded after import = 40
========================================================================
Received Import Request.
  Time since last request: 7.949770 seconds.
  path: Assets/Resources/Chunks/Chunk3.prefab
  artifactKey: Guid(ecc4a421c9327674e9cbba3c26266aa0) Importer(815301076,1909f56bfc062723c751e8b465ee728b)
Start importing Assets/Resources/Chunks/Chunk3.prefab using Guid(ecc4a421c9327674e9cbba3c26266aa0) Importer(815301076,1909f56bfc062723c751e8b465ee728b)  -> (artifact id: '91217750ef0d7facf96f3fa6dc89f91b') in 0.022517 seconds
Number of updated asset objects reloaded before import = 0
Number of asset objects unloaded after import = 40
========================================================================
Received Import Request.
  Time since last request: 4.601299 seconds.
  path: Assets/Resources/Chunks/Chunk3.prefab
  artifactKey: Guid(ecc4a421c9327674e9cbba3c26266aa0) Importer(815301076,1909f56bfc062723c751e8b465ee728b)
Start importing Assets/Resources/Chunks/Chunk3.prefab using Guid(ecc4a421c9327674e9cbba3c26266aa0) Importer(815301076,1909f56bfc062723c751e8b465ee728b)  -> (artifact id: '9349f559972f0c70b1b700443fde9595') in 0.225087 seconds
Number of updated asset objects reloaded before import = 0
Number of asset objects unloaded after import = 40
========================================================================
Received Import Request.
  Time since last request: 1.994874 seconds.
  path: Assets/Resources/Chunks/Chunk3.prefab
  artifactKey: Guid(ecc4a421c9327674e9cbba3c26266aa0) Importer(815301076,1909f56bfc062723c751e8b465ee728b)
Start importing Assets/Resources/Chunks/Chunk3.prefab using Guid(ecc4a421c9327674e9cbba3c26266aa0) Importer(815301076,1909f56bfc062723c751e8b465ee728b)  -> (artifact id: 'f4ba7f7c2fdc2882a62c39a3cc53cbb5') in 0.020164 seconds
Number of updated asset objects reloaded before import = 0
Number of asset objects unloaded after import = 40
========================================================================
Received Import Request.
  Time since last request: 1.385568 seconds.
  path: Assets/Resources/Chunks/Chunk3.prefab
  artifactKey: Guid(ecc4a421c9327674e9cbba3c26266aa0) Importer(815301076,1909f56bfc062723c751e8b465ee728b)
Start importing Assets/Resources/Chunks/Chunk3.prefab using Guid(ecc4a421c9327674e9cbba3c26266aa0) Importer(815301076,1909f56bfc062723c751e8b465ee728b)  -> (artifact id: '7a128e65c49fce50cb6909942fe4b116') in 0.055993 seconds
Number of updated asset objects reloaded before import = 0
Number of asset objects unloaded after import = 40
========================================================================
Received Import Request.
  Time since last request: 0.941356 seconds.
  path: Assets/Resources/Chunks/Chunk3.prefab
  artifactKey: Guid(ecc4a421c9327674e9cbba3c26266aa0) Importer(815301076,1909f56bfc062723c751e8b465ee728b)
Start importing Assets/Resources/Chunks/Chunk3.prefab using Guid(ecc4a421c9327674e9cbba3c26266aa0) Importer(815301076,1909f56bfc062723c751e8b465ee728b)  -> (artifact id: '3b5e6c7bd68777f80b4ac2f0b3616ad1') in 0.019810 seconds
Number of updated asset objects reloaded before import = 0
Number of asset objects unloaded after import = 40
========================================================================
Received Import Request.
  Time since last request: 43.979632 seconds.
  path: Assets/Prefabs/Chunks.fbx
  artifactKey: Guid(02bc44908f1b68f4fbd22bd6a72e0f8c) Importer(815301076,1909f56bfc062723c751e8b465ee728b)
Start importing Assets/Prefabs/Chunks.fbx using Guid(02bc44908f1b68f4fbd22bd6a72e0f8c) Importer(815301076,1909f56bfc062723c751e8b465ee728b)  -> (artifact id: '4522910a3006bb2d9cd223c13290f4f2') in 0.172566 seconds
Number of updated asset objects reloaded before import = 0
Number of asset objects unloaded after import = 61
========================================================================
Received Prepare
Begin MonoManager ReloadAssembly
Symbol file LoadedFromMemory doesn't match image D:\Uni work\GAM20003\ChromaShift\ChromaShift\Library\PackageCache\com.unity.visualscripting@1.8.0\Editor\VisualScripting.Core\Dependencies\YamlDotNet\Unity.VisualScripting.YamlDotNet.dll
Symbol file LoadedFromMemory doesn't match image D:\Uni work\GAM20003\ChromaShift\ChromaShift\Library\PackageCache\com.unity.visualscripting@1.8.0\Editor\VisualScripting.Core\Dependencies\DotNetZip\Unity.VisualScripting.IonicZip.dll
- Loaded All Assemblies, in  0.464 seconds
Refreshing native plugins compatible for Editor in 1.86 ms, found 3 plugins.
Native extension for WindowsStandalone target not found
Mono: successfully reloaded assembly
- Finished resetting the current domain, in  0.911 seconds
Domain Reload Profiling: 1376ms
	BeginReloadAssembly (164ms)
		ExecutionOrderSort (0ms)
		DisableScriptedObjects (5ms)
		BackupInstance (0ms)
		ReleaseScriptingObjects (0ms)
		CreateAndSetChildDomain (45ms)
	RebuildCommonClasses (37ms)
	RebuildNativeTypeToScriptingClass (12ms)
	initialDomainReloadingComplete (30ms)
	LoadAllAssembliesAndSetupDomain (221ms)
		LoadAssemblies (294ms)
		RebuildTransferFunctionScriptingTraits (0ms)
		AnalyzeDomain (13ms)
			TypeCache.Refresh (6ms)
				TypeCache.ScanAssembly (0ms)
			ScanForSourceGeneratedMonoScriptInfo (0ms)
			ResolveRequiredComponents (5ms)
	FinalizeReload (912ms)
		ReleaseScriptCaches (0ms)
		RebuildScriptCaches (0ms)
		SetupLoadedEditorAssemblies (500ms)
			LogAssemblyErrors (0ms)
			InitializePlatformSupportModulesInManaged (11ms)
			SetLoadedEditorAssemblies (10ms)
			RefreshPlugins (0ms)
			BeforeProcessingInitializeOnLoad (89ms)
			ProcessInitializeOnLoadAttributes (353ms)
			ProcessInitializeOnLoadMethodAttributes (33ms)
			AfterProcessingInitializeOnLoad (4ms)
			EditorAssembliesLoaded (0ms)
		ExecutionOrderSort2 (0ms)
		AwakeInstancesAfterBackupRestoration (12ms)
Refreshing native plugins compatible for Editor in 4.21 ms, found 3 plugins.
Preloading 0 native plugins for Editor in 0.00 ms.
Unloading 3077 Unused Serialized files (Serialized files now loaded: 0)
Unloading 21 unused Assets / (29.7 KB). Loaded Objects now: 3627.
Memory consumption went from 118.8 MB to 118.8 MB.
Total: 7.586800 ms (FindLiveObjects: 1.109700 ms CreateObjectMapping: 1.092300 ms MarkObjects: 5.196500 ms  DeleteObjects: 0.184000 ms)

Prepare: number of updated asset objects reloaded= 0
AssetImportParameters requested are different than current active one (requested -> active):
  custom:container-demuxer-ogg: 62fdf1f143b41e24485cea50d1cbac27 -> 
  custom:video-codec-MediaFoundation-h265: 746d11721c4dcdbdad8f713fa42b33f4 -> 
  custom:video-decoder-ogg-theora: a1e56fd34408186e4bbccfd4996cb3dc -> 
  custom:framework-win-MediaFoundation: 216162199b28c13a410421893ffa2e32 -> 
  custom:CustomObjectIndexerAttribute: 756ad292c208cfabdd7b50bc23989ffe -> 
  custom:container-demuxer-webm: 4f35f7cbe854078d1ac9338744f61a02 -> 
  custom:container-muxer-webm: aa71ff27fc2769a1b78a27578f13a17b -> 
  custom:video-decoder-webm-vp8: 9c59270c3fd7afecdb556c50c9e8de78 -> 
  custom:SearchIndexIgnoredProperties: e643bd26f0fe6173181afceb89e7c659 -> 
  custom:AudioImporter_EditorPlatform: d09bf68614088b80899f8185d706f6e7 -> 
  custom:video-encoder-webm-vp8: eb34c28f22e8b96e1ab97ce403110664 -> 
  custom:audio-decoder-ogg-vorbis: bf7c407c2cedff20999df2af8eb42d56 -> 
  custom:audio-encoder-webm-vorbis: bf7c407c2cedff20999df2af8eb42d56 -> 
========================================================================
Received Import Request.
  Time since last request: 309.437993 seconds.
  path: Assets/Resources/Chunks/Chunk3.prefab
  artifactKey: Guid(ecc4a421c9327674e9cbba3c26266aa0) Importer(815301076,1909f56bfc062723c751e8b465ee728b)
Start importing Assets/Resources/Chunks/Chunk3.prefab using Guid(ecc4a421c9327674e9cbba3c26266aa0) Importer(815301076,1909f56bfc062723c751e8b465ee728b)  -> (artifact id: '37819337ce676dd19aa6a19d197611cf') in 0.127861 seconds
Number of updated asset objects reloaded before import = 0
Number of asset objects unloaded after import = 221
========================================================================
Received Prepare
Begin MonoManager ReloadAssembly
Symbol file LoadedFromMemory doesn't match image D:\Uni work\GAM20003\ChromaShift\ChromaShift\Library\PackageCache\com.unity.visualscripting@1.8.0\Editor\VisualScripting.Core\Dependencies\YamlDotNet\Unity.VisualScripting.YamlDotNet.dll
Symbol file LoadedFromMemory doesn't match image D:\Uni work\GAM20003\ChromaShift\ChromaShift\Library\PackageCache\com.unity.visualscripting@1.8.0\Editor\VisualScripting.Core\Dependencies\DotNetZip\Unity.VisualScripting.IonicZip.dll
- Loaded All Assemblies, in  0.504 seconds
Refreshing native plugins compatible for Editor in 2.58 ms, found 3 plugins.
Native extension for WindowsStandalone target not found
Mono: successfully reloaded assembly
- Finished resetting the current domain, in  1.048 seconds
Domain Reload Profiling: 1552ms
	BeginReloadAssembly (194ms)
		ExecutionOrderSort (0ms)
		DisableScriptedObjects (5ms)
		BackupInstance (0ms)
		ReleaseScriptingObjects (0ms)
		CreateAndSetChildDomain (55ms)
	RebuildCommonClasses (38ms)
	RebuildNativeTypeToScriptingClass (16ms)
	initialDomainReloadingComplete (28ms)
	LoadAllAssembliesAndSetupDomain (228ms)
		LoadAssemblies (305ms)
		RebuildTransferFunctionScriptingTraits (0ms)
		AnalyzeDomain (22ms)
			TypeCache.Refresh (11ms)
				TypeCache.ScanAssembly (0ms)
			ScanForSourceGeneratedMonoScriptInfo (0ms)
			ResolveRequiredComponents (8ms)
	FinalizeReload (1049ms)
		ReleaseScriptCaches (0ms)
		RebuildScriptCaches (0ms)
		SetupLoadedEditorAssemblies (598ms)
			LogAssemblyErrors (0ms)
			InitializePlatformSupportModulesInManaged (5ms)
			SetLoadedEditorAssemblies (5ms)
			RefreshPlugins (0ms)
			BeforeProcessingInitializeOnLoad (67ms)
			ProcessInitializeOnLoadAttributes (469ms)
			ProcessInitializeOnLoadMethodAttributes (48ms)
			AfterProcessingInitializeOnLoad (3ms)
			EditorAssembliesLoaded (0ms)
		ExecutionOrderSort2 (0ms)
		AwakeInstancesAfterBackupRestoration (17ms)
Refreshing native plugins compatible for Editor in 3.46 ms, found 3 plugins.
Preloading 0 native plugins for Editor in 0.00 ms.
Unloading 3077 Unused Serialized files (Serialized files now loaded: 0)
Unloading 21 unused Assets / (29.7 KB). Loaded Objects now: 3630.
Memory consumption went from 118.8 MB to 118.8 MB.
Total: 10.394500 ms (FindLiveObjects: 0.548200 ms CreateObjectMapping: 0.642600 ms MarkObjects: 8.939700 ms  DeleteObjects: 0.253000 ms)

Prepare: number of updated asset objects reloaded= 0
AssetImportParameters requested are different than current active one (requested -> active):
  custom:container-demuxer-ogg: 62fdf1f143b41e24485cea50d1cbac27 -> 
  custom:video-codec-MediaFoundation-h265: 746d11721c4dcdbdad8f713fa42b33f4 -> 
  custom:video-decoder-ogg-theora: a1e56fd34408186e4bbccfd4996cb3dc -> 
  custom:framework-win-MediaFoundation: 216162199b28c13a410421893ffa2e32 -> 
  custom:CustomObjectIndexerAttribute: 756ad292c208cfabdd7b50bc23989ffe -> 
  custom:container-demuxer-webm: 4f35f7cbe854078d1ac9338744f61a02 -> 
  custom:container-muxer-webm: aa71ff27fc2769a1b78a27578f13a17b -> 
  custom:video-decoder-webm-vp8: 9c59270c3fd7afecdb556c50c9e8de78 -> 
  custom:SearchIndexIgnoredProperties: e643bd26f0fe6173181afceb89e7c659 -> 
  custom:AudioImporter_EditorPlatform: d09bf68614088b80899f8185d706f6e7 -> 
  custom:video-encoder-webm-vp8: eb34c28f22e8b96e1ab97ce403110664 -> 
  custom:audio-decoder-ogg-vorbis: bf7c407c2cedff20999df2af8eb42d56 -> 
  custom:audio-encoder-webm-vorbis: bf7c407c2cedff20999df2af8eb42d56 -> 
========================================================================
Received Prepare
Begin MonoManager ReloadAssembly
Symbol file LoadedFromMemory doesn't match image D:\Uni work\GAM20003\ChromaShift\ChromaShift\Library\PackageCache\com.unity.visualscripting@1.8.0\Editor\VisualScripting.Core\Dependencies\YamlDotNet\Unity.VisualScripting.YamlDotNet.dll
Symbol file LoadedFromMemory doesn't match image D:\Uni work\GAM20003\ChromaShift\ChromaShift\Library\PackageCache\com.unity.visualscripting@1.8.0\Editor\VisualScripting.Core\Dependencies\DotNetZip\Unity.VisualScripting.IonicZip.dll
- Loaded All Assemblies, in  0.435 seconds
Refreshing native plugins compatible for Editor in 1.55 ms, found 3 plugins.
Native extension for WindowsStandalone target not found
Mono: successfully reloaded assembly
- Finished resetting the current domain, in  0.808 seconds
Domain Reload Profiling: 1243ms
	BeginReloadAssembly (166ms)
		ExecutionOrderSort (0ms)
		DisableScriptedObjects (6ms)
		BackupInstance (0ms)
		ReleaseScriptingObjects (0ms)
		CreateAndSetChildDomain (36ms)
	RebuildCommonClasses (43ms)
	RebuildNativeTypeToScriptingClass (12ms)
	initialDomainReloadingComplete (24ms)
	LoadAllAssembliesAndSetupDomain (190ms)
		LoadAssemblies (270ms)
		RebuildTransferFunctionScriptingTraits (0ms)
		AnalyzeDomain (13ms)
			TypeCache.Refresh (6ms)
				TypeCache.ScanAssembly (0ms)
			ScanForSourceGeneratedMonoScriptInfo (0ms)
			ResolveRequiredComponents (5ms)
	FinalizeReload (809ms)
		ReleaseScriptCaches (0ms)
		RebuildScriptCaches (0ms)
		SetupLoadedEditorAssemblies (434ms)
			LogAssemblyErrors (0ms)
			InitializePlatformSupportModulesInManaged (4ms)
			SetLoadedEditorAssemblies (5ms)
			RefreshPlugins (0ms)
			BeforeProcessingInitializeOnLoad (54ms)
			ProcessInitializeOnLoadAttributes (332ms)
			ProcessInitializeOnLoadMethodAttributes (34ms)
			AfterProcessingInitializeOnLoad (3ms)
			EditorAssembliesLoaded (0ms)
		ExecutionOrderSort2 (0ms)
		AwakeInstancesAfterBackupRestoration (12ms)
Refreshing native plugins compatible for Editor in 3.16 ms, found 3 plugins.
Preloading 0 native plugins for Editor in 0.00 ms.
Unloading 3077 Unused Serialized files (Serialized files now loaded: 0)
Unloading 21 unused Assets / (29.7 KB). Loaded Objects now: 3633.
Memory consumption went from 118.8 MB to 118.8 MB.
Total: 8.739200 ms (FindLiveObjects: 0.824700 ms CreateObjectMapping: 1.623300 ms MarkObjects: 6.200400 ms  DeleteObjects: 0.088900 ms)

Prepare: number of updated asset objects reloaded= 0
AssetImportParameters requested are different than current active one (requested -> active):
  custom:container-demuxer-ogg: 62fdf1f143b41e24485cea50d1cbac27 -> 
  custom:video-codec-MediaFoundation-h265: 746d11721c4dcdbdad8f713fa42b33f4 -> 
  custom:video-decoder-ogg-theora: a1e56fd34408186e4bbccfd4996cb3dc -> 
  custom:framework-win-MediaFoundation: 216162199b28c13a410421893ffa2e32 -> 
  custom:CustomObjectIndexerAttribute: 756ad292c208cfabdd7b50bc23989ffe -> 
  custom:container-demuxer-webm: 4f35f7cbe854078d1ac9338744f61a02 -> 
  custom:container-muxer-webm: aa71ff27fc2769a1b78a27578f13a17b -> 
  custom:video-decoder-webm-vp8: 9c59270c3fd7afecdb556c50c9e8de78 -> 
  custom:SearchIndexIgnoredProperties: e643bd26f0fe6173181afceb89e7c659 -> 
  custom:AudioImporter_EditorPlatform: d09bf68614088b80899f8185d706f6e7 -> 
  custom:video-encoder-webm-vp8: eb34c28f22e8b96e1ab97ce403110664 -> 
  custom:audio-decoder-ogg-vorbis: bf7c407c2cedff20999df2af8eb42d56 -> 
  custom:audio-encoder-webm-vorbis: bf7c407c2cedff20999df2af8eb42d56 -> 
========================================================================
Received Import Request.
  Time since last request: 115.658480 seconds.
  path: Assets/Resources/Chunks/Chunk3.prefab
  artifactKey: Guid(ecc4a421c9327674e9cbba3c26266aa0) Importer(815301076,1909f56bfc062723c751e8b465ee728b)
Start importing Assets/Resources/Chunks/Chunk3.prefab using Guid(ecc4a421c9327674e9cbba3c26266aa0) Importer(815301076,1909f56bfc062723c751e8b465ee728b)  -> (artifact id: 'a5917701e2e849f44d20c209cfd93dab') in 0.130478 seconds
Number of updated asset objects reloaded before import = 0
Number of asset objects unloaded after import = 232
========================================================================
Received Import Request.
  Time since last request: 11.174045 seconds.
  path: Assets/Resources/Chunks/Chunk2.prefab
  artifactKey: Guid(1d3b73f0896447143a3e44ae3b69e273) Importer(815301076,1909f56bfc062723c751e8b465ee728b)
Start importing Assets/Resources/Chunks/Chunk2.prefab using Guid(1d3b73f0896447143a3e44ae3b69e273) Importer(815301076,1909f56bfc062723c751e8b465ee728b)  -> (artifact id: 'deba0fe44616b8094d96ce8d5558d7af') in 0.036674 seconds
Number of updated asset objects reloaded before import = 0
Number of asset objects unloaded after import = 234
========================================================================
Received Prepare
Begin MonoManager ReloadAssembly
Symbol file LoadedFromMemory doesn't match image D:\Uni work\GAM20003\ChromaShift\ChromaShift\Library\PackageCache\com.unity.visualscripting@1.8.0\Editor\VisualScripting.Core\Dependencies\YamlDotNet\Unity.VisualScripting.YamlDotNet.dll
Symbol file LoadedFromMemory doesn't match image D:\Uni work\GAM20003\ChromaShift\ChromaShift\Library\PackageCache\com.unity.visualscripting@1.8.0\Editor\VisualScripting.Core\Dependencies\DotNetZip\Unity.VisualScripting.IonicZip.dll
- Loaded All Assemblies, in  0.491 seconds
Refreshing native plugins compatible for Editor in 2.23 ms, found 3 plugins.
Native extension for WindowsStandalone target not found
Mono: successfully reloaded assembly
- Finished resetting the current domain, in  0.940 seconds
Domain Reload Profiling: 1431ms
	BeginReloadAssembly (178ms)
		ExecutionOrderSort (0ms)
		DisableScriptedObjects (7ms)
		BackupInstance (0ms)
		ReleaseScriptingObjects (0ms)
		CreateAndSetChildDomain (47ms)
	RebuildCommonClasses (43ms)
	RebuildNativeTypeToScriptingClass (14ms)
	initialDomainReloadingComplete (36ms)
	LoadAllAssembliesAndSetupDomain (218ms)
		LoadAssemblies (295ms)
		RebuildTransferFunctionScriptingTraits (0ms)
		AnalyzeDomain (16ms)
			TypeCache.Refresh (9ms)
				TypeCache.ScanAssembly (0ms)
			ScanForSourceGeneratedMonoScriptInfo (0ms)
			ResolveRequiredComponents (5ms)
	FinalizeReload (941ms)
		ReleaseScriptCaches (0ms)
		RebuildScriptCaches (0ms)
		SetupLoadedEditorAssemblies (512ms)
			LogAssemblyErrors (0ms)
			InitializePlatformSupportModulesInManaged (5ms)
			SetLoadedEditorAssemblies (7ms)
			RefreshPlugins (0ms)
			BeforeProcessingInitializeOnLoad (72ms)
			ProcessInitializeOnLoadAttributes (383ms)
			ProcessInitializeOnLoadMethodAttributes (40ms)
			AfterProcessingInitializeOnLoad (5ms)
			EditorAssembliesLoaded (0ms)
		ExecutionOrderSort2 (0ms)
		AwakeInstancesAfterBackupRestoration (12ms)
Refreshing native plugins compatible for Editor in 3.66 ms, found 3 plugins.
Preloading 0 native plugins for Editor in 0.00 ms.
Unloading 3077 Unused Serialized files (Serialized files now loaded: 0)
Unloading 21 unused Assets / (29.8 KB). Loaded Objects now: 3636.
Memory consumption went from 118.8 MB to 118.8 MB.
Total: 6.476800 ms (FindLiveObjects: 0.422400 ms CreateObjectMapping: 0.371800 ms MarkObjects: 5.557400 ms  DeleteObjects: 0.123800 ms)

Prepare: number of updated asset objects reloaded= 0
AssetImportParameters requested are different than current active one (requested -> active):
  custom:container-demuxer-ogg: 62fdf1f143b41e24485cea50d1cbac27 -> 
  custom:video-codec-MediaFoundation-h265: 746d11721c4dcdbdad8f713fa42b33f4 -> 
  custom:video-decoder-ogg-theora: a1e56fd34408186e4bbccfd4996cb3dc -> 
  custom:framework-win-MediaFoundation: 216162199b28c13a410421893ffa2e32 -> 
  custom:CustomObjectIndexerAttribute: 756ad292c208cfabdd7b50bc23989ffe -> 
  custom:container-demuxer-webm: 4f35f7cbe854078d1ac9338744f61a02 -> 
  custom:container-muxer-webm: aa71ff27fc2769a1b78a27578f13a17b -> 
  custom:video-decoder-webm-vp8: 9c59270c3fd7afecdb556c50c9e8de78 -> 
  custom:SearchIndexIgnoredProperties: e643bd26f0fe6173181afceb89e7c659 -> 
  custom:AudioImporter_EditorPlatform: d09bf68614088b80899f8185d706f6e7 -> 
  custom:video-encoder-webm-vp8: eb34c28f22e8b96e1ab97ce403110664 -> 
  custom:audio-decoder-ogg-vorbis: bf7c407c2cedff20999df2af8eb42d56 -> 
  custom:audio-encoder-webm-vorbis: bf7c407c2cedff20999df2af8eb42d56 -> 
========================================================================
Received Import Request.
  Time since last request: 114.997613 seconds.
  path: Assets/Resources/Chunks/Chunk2.prefab
  artifactKey: Guid(1d3b73f0896447143a3e44ae3b69e273) Importer(815301076,1909f56bfc062723c751e8b465ee728b)
Start importing Assets/Resources/Chunks/Chunk2.prefab using Guid(1d3b73f0896447143a3e44ae3b69e273) Importer(815301076,1909f56bfc062723c751e8b465ee728b)  -> (artifact id: '0e7c4f4ec0a3948d94084b059b5f9352') in 0.149227 seconds
Number of updated asset objects reloaded before import = 0
Number of asset objects unloaded after import = 243
========================================================================
Received Import Request.
  Time since last request: 190.151930 seconds.
  path: Assets/Resources/Chunks/Chunk1 .prefab
  artifactKey: Guid(42483004ee504e34b80e787f6b130c4a) Importer(815301076,1909f56bfc062723c751e8b465ee728b)
Start importing Assets/Resources/Chunks/Chunk1 .prefab using Guid(42483004ee504e34b80e787f6b130c4a) Importer(815301076,1909f56bfc062723c751e8b465ee728b)  -> (artifact id: '5bdec1e972c3c05538558370f2902abb') in 0.048435 seconds
Number of updated asset objects reloaded before import = 0
Number of asset objects unloaded after import = 237
========================================================================
Received Import Request.
  Time since last request: 0.000028 seconds.
  path: Assets/Resources/Chunks/Chunk3.prefab
  artifactKey: Guid(ecc4a421c9327674e9cbba3c26266aa0) Importer(815301076,1909f56bfc062723c751e8b465ee728b)
Start importing Assets/Resources/Chunks/Chunk3.prefab using Guid(ecc4a421c9327674e9cbba3c26266aa0) Importer(815301076,1909f56bfc062723c751e8b465ee728b)  -> (artifact id: '36e3f1e9bf1d17dc387ed06f6b019542') in 0.043016 seconds
Number of updated asset objects reloaded before import = 0
Number of asset objects unloaded after import = 232
========================================================================
Received Import Request.
  Time since last request: 0.000036 seconds.
  path: Assets/Resources/Chunks/Chunk6.prefab
  artifactKey: Guid(8270df2316de5d9429414bc6ded5f002) Importer(815301076,1909f56bfc062723c751e8b465ee728b)
Start importing Assets/Resources/Chunks/Chunk6.prefab using Guid(8270df2316de5d9429414bc6ded5f002) Importer(815301076,1909f56bfc062723c751e8b465ee728b)  -> (artifact id: 'cceb6822155275b68117b15095806b12') in 0.039255 seconds
Number of updated asset objects reloaded before import = 0
Number of asset objects unloaded after import = 382
========================================================================
Received Import Request.
  Time since last request: 0.000037 seconds.
  path: Assets/Resources/Chunks/Chunk4.prefab
  artifactKey: Guid(8aeaf83fba9afc244afa1414d53820a7) Importer(815301076,1909f56bfc062723c751e8b465ee728b)
Start importing Assets/Resources/Chunks/Chunk4.prefab using Guid(8aeaf83fba9afc244afa1414d53820a7) Importer(815301076,1909f56bfc062723c751e8b465ee728b)  -> (artifact id: '962206efba755d3c777d50d5a010374d') in 0.037712 seconds
Number of updated asset objects reloaded before import = 0
Number of asset objects unloaded after import = 149
========================================================================
Received Import Request.
  Time since last request: 0.000021 seconds.
  path: Assets/Resources/Chunks/Chunk5.prefab
  artifactKey: Guid(68d603206c2847c41ad48fcd9e25060c) Importer(815301076,1909f56bfc062723c751e8b465ee728b)
Start importing Assets/Resources/Chunks/Chunk5.prefab using Guid(68d603206c2847c41ad48fcd9e25060c) Importer(815301076,1909f56bfc062723c751e8b465ee728b)  -> (artifact id: 'e652e4eaee6238fba7e7c9fef3ab9fe4') in 1.608560 seconds
Number of updated asset objects reloaded before import = 0
Number of asset objects unloaded after import = 143
========================================================================
Received Import Request.
  Time since last request: 3.823797 seconds.
  path: Assets/Resources/Chunks/Chunk4.prefab
  artifactKey: Guid(8aeaf83fba9afc244afa1414d53820a7) Importer(815301076,1909f56bfc062723c751e8b465ee728b)
Start importing Assets/Resources/Chunks/Chunk4.prefab using Guid(8aeaf83fba9afc244afa1414d53820a7) Importer(815301076,1909f56bfc062723c751e8b465ee728b)  -> (artifact id: 'c3e759c40b13b34bd810963398045ec2') in 0.025599 seconds
Number of updated asset objects reloaded before import = 0
Number of asset objects unloaded after import = 111
========================================================================
Received Import Request.
  Time since last request: 3.184222 seconds.
  path: Assets/Resources/Chunks/Chunk4.prefab
  artifactKey: Guid(8aeaf83fba9afc244afa1414d53820a7) Importer(815301076,1909f56bfc062723c751e8b465ee728b)
Start importing Assets/Resources/Chunks/Chunk4.prefab using Guid(8aeaf83fba9afc244afa1414d53820a7) Importer(815301076,1909f56bfc062723c751e8b465ee728b)  -> (artifact id: 'ce9d74f7dadeffe3d434c1bab8d514c1') in 0.790971 seconds
Number of updated asset objects reloaded before import = 0
Number of asset objects unloaded after import = 29
========================================================================
Received Import Request.
  Time since last request: 1.833739 seconds.
  path: Assets/Resources/Chunks/Chunk4.prefab
  artifactKey: Guid(8aeaf83fba9afc244afa1414d53820a7) Importer(815301076,1909f56bfc062723c751e8b465ee728b)
Start importing Assets/Resources/Chunks/Chunk4.prefab using Guid(8aeaf83fba9afc244afa1414d53820a7) Importer(815301076,1909f56bfc062723c751e8b465ee728b)  -> (artifact id: 'fc8ec81c87c21254a0bc3262ce0b61f4') in 0.024401 seconds
Number of updated asset objects reloaded before import = 0
Number of asset objects unloaded after import = 29
========================================================================
Received Import Request.
  Time since last request: 36.463158 seconds.
  path: Assets/Prefabs/Chunks.fbx
  artifactKey: Guid(02bc44908f1b68f4fbd22bd6a72e0f8c) Importer(815301076,1909f56bfc062723c751e8b465ee728b)
Start importing Assets/Prefabs/Chunks.fbx using Guid(02bc44908f1b68f4fbd22bd6a72e0f8c) Importer(815301076,1909f56bfc062723c751e8b465ee728b)  -> (artifact id: '1846178bbb76b44b3114c76d42bcfe10') in 0.141110 seconds
Number of updated asset objects reloaded before import = 0
Number of asset objects unloaded after import = 51
========================================================================
Received Prepare
Begin MonoManager ReloadAssembly
Symbol file LoadedFromMemory doesn't match image D:\Uni work\GAM20003\ChromaShift\ChromaShift\Library\PackageCache\com.unity.visualscripting@1.8.0\Editor\VisualScripting.Core\Dependencies\YamlDotNet\Unity.VisualScripting.YamlDotNet.dll
Symbol file LoadedFromMemory doesn't match image D:\Uni work\GAM20003\ChromaShift\ChromaShift\Library\PackageCache\com.unity.visualscripting@1.8.0\Editor\VisualScripting.Core\Dependencies\DotNetZip\Unity.VisualScripting.IonicZip.dll
- Loaded All Assemblies, in  0.420 seconds
Refreshing native plugins compatible for Editor in 1.52 ms, found 3 plugins.
Native extension for WindowsStandalone target not found
Mono: successfully reloaded assembly
- Finished resetting the current domain, in  0.898 seconds
Domain Reload Profiling: 1318ms
	BeginReloadAssembly (159ms)
		ExecutionOrderSort (0ms)
		DisableScriptedObjects (6ms)
		BackupInstance (0ms)
		ReleaseScriptingObjects (0ms)
		CreateAndSetChildDomain (40ms)
	RebuildCommonClasses (34ms)
	RebuildNativeTypeToScriptingClass (12ms)
	initialDomainReloadingComplete (24ms)
	LoadAllAssembliesAndSetupDomain (190ms)
		LoadAssemblies (258ms)
		RebuildTransferFunctionScriptingTraits (0ms)
		AnalyzeDomain (13ms)
			TypeCache.Refresh (5ms)
				TypeCache.ScanAssembly (0ms)
			ScanForSourceGeneratedMonoScriptInfo (0ms)
			ResolveRequiredComponents (6ms)
	FinalizeReload (899ms)
		ReleaseScriptCaches (0ms)
		RebuildScriptCaches (0ms)
		SetupLoadedEditorAssemblies (475ms)
			LogAssemblyErrors (0ms)
			InitializePlatformSupportModulesInManaged (4ms)
			SetLoadedEditorAssemblies (5ms)
			RefreshPlugins (0ms)
			BeforeProcessingInitializeOnLoad (56ms)
			ProcessInitializeOnLoadAttributes (370ms)
			ProcessInitializeOnLoadMethodAttributes (36ms)
			AfterProcessingInitializeOnLoad (3ms)
			EditorAssembliesLoaded (0ms)
		ExecutionOrderSort2 (0ms)
		AwakeInstancesAfterBackupRestoration (15ms)
Refreshing native plugins compatible for Editor in 3.70 ms, found 3 plugins.
Preloading 0 native plugins for Editor in 0.00 ms.
Unloading 3077 Unused Serialized files (Serialized files now loaded: 0)
Unloading 21 unused Assets / (29.7 KB). Loaded Objects now: 3639.
Memory consumption went from 118.9 MB to 118.9 MB.
Total: 8.007900 ms (FindLiveObjects: 1.397900 ms CreateObjectMapping: 1.162100 ms MarkObjects: 5.206400 ms  DeleteObjects: 0.237700 ms)

Prepare: number of updated asset objects reloaded= 0
AssetImportParameters requested are different than current active one (requested -> active):
  custom:container-demuxer-ogg: 62fdf1f143b41e24485cea50d1cbac27 -> 
  custom:video-codec-MediaFoundation-h265: 746d11721c4dcdbdad8f713fa42b33f4 -> 
  custom:video-decoder-ogg-theora: a1e56fd34408186e4bbccfd4996cb3dc -> 
  custom:framework-win-MediaFoundation: 216162199b28c13a410421893ffa2e32 -> 
  custom:CustomObjectIndexerAttribute: 756ad292c208cfabdd7b50bc23989ffe -> 
  custom:container-demuxer-webm: 4f35f7cbe854078d1ac9338744f61a02 -> 
  custom:container-muxer-webm: aa71ff27fc2769a1b78a27578f13a17b -> 
  custom:video-decoder-webm-vp8: 9c59270c3fd7afecdb556c50c9e8de78 -> 
  custom:SearchIndexIgnoredProperties: e643bd26f0fe6173181afceb89e7c659 -> 
  custom:AudioImporter_EditorPlatform: d09bf68614088b80899f8185d706f6e7 -> 
  custom:video-encoder-webm-vp8: eb34c28f22e8b96e1ab97ce403110664 -> 
  custom:audio-decoder-ogg-vorbis: bf7c407c2cedff20999df2af8eb42d56 -> 
  custom:audio-encoder-webm-vorbis: bf7c407c2cedff20999df2af8eb42d56 -> 
========================================================================
Received Prepare
Begin MonoManager ReloadAssembly
Symbol file LoadedFromMemory doesn't match image D:\Uni work\GAM20003\ChromaShift\ChromaShift\Library\PackageCache\com.unity.visualscripting@1.8.0\Editor\VisualScripting.Core\Dependencies\YamlDotNet\Unity.VisualScripting.YamlDotNet.dll
Symbol file LoadedFromMemory doesn't match image D:\Uni work\GAM20003\ChromaShift\ChromaShift\Library\PackageCache\com.unity.visualscripting@1.8.0\Editor\VisualScripting.Core\Dependencies\DotNetZip\Unity.VisualScripting.IonicZip.dll
- Loaded All Assemblies, in  0.427 seconds
Refreshing native plugins compatible for Editor in 1.50 ms, found 3 plugins.
Native extension for WindowsStandalone target not found
Mono: successfully reloaded assembly
- Finished resetting the current domain, in  0.840 seconds
Domain Reload Profiling: 1268ms
	BeginReloadAssembly (158ms)
		ExecutionOrderSort (0ms)
		DisableScriptedObjects (8ms)
		BackupInstance (0ms)
		ReleaseScriptingObjects (0ms)
		CreateAndSetChildDomain (35ms)
	RebuildCommonClasses (34ms)
	RebuildNativeTypeToScriptingClass (12ms)
	initialDomainReloadingComplete (31ms)
	LoadAllAssembliesAndSetupDomain (192ms)
		LoadAssemblies (264ms)
		RebuildTransferFunctionScriptingTraits (0ms)
		AnalyzeDomain (14ms)
			TypeCache.Refresh (7ms)
				TypeCache.ScanAssembly (0ms)
			ScanForSourceGeneratedMonoScriptInfo (0ms)
			ResolveRequiredComponents (5ms)
	FinalizeReload (841ms)
		ReleaseScriptCaches (0ms)
		RebuildScriptCaches (0ms)
		SetupLoadedEditorAssemblies (456ms)
			LogAssemblyErrors (0ms)
			InitializePlatformSupportModulesInManaged (5ms)
			SetLoadedEditorAssemblies (5ms)
			RefreshPlugins (0ms)
			BeforeProcessingInitializeOnLoad (55ms)
			ProcessInitializeOnLoadAttributes (353ms)
			ProcessInitializeOnLoadMethodAttributes (33ms)
			AfterProcessingInitializeOnLoad (5ms)
			EditorAssembliesLoaded (0ms)
		ExecutionOrderSort2 (0ms)
		AwakeInstancesAfterBackupRestoration (10ms)
Refreshing native plugins compatible for Editor in 2.84 ms, found 3 plugins.
Preloading 0 native plugins for Editor in 0.00 ms.
Unloading 3077 Unused Serialized files (Serialized files now loaded: 0)
Unloading 21 unused Assets / (29.7 KB). Loaded Objects now: 3642.
Memory consumption went from 118.9 MB to 118.9 MB.
Total: 7.322800 ms (FindLiveObjects: 1.241400 ms CreateObjectMapping: 0.807500 ms MarkObjects: 5.177700 ms  DeleteObjects: 0.094400 ms)

Prepare: number of updated asset objects reloaded= 0
AssetImportParameters requested are different than current active one (requested -> active):
  custom:container-demuxer-ogg: 62fdf1f143b41e24485cea50d1cbac27 -> 
  custom:video-codec-MediaFoundation-h265: 746d11721c4dcdbdad8f713fa42b33f4 -> 
  custom:video-decoder-ogg-theora: a1e56fd34408186e4bbccfd4996cb3dc -> 
  custom:framework-win-MediaFoundation: 216162199b28c13a410421893ffa2e32 -> 
  custom:CustomObjectIndexerAttribute: 756ad292c208cfabdd7b50bc23989ffe -> 
  custom:container-demuxer-webm: 4f35f7cbe854078d1ac9338744f61a02 -> 
  custom:container-muxer-webm: aa71ff27fc2769a1b78a27578f13a17b -> 
  custom:video-decoder-webm-vp8: 9c59270c3fd7afecdb556c50c9e8de78 -> 
  custom:SearchIndexIgnoredProperties: e643bd26f0fe6173181afceb89e7c659 -> 
  custom:AudioImporter_EditorPlatform: d09bf68614088b80899f8185d706f6e7 -> 
  custom:video-encoder-webm-vp8: eb34c28f22e8b96e1ab97ce403110664 -> 
  custom:audio-decoder-ogg-vorbis: bf7c407c2cedff20999df2af8eb42d56 -> 
  custom:audio-encoder-webm-vorbis: bf7c407c2cedff20999df2af8eb42d56 -> 
========================================================================
Received Prepare
Begin MonoManager ReloadAssembly
Symbol file LoadedFromMemory doesn't match image D:\Uni work\GAM20003\ChromaShift\ChromaShift\Library\PackageCache\com.unity.visualscripting@1.8.0\Editor\VisualScripting.Core\Dependencies\YamlDotNet\Unity.VisualScripting.YamlDotNet.dll
Symbol file LoadedFromMemory doesn't match image D:\Uni work\GAM20003\ChromaShift\ChromaShift\Library\PackageCache\com.unity.visualscripting@1.8.0\Editor\VisualScripting.Core\Dependencies\DotNetZip\Unity.VisualScripting.IonicZip.dll
- Loaded All Assemblies, in  0.428 seconds
Refreshing native plugins compatible for Editor in 1.52 ms, found 3 plugins.
Native extension for WindowsStandalone target not found
Mono: successfully reloaded assembly
- Finished resetting the current domain, in  0.751 seconds
Domain Reload Profiling: 1179ms
	BeginReloadAssembly (163ms)
		ExecutionOrderSort (0ms)
		DisableScriptedObjects (8ms)
		BackupInstance (0ms)
		ReleaseScriptingObjects (0ms)
		CreateAndSetChildDomain (34ms)
	RebuildCommonClasses (39ms)
	RebuildNativeTypeToScriptingClass (12ms)
	initialDomainReloadingComplete (27ms)
	LoadAllAssembliesAndSetupDomain (186ms)
		LoadAssemblies (255ms)
		RebuildTransferFunctionScriptingTraits (0ms)
		AnalyzeDomain (16ms)
			TypeCache.Refresh (9ms)
				TypeCache.ScanAssembly (0ms)
			ScanForSourceGeneratedMonoScriptInfo (0ms)
			ResolveRequiredComponents (5ms)
	FinalizeReload (751ms)
		ReleaseScriptCaches (0ms)
		RebuildScriptCaches (0ms)
		SetupLoadedEditorAssemblies (366ms)
			LogAssemblyErrors (0ms)
			InitializePlatformSupportModulesInManaged (4ms)
			SetLoadedEditorAssemblies (5ms)
			RefreshPlugins (0ms)
			BeforeProcessingInitializeOnLoad (55ms)
			ProcessInitializeOnLoadAttributes (275ms)
			ProcessInitializeOnLoadMethodAttributes (23ms)
			AfterProcessingInitializeOnLoad (3ms)
			EditorAssembliesLoaded (0ms)
		ExecutionOrderSort2 (0ms)
		AwakeInstancesAfterBackupRestoration (11ms)
Refreshing native plugins compatible for Editor in 4.01 ms, found 3 plugins.
Preloading 0 native plugins for Editor in 0.00 ms.
Unloading 3077 Unused Serialized files (Serialized files now loaded: 0)
Unloading 21 unused Assets / (29.7 KB). Loaded Objects now: 3645.
Memory consumption went from 118.9 MB to 118.9 MB.
Total: 5.072400 ms (FindLiveObjects: 0.413100 ms CreateObjectMapping: 0.281800 ms MarkObjects: 4.307700 ms  DeleteObjects: 0.068300 ms)

Prepare: number of updated asset objects reloaded= 0
AssetImportParameters requested are different than current active one (requested -> active):
  custom:container-demuxer-ogg: 62fdf1f143b41e24485cea50d1cbac27 -> 
  custom:video-codec-MediaFoundation-h265: 746d11721c4dcdbdad8f713fa42b33f4 -> 
  custom:video-decoder-ogg-theora: a1e56fd34408186e4bbccfd4996cb3dc -> 
  custom:framework-win-MediaFoundation: 216162199b28c13a410421893ffa2e32 -> 
  custom:CustomObjectIndexerAttribute: 756ad292c208cfabdd7b50bc23989ffe -> 
  custom:container-demuxer-webm: 4f35f7cbe854078d1ac9338744f61a02 -> 
  custom:container-muxer-webm: aa71ff27fc2769a1b78a27578f13a17b -> 
  custom:video-decoder-webm-vp8: 9c59270c3fd7afecdb556c50c9e8de78 -> 
  custom:SearchIndexIgnoredProperties: e643bd26f0fe6173181afceb89e7c659 -> 
  custom:AudioImporter_EditorPlatform: d09bf68614088b80899f8185d706f6e7 -> 
  custom:video-encoder-webm-vp8: eb34c28f22e8b96e1ab97ce403110664 -> 
  custom:audio-decoder-ogg-vorbis: bf7c407c2cedff20999df2af8eb42d56 -> 
  custom:audio-encoder-webm-vorbis: bf7c407c2cedff20999df2af8eb42d56 -> 
========================================================================
Received Prepare
Begin MonoManager ReloadAssembly
Symbol file LoadedFromMemory doesn't match image D:\Uni work\GAM20003\ChromaShift\ChromaShift\Library\PackageCache\com.unity.visualscripting@1.8.0\Editor\VisualScripting.Core\Dependencies\YamlDotNet\Unity.VisualScripting.YamlDotNet.dll
Symbol file LoadedFromMemory doesn't match image D:\Uni work\GAM20003\ChromaShift\ChromaShift\Library\PackageCache\com.unity.visualscripting@1.8.0\Editor\VisualScripting.Core\Dependencies\DotNetZip\Unity.VisualScripting.IonicZip.dll
- Loaded All Assemblies, in  0.432 seconds
Refreshing native plugins compatible for Editor in 1.74 ms, found 3 plugins.
Native extension for WindowsStandalone target not found
Mono: successfully reloaded assembly
- Finished resetting the current domain, in  0.782 seconds
Domain Reload Profiling: 1214ms
	BeginReloadAssembly (164ms)
		ExecutionOrderSort (0ms)
		DisableScriptedObjects (9ms)
		BackupInstance (0ms)
		ReleaseScriptingObjects (0ms)
		CreateAndSetChildDomain (33ms)
	RebuildCommonClasses (40ms)
	RebuildNativeTypeToScriptingClass (12ms)
	initialDomainReloadingComplete (29ms)
	LoadAllAssembliesAndSetupDomain (187ms)
		LoadAssemblies (259ms)
		RebuildTransferFunctionScriptingTraits (0ms)
		AnalyzeDomain (14ms)
			TypeCache.Refresh (7ms)
				TypeCache.ScanAssembly (0ms)
			ScanForSourceGeneratedMonoScriptInfo (0ms)
			ResolveRequiredComponents (5ms)
	FinalizeReload (782ms)
		ReleaseScriptCaches (0ms)
		RebuildScriptCaches (0ms)
		SetupLoadedEditorAssemblies (425ms)
			LogAssemblyErrors (0ms)
			InitializePlatformSupportModulesInManaged (4ms)
			SetLoadedEditorAssemblies (5ms)
			RefreshPlugins (0ms)
			BeforeProcessingInitializeOnLoad (54ms)
			ProcessInitializeOnLoadAttributes (328ms)
			ProcessInitializeOnLoadMethodAttributes (30ms)
			AfterProcessingInitializeOnLoad (3ms)
			EditorAssembliesLoaded (0ms)
		ExecutionOrderSort2 (0ms)
		AwakeInstancesAfterBackupRestoration (8ms)
Refreshing native plugins compatible for Editor in 4.78 ms, found 3 plugins.
Preloading 0 native plugins for Editor in 0.00 ms.
Unloading 3077 Unused Serialized files (Serialized files now loaded: 0)
Unloading 21 unused Assets / (29.7 KB). Loaded Objects now: 3648.
Memory consumption went from 118.9 MB to 118.9 MB.
Total: 7.980600 ms (FindLiveObjects: 0.350000 ms CreateObjectMapping: 0.281200 ms MarkObjects: 7.232400 ms  DeleteObjects: 0.115400 ms)

Prepare: number of updated asset objects reloaded= 0
AssetImportParameters requested are different than current active one (requested -> active):
  custom:container-demuxer-ogg: 62fdf1f143b41e24485cea50d1cbac27 -> 
  custom:video-codec-MediaFoundation-h265: 746d11721c4dcdbdad8f713fa42b33f4 -> 
  custom:video-decoder-ogg-theora: a1e56fd34408186e4bbccfd4996cb3dc -> 
  custom:framework-win-MediaFoundation: 216162199b28c13a410421893ffa2e32 -> 
  custom:CustomObjectIndexerAttribute: 756ad292c208cfabdd7b50bc23989ffe -> 
  custom:container-demuxer-webm: 4f35f7cbe854078d1ac9338744f61a02 -> 
  custom:container-muxer-webm: aa71ff27fc2769a1b78a27578f13a17b -> 
  custom:video-decoder-webm-vp8: 9c59270c3fd7afecdb556c50c9e8de78 -> 
  custom:SearchIndexIgnoredProperties: e643bd26f0fe6173181afceb89e7c659 -> 
  custom:AudioImporter_EditorPlatform: d09bf68614088b80899f8185d706f6e7 -> 
  custom:video-encoder-webm-vp8: eb34c28f22e8b96e1ab97ce403110664 -> 
  custom:audio-decoder-ogg-vorbis: bf7c407c2cedff20999df2af8eb42d56 -> 
  custom:audio-encoder-webm-vorbis: bf7c407c2cedff20999df2af8eb42d56 -> 
========================================================================
Received Prepare
Begin MonoManager ReloadAssembly
Symbol file LoadedFromMemory doesn't match image D:\Uni work\GAM20003\ChromaShift\ChromaShift\Library\PackageCache\com.unity.visualscripting@1.8.0\Editor\VisualScripting.Core\Dependencies\YamlDotNet\Unity.VisualScripting.YamlDotNet.dll
Symbol file LoadedFromMemory doesn't match image D:\Uni work\GAM20003\ChromaShift\ChromaShift\Library\PackageCache\com.unity.visualscripting@1.8.0\Editor\VisualScripting.Core\Dependencies\DotNetZip\Unity.VisualScripting.IonicZip.dll
- Loaded All Assemblies, in  0.411 seconds
Refreshing native plugins compatible for Editor in 1.66 ms, found 3 plugins.
Native extension for WindowsStandalone target not found
Mono: successfully reloaded assembly
- Finished resetting the current domain, in  0.814 seconds
Domain Reload Profiling: 1225ms
	BeginReloadAssembly (151ms)
		ExecutionOrderSort (0ms)
		DisableScriptedObjects (7ms)
		BackupInstance (0ms)
		ReleaseScriptingObjects (0ms)
		CreateAndSetChildDomain (35ms)
	RebuildCommonClasses (39ms)
	RebuildNativeTypeToScriptingClass (12ms)
	initialDomainReloadingComplete (23ms)
	LoadAllAssembliesAndSetupDomain (184ms)
		LoadAssemblies (252ms)
		RebuildTransferFunctionScriptingTraits (0ms)
		AnalyzeDomain (13ms)
			TypeCache.Refresh (6ms)
				TypeCache.ScanAssembly (0ms)
			ScanForSourceGeneratedMonoScriptInfo (0ms)
			ResolveRequiredComponents (5ms)
	FinalizeReload (815ms)
		ReleaseScriptCaches (0ms)
		RebuildScriptCaches (0ms)
		SetupLoadedEditorAssemblies (437ms)
			LogAssemblyErrors (0ms)
			InitializePlatformSupportModulesInManaged (5ms)
			SetLoadedEditorAssemblies (14ms)
			RefreshPlugins (0ms)
			BeforeProcessingInitializeOnLoad (87ms)
			ProcessInitializeOnLoadAttributes (308ms)
			ProcessInitializeOnLoadMethodAttributes (20ms)
			AfterProcessingInitializeOnLoad (2ms)
			EditorAssembliesLoaded (0ms)
		ExecutionOrderSort2 (0ms)
		AwakeInstancesAfterBackupRestoration (7ms)
Refreshing native plugins compatible for Editor in 1.97 ms, found 3 plugins.
Preloading 0 native plugins for Editor in 0.00 ms.
Unloading 3077 Unused Serialized files (Serialized files now loaded: 0)
Unloading 21 unused Assets / (29.7 KB). Loaded Objects now: 3651.
Memory consumption went from 118.9 MB to 118.9 MB.
Total: 5.312000 ms (FindLiveObjects: 0.591200 ms CreateObjectMapping: 0.535700 ms MarkObjects: 4.095300 ms  DeleteObjects: 0.087800 ms)

Prepare: number of updated asset objects reloaded= 0
AssetImportParameters requested are different than current active one (requested -> active):
  custom:container-demuxer-ogg: 62fdf1f143b41e24485cea50d1cbac27 -> 
  custom:video-codec-MediaFoundation-h265: 746d11721c4dcdbdad8f713fa42b33f4 -> 
  custom:video-decoder-ogg-theora: a1e56fd34408186e4bbccfd4996cb3dc -> 
  custom:framework-win-MediaFoundation: 216162199b28c13a410421893ffa2e32 -> 
  custom:CustomObjectIndexerAttribute: 756ad292c208cfabdd7b50bc23989ffe -> 
  custom:container-demuxer-webm: 4f35f7cbe854078d1ac9338744f61a02 -> 
  custom:container-muxer-webm: aa71ff27fc2769a1b78a27578f13a17b -> 
  custom:video-decoder-webm-vp8: 9c59270c3fd7afecdb556c50c9e8de78 -> 
  custom:SearchIndexIgnoredProperties: e643bd26f0fe6173181afceb89e7c659 -> 
  custom:AudioImporter_EditorPlatform: d09bf68614088b80899f8185d706f6e7 -> 
  custom:video-encoder-webm-vp8: eb34c28f22e8b96e1ab97ce403110664 -> 
  custom:audio-decoder-ogg-vorbis: bf7c407c2cedff20999df2af8eb42d56 -> 
  custom:audio-encoder-webm-vorbis: bf7c407c2cedff20999df2af8eb42d56 -> 
========================================================================
Received Prepare
Begin MonoManager ReloadAssembly
Symbol file LoadedFromMemory doesn't match image D:\Uni work\GAM20003\ChromaShift\ChromaShift\Library\PackageCache\com.unity.visualscripting@1.8.0\Editor\VisualScripting.Core\Dependencies\YamlDotNet\Unity.VisualScripting.YamlDotNet.dll
Symbol file LoadedFromMemory doesn't match image D:\Uni work\GAM20003\ChromaShift\ChromaShift\Library\PackageCache\com.unity.visualscripting@1.8.0\Editor\VisualScripting.Core\Dependencies\DotNetZip\Unity.VisualScripting.IonicZip.dll
- Loaded All Assemblies, in  0.406 seconds
Refreshing native plugins compatible for Editor in 1.59 ms, found 3 plugins.
Native extension for WindowsStandalone target not found
Mono: successfully reloaded assembly
- Finished resetting the current domain, in  0.839 seconds
Domain Reload Profiling: 1245ms
	BeginReloadAssembly (149ms)
		ExecutionOrderSort (0ms)
		DisableScriptedObjects (7ms)
		BackupInstance (0ms)
		ReleaseScriptingObjects (0ms)
		CreateAndSetChildDomain (33ms)
	RebuildCommonClasses (36ms)
	RebuildNativeTypeToScriptingClass (12ms)
	initialDomainReloadingComplete (24ms)
	LoadAllAssembliesAndSetupDomain (185ms)
		LoadAssemblies (247ms)
		RebuildTransferFunctionScriptingTraits (0ms)
		AnalyzeDomain (15ms)
			TypeCache.Refresh (5ms)
				TypeCache.ScanAssembly (0ms)
			ScanForSourceGeneratedMonoScriptInfo (0ms)
			ResolveRequiredComponents (6ms)
	FinalizeReload (840ms)
		ReleaseScriptCaches (0ms)
		RebuildScriptCaches (0ms)
		SetupLoadedEditorAssemblies (409ms)
			LogAssemblyErrors (0ms)
			InitializePlatformSupportModulesInManaged (7ms)
			SetLoadedEditorAssemblies (9ms)
			RefreshPlugins (0ms)
			BeforeProcessingInitializeOnLoad (86ms)
			ProcessInitializeOnLoadAttributes (281ms)
			ProcessInitializeOnLoadMethodAttributes (24ms)
			AfterProcessingInitializeOnLoad (2ms)
			EditorAssembliesLoaded (0ms)
		ExecutionOrderSort2 (0ms)
		AwakeInstancesAfterBackupRestoration (7ms)
Refreshing native plugins compatible for Editor in 1.59 ms, found 3 plugins.
Preloading 0 native plugins for Editor in 0.00 ms.
Unloading 3077 Unused Serialized files (Serialized files now loaded: 0)
Unloading 21 unused Assets / (29.7 KB). Loaded Objects now: 3654.
Memory consumption went from 118.9 MB to 118.9 MB.
Total: 5.034900 ms (FindLiveObjects: 0.309300 ms CreateObjectMapping: 0.279200 ms MarkObjects: 4.311500 ms  DeleteObjects: 0.133200 ms)

Prepare: number of updated asset objects reloaded= 0
AssetImportParameters requested are different than current active one (requested -> active):
  custom:container-demuxer-ogg: 62fdf1f143b41e24485cea50d1cbac27 -> 
  custom:video-codec-MediaFoundation-h265: 746d11721c4dcdbdad8f713fa42b33f4 -> 
  custom:video-decoder-ogg-theora: a1e56fd34408186e4bbccfd4996cb3dc -> 
  custom:framework-win-MediaFoundation: 216162199b28c13a410421893ffa2e32 -> 
  custom:CustomObjectIndexerAttribute: 756ad292c208cfabdd7b50bc23989ffe -> 
  custom:container-demuxer-webm: 4f35f7cbe854078d1ac9338744f61a02 -> 
  custom:container-muxer-webm: aa71ff27fc2769a1b78a27578f13a17b -> 
  custom:video-decoder-webm-vp8: 9c59270c3fd7afecdb556c50c9e8de78 -> 
  custom:SearchIndexIgnoredProperties: e643bd26f0fe6173181afceb89e7c659 -> 
  custom:AudioImporter_EditorPlatform: d09bf68614088b80899f8185d706f6e7 -> 
  custom:video-encoder-webm-vp8: eb34c28f22e8b96e1ab97ce403110664 -> 
  custom:audio-decoder-ogg-vorbis: bf7c407c2cedff20999df2af8eb42d56 -> 
  custom:audio-encoder-webm-vorbis: bf7c407c2cedff20999df2af8eb42d56 -> 
========================================================================
Received Prepare
Begin MonoManager ReloadAssembly
Symbol file LoadedFromMemory doesn't match image D:\Uni work\GAM20003\ChromaShift\ChromaShift\Library\PackageCache\com.unity.visualscripting@1.8.0\Editor\VisualScripting.Core\Dependencies\YamlDotNet\Unity.VisualScripting.YamlDotNet.dll
Symbol file LoadedFromMemory doesn't match image D:\Uni work\GAM20003\ChromaShift\ChromaShift\Library\PackageCache\com.unity.visualscripting@1.8.0\Editor\VisualScripting.Core\Dependencies\DotNetZip\Unity.VisualScripting.IonicZip.dll
- Loaded All Assemblies, in  0.411 seconds
Refreshing native plugins compatible for Editor in 1.68 ms, found 3 plugins.
Native extension for WindowsStandalone target not found
Mono: successfully reloaded assembly
- Finished resetting the current domain, in  0.770 seconds
Domain Reload Profiling: 1181ms
	BeginReloadAssembly (156ms)
		ExecutionOrderSort (0ms)
		DisableScriptedObjects (7ms)
		BackupInstance (0ms)
		ReleaseScriptingObjects (0ms)
		CreateAndSetChildDomain (32ms)
	RebuildCommonClasses (34ms)
	RebuildNativeTypeToScriptingClass (13ms)
	initialDomainReloadingComplete (24ms)
	LoadAllAssembliesAndSetupDomain (185ms)
		LoadAssemblies (258ms)
		RebuildTransferFunctionScriptingTraits (0ms)
		AnalyzeDomain (15ms)
			TypeCache.Refresh (7ms)
				TypeCache.ScanAssembly (0ms)
			ScanForSourceGeneratedMonoScriptInfo (0ms)
			ResolveRequiredComponents (6ms)
	FinalizeReload (770ms)
		ReleaseScriptCaches (0ms)
		RebuildScriptCaches (0ms)
		SetupLoadedEditorAssemblies (392ms)
			LogAssemblyErrors (0ms)
			InitializePlatformSupportModulesInManaged (5ms)
			SetLoadedEditorAssemblies (5ms)
			RefreshPlugins (0ms)
			BeforeProcessingInitializeOnLoad (56ms)
			ProcessInitializeOnLoadAttributes (299ms)
			ProcessInitializeOnLoadMethodAttributes (22ms)
			AfterProcessingInitializeOnLoad (4ms)
			EditorAssembliesLoaded (0ms)
		ExecutionOrderSort2 (0ms)
		AwakeInstancesAfterBackupRestoration (11ms)
Refreshing native plugins compatible for Editor in 2.68 ms, found 3 plugins.
Preloading 0 native plugins for Editor in 0.00 ms.
Unloading 3077 Unused Serialized files (Serialized files now loaded: 0)
Unloading 21 unused Assets / (29.7 KB). Loaded Objects now: 3657.
Memory consumption went from 118.9 MB to 118.9 MB.
Total: 4.298500 ms (FindLiveObjects: 0.439400 ms CreateObjectMapping: 0.264100 ms MarkObjects: 3.485600 ms  DeleteObjects: 0.107600 ms)

Prepare: number of updated asset objects reloaded= 0
AssetImportParameters requested are different than current active one (requested -> active):
  custom:container-demuxer-ogg: 62fdf1f143b41e24485cea50d1cbac27 -> 
  custom:video-codec-MediaFoundation-h265: 746d11721c4dcdbdad8f713fa42b33f4 -> 
  custom:video-decoder-ogg-theora: a1e56fd34408186e4bbccfd4996cb3dc -> 
  custom:framework-win-MediaFoundation: 216162199b28c13a410421893ffa2e32 -> 
  custom:CustomObjectIndexerAttribute: 756ad292c208cfabdd7b50bc23989ffe -> 
  custom:container-demuxer-webm: 4f35f7cbe854078d1ac9338744f61a02 -> 
  custom:container-muxer-webm: aa71ff27fc2769a1b78a27578f13a17b -> 
  custom:video-decoder-webm-vp8: 9c59270c3fd7afecdb556c50c9e8de78 -> 
  custom:SearchIndexIgnoredProperties: e643bd26f0fe6173181afceb89e7c659 -> 
  custom:AudioImporter_EditorPlatform: d09bf68614088b80899f8185d706f6e7 -> 
  custom:video-encoder-webm-vp8: eb34c28f22e8b96e1ab97ce403110664 -> 
  custom:audio-decoder-ogg-vorbis: bf7c407c2cedff20999df2af8eb42d56 -> 
  custom:audio-encoder-webm-vorbis: bf7c407c2cedff20999df2af8eb42d56 -> 
========================================================================
Received Prepare
Begin MonoManager ReloadAssembly
Symbol file LoadedFromMemory doesn't match image D:\Uni work\GAM20003\ChromaShift\ChromaShift\Library\PackageCache\com.unity.visualscripting@1.8.0\Editor\VisualScripting.Core\Dependencies\YamlDotNet\Unity.VisualScripting.YamlDotNet.dll
Symbol file LoadedFromMemory doesn't match image D:\Uni work\GAM20003\ChromaShift\ChromaShift\Library\PackageCache\com.unity.visualscripting@1.8.0\Editor\VisualScripting.Core\Dependencies\DotNetZip\Unity.VisualScripting.IonicZip.dll
- Loaded All Assemblies, in  0.422 seconds
Refreshing native plugins compatible for Editor in 1.57 ms, found 3 plugins.
Native extension for WindowsStandalone target not found
Mono: successfully reloaded assembly
- Finished resetting the current domain, in  0.733 seconds
Domain Reload Profiling: 1155ms
	BeginReloadAssembly (151ms)
		ExecutionOrderSort (0ms)
		DisableScriptedObjects (6ms)
		BackupInstance (0ms)
		ReleaseScriptingObjects (0ms)
		CreateAndSetChildDomain (35ms)
	RebuildCommonClasses (53ms)
	RebuildNativeTypeToScriptingClass (13ms)
	initialDomainReloadingComplete (24ms)
	LoadAllAssembliesAndSetupDomain (182ms)
		LoadAssemblies (251ms)
		RebuildTransferFunctionScriptingTraits (0ms)
		AnalyzeDomain (12ms)
			TypeCache.Refresh (5ms)
				TypeCache.ScanAssembly (0ms)
			ScanForSourceGeneratedMonoScriptInfo (0ms)
			ResolveRequiredComponents (5ms)
	FinalizeReload (733ms)
		ReleaseScriptCaches (0ms)
		RebuildScriptCaches (0ms)
		SetupLoadedEditorAssemblies (361ms)
			LogAssemblyErrors (0ms)
			InitializePlatformSupportModulesInManaged (4ms)
			SetLoadedEditorAssemblies (5ms)
			RefreshPlugins (0ms)
			BeforeProcessingInitializeOnLoad (55ms)
			ProcessInitializeOnLoadAttributes (265ms)
			ProcessInitializeOnLoadMethodAttributes (29ms)
			AfterProcessingInitializeOnLoad (3ms)
			EditorAssembliesLoaded (0ms)
		ExecutionOrderSort2 (0ms)
		AwakeInstancesAfterBackupRestoration (11ms)
Refreshing native plugins compatible for Editor in 2.47 ms, found 3 plugins.
Preloading 0 native plugins for Editor in 0.00 ms.
Unloading 3077 Unused Serialized files (Serialized files now loaded: 0)
Unloading 21 unused Assets / (29.7 KB). Loaded Objects now: 3660.
Memory consumption went from 118.9 MB to 118.9 MB.
Total: 6.609000 ms (FindLiveObjects: 0.668000 ms CreateObjectMapping: 0.460100 ms MarkObjects: 5.359700 ms  DeleteObjects: 0.118500 ms)

Prepare: number of updated asset objects reloaded= 0
AssetImportParameters requested are different than current active one (requested -> active):
  custom:container-demuxer-ogg: 62fdf1f143b41e24485cea50d1cbac27 -> 
  custom:video-codec-MediaFoundation-h265: 746d11721c4dcdbdad8f713fa42b33f4 -> 
  custom:video-decoder-ogg-theora: a1e56fd34408186e4bbccfd4996cb3dc -> 
  custom:framework-win-MediaFoundation: 216162199b28c13a410421893ffa2e32 -> 
  custom:CustomObjectIndexerAttribute: 756ad292c208cfabdd7b50bc23989ffe -> 
  custom:container-demuxer-webm: 4f35f7cbe854078d1ac9338744f61a02 -> 
  custom:container-muxer-webm: aa71ff27fc2769a1b78a27578f13a17b -> 
  custom:video-decoder-webm-vp8: 9c59270c3fd7afecdb556c50c9e8de78 -> 
  custom:SearchIndexIgnoredProperties: e643bd26f0fe6173181afceb89e7c659 -> 
  custom:AudioImporter_EditorPlatform: d09bf68614088b80899f8185d706f6e7 -> 
  custom:video-encoder-webm-vp8: eb34c28f22e8b96e1ab97ce403110664 -> 
  custom:audio-decoder-ogg-vorbis: bf7c407c2cedff20999df2af8eb42d56 -> 
  custom:audio-encoder-webm-vorbis: bf7c407c2cedff20999df2af8eb42d56 -> 
========================================================================
Received Prepare
Begin MonoManager ReloadAssembly
Symbol file LoadedFromMemory doesn't match image D:\Uni work\GAM20003\ChromaShift\ChromaShift\Library\PackageCache\com.unity.visualscripting@1.8.0\Editor\VisualScripting.Core\Dependencies\YamlDotNet\Unity.VisualScripting.YamlDotNet.dll
Symbol file LoadedFromMemory doesn't match image D:\Uni work\GAM20003\ChromaShift\ChromaShift\Library\PackageCache\com.unity.visualscripting@1.8.0\Editor\VisualScripting.Core\Dependencies\DotNetZip\Unity.VisualScripting.IonicZip.dll
- Loaded All Assemblies, in  0.421 seconds
Refreshing native plugins compatible for Editor in 1.54 ms, found 3 plugins.
Native extension for WindowsStandalone target not found
Mono: successfully reloaded assembly
- Finished resetting the current domain, in  0.772 seconds
Domain Reload Profiling: 1194ms
	BeginReloadAssembly (158ms)
		ExecutionOrderSort (0ms)
		DisableScriptedObjects (6ms)
		BackupInstance (0ms)
		ReleaseScriptingObjects (0ms)
		CreateAndSetChildDomain (39ms)
	RebuildCommonClasses (39ms)
	RebuildNativeTypeToScriptingClass (12ms)
	initialDomainReloadingComplete (29ms)
	LoadAllAssembliesAndSetupDomain (183ms)
		LoadAssemblies (254ms)
		RebuildTransferFunctionScriptingTraits (0ms)
		AnalyzeDomain (12ms)
			TypeCache.Refresh (5ms)
				TypeCache.ScanAssembly (0ms)
			ScanForSourceGeneratedMonoScriptInfo (0ms)
			ResolveRequiredComponents (5ms)
	FinalizeReload (773ms)
		ReleaseScriptCaches (0ms)
		RebuildScriptCaches (0ms)
		SetupLoadedEditorAssemblies (412ms)
			LogAssemblyErrors (0ms)
			InitializePlatformSupportModulesInManaged (5ms)
			SetLoadedEditorAssemblies (5ms)
			RefreshPlugins (0ms)
			BeforeProcessingInitializeOnLoad (53ms)
			ProcessInitializeOnLoadAttributes (322ms)
			ProcessInitializeOnLoadMethodAttributes (23ms)
			AfterProcessingInitializeOnLoad (3ms)
			EditorAssembliesLoaded (0ms)
		ExecutionOrderSort2 (0ms)
		AwakeInstancesAfterBackupRestoration (8ms)
Refreshing native plugins compatible for Editor in 2.70 ms, found 3 plugins.
Preloading 0 native plugins for Editor in 0.00 ms.
Unloading 3077 Unused Serialized files (Serialized files now loaded: 0)
Unloading 21 unused Assets / (29.7 KB). Loaded Objects now: 3663.
Memory consumption went from 118.9 MB to 118.9 MB.
Total: 8.573300 ms (FindLiveObjects: 0.476300 ms CreateObjectMapping: 0.277900 ms MarkObjects: 7.717500 ms  DeleteObjects: 0.099900 ms)

Prepare: number of updated asset objects reloaded= 0
AssetImportParameters requested are different than current active one (requested -> active):
  custom:container-demuxer-ogg: 62fdf1f143b41e24485cea50d1cbac27 -> 
  custom:video-codec-MediaFoundation-h265: 746d11721c4dcdbdad8f713fa42b33f4 -> 
  custom:video-decoder-ogg-theora: a1e56fd34408186e4bbccfd4996cb3dc -> 
  custom:framework-win-MediaFoundation: 216162199b28c13a410421893ffa2e32 -> 
  custom:CustomObjectIndexerAttribute: 756ad292c208cfabdd7b50bc23989ffe -> 
  custom:container-demuxer-webm: 4f35f7cbe854078d1ac9338744f61a02 -> 
  custom:container-muxer-webm: aa71ff27fc2769a1b78a27578f13a17b -> 
  custom:video-decoder-webm-vp8: 9c59270c3fd7afecdb556c50c9e8de78 -> 
  custom:SearchIndexIgnoredProperties: e643bd26f0fe6173181afceb89e7c659 -> 
  custom:AudioImporter_EditorPlatform: d09bf68614088b80899f8185d706f6e7 -> 
  custom:video-encoder-webm-vp8: eb34c28f22e8b96e1ab97ce403110664 -> 
  custom:audio-decoder-ogg-vorbis: bf7c407c2cedff20999df2af8eb42d56 -> 
  custom:audio-encoder-webm-vorbis: bf7c407c2cedff20999df2af8eb42d56 -> 
========================================================================
Received Prepare
Begin MonoManager ReloadAssembly
Symbol file LoadedFromMemory doesn't match image D:\Uni work\GAM20003\ChromaShift\ChromaShift\Library\PackageCache\com.unity.visualscripting@1.8.0\Editor\VisualScripting.Core\Dependencies\YamlDotNet\Unity.VisualScripting.YamlDotNet.dll
Symbol file LoadedFromMemory doesn't match image D:\Uni work\GAM20003\ChromaShift\ChromaShift\Library\PackageCache\com.unity.visualscripting@1.8.0\Editor\VisualScripting.Core\Dependencies\DotNetZip\Unity.VisualScripting.IonicZip.dll
- Loaded All Assemblies, in  0.426 seconds
Refreshing native plugins compatible for Editor in 1.56 ms, found 3 plugins.
Native extension for WindowsStandalone target not found
Mono: successfully reloaded assembly
- Finished resetting the current domain, in  0.796 seconds
Domain Reload Profiling: 1222ms
	BeginReloadAssembly (159ms)
		ExecutionOrderSort (0ms)
		DisableScriptedObjects (6ms)
		BackupInstance (0ms)
		ReleaseScriptingObjects (0ms)
		CreateAndSetChildDomain (38ms)
	RebuildCommonClasses (34ms)
	RebuildNativeTypeToScriptingClass (12ms)
	initialDomainReloadingComplete (25ms)
	LoadAllAssembliesAndSetupDomain (195ms)
		LoadAssemblies (260ms)
		RebuildTransferFunctionScriptingTraits (0ms)
		AnalyzeDomain (20ms)
			TypeCache.Refresh (9ms)
				TypeCache.ScanAssembly (0ms)
			ScanForSourceGeneratedMonoScriptInfo (0ms)
			ResolveRequiredComponents (10ms)
	FinalizeReload (797ms)
		ReleaseScriptCaches (0ms)
		RebuildScriptCaches (0ms)
		SetupLoadedEditorAssemblies (400ms)
			LogAssemblyErrors (0ms)
			InitializePlatformSupportModulesInManaged (5ms)
			SetLoadedEditorAssemblies (5ms)
			RefreshPlugins (0ms)
			BeforeProcessingInitializeOnLoad (71ms)
			ProcessInitializeOnLoadAttributes (287ms)
			ProcessInitializeOnLoadMethodAttributes (29ms)
			AfterProcessingInitializeOnLoad (4ms)
			EditorAssembliesLoaded (0ms)
		ExecutionOrderSort2 (0ms)
		AwakeInstancesAfterBackupRestoration (10ms)
Refreshing native plugins compatible for Editor in 1.89 ms, found 3 plugins.
Preloading 0 native plugins for Editor in 0.00 ms.
Unloading 3077 Unused Serialized files (Serialized files now loaded: 0)
Unloading 21 unused Assets / (29.7 KB). Loaded Objects now: 3666.
Memory consumption went from 118.9 MB to 118.9 MB.
Total: 7.438600 ms (FindLiveObjects: 0.387500 ms CreateObjectMapping: 0.290000 ms MarkObjects: 6.699400 ms  DeleteObjects: 0.060300 ms)

Prepare: number of updated asset objects reloaded= 0
AssetImportParameters requested are different than current active one (requested -> active):
  custom:container-demuxer-ogg: 62fdf1f143b41e24485cea50d1cbac27 -> 
  custom:video-codec-MediaFoundation-h265: 746d11721c4dcdbdad8f713fa42b33f4 -> 
  custom:video-decoder-ogg-theora: a1e56fd34408186e4bbccfd4996cb3dc -> 
  custom:framework-win-MediaFoundation: 216162199b28c13a410421893ffa2e32 -> 
  custom:CustomObjectIndexerAttribute: 756ad292c208cfabdd7b50bc23989ffe -> 
  custom:container-demuxer-webm: 4f35f7cbe854078d1ac9338744f61a02 -> 
  custom:container-muxer-webm: aa71ff27fc2769a1b78a27578f13a17b -> 
  custom:video-decoder-webm-vp8: 9c59270c3fd7afecdb556c50c9e8de78 -> 
  custom:SearchIndexIgnoredProperties: e643bd26f0fe6173181afceb89e7c659 -> 
  custom:AudioImporter_EditorPlatform: d09bf68614088b80899f8185d706f6e7 -> 
  custom:video-encoder-webm-vp8: eb34c28f22e8b96e1ab97ce403110664 -> 
  custom:audio-decoder-ogg-vorbis: bf7c407c2cedff20999df2af8eb42d56 -> 
  custom:audio-encoder-webm-vorbis: bf7c407c2cedff20999df2af8eb42d56 -> 
========================================================================
Received Prepare
Begin MonoManager ReloadAssembly
Symbol file LoadedFromMemory doesn't match image D:\Uni work\GAM20003\ChromaShift\ChromaShift\Library\PackageCache\com.unity.visualscripting@1.8.0\Editor\VisualScripting.Core\Dependencies\YamlDotNet\Unity.VisualScripting.YamlDotNet.dll
Symbol file LoadedFromMemory doesn't match image D:\Uni work\GAM20003\ChromaShift\ChromaShift\Library\PackageCache\com.unity.visualscripting@1.8.0\Editor\VisualScripting.Core\Dependencies\DotNetZip\Unity.VisualScripting.IonicZip.dll
- Loaded All Assemblies, in  0.414 seconds
Refreshing native plugins compatible for Editor in 1.58 ms, found 3 plugins.
Native extension for WindowsStandalone target not found
Mono: successfully reloaded assembly
- Finished resetting the current domain, in  0.877 seconds
Domain Reload Profiling: 1290ms
	BeginReloadAssembly (154ms)
		ExecutionOrderSort (0ms)
		DisableScriptedObjects (8ms)
		BackupInstance (0ms)
		ReleaseScriptingObjects (0ms)
		CreateAndSetChildDomain (37ms)
	RebuildCommonClasses (36ms)
	RebuildNativeTypeToScriptingClass (12ms)
	initialDomainReloadingComplete (25ms)
	LoadAllAssembliesAndSetupDomain (186ms)
		LoadAssemblies (251ms)
		RebuildTransferFunctionScriptingTraits (0ms)
		AnalyzeDomain (14ms)
			TypeCache.Refresh (5ms)
				TypeCache.ScanAssembly (0ms)
			ScanForSourceGeneratedMonoScriptInfo (0ms)
			ResolveRequiredComponents (7ms)
	FinalizeReload (877ms)
		ReleaseScriptCaches (0ms)
		RebuildScriptCaches (0ms)
		SetupLoadedEditorAssemblies (494ms)
			LogAssemblyErrors (0ms)
			InitializePlatformSupportModulesInManaged (5ms)
			SetLoadedEditorAssemblies (5ms)
			RefreshPlugins (0ms)
			BeforeProcessingInitializeOnLoad (88ms)
			ProcessInitializeOnLoadAttributes (357ms)
			ProcessInitializeOnLoadMethodAttributes (35ms)
			AfterProcessingInitializeOnLoad (4ms)
			EditorAssembliesLoaded (0ms)
		ExecutionOrderSort2 (0ms)
		AwakeInstancesAfterBackupRestoration (11ms)
Refreshing native plugins compatible for Editor in 3.16 ms, found 3 plugins.
Preloading 0 native plugins for Editor in 0.00 ms.
Unloading 3077 Unused Serialized files (Serialized files now loaded: 0)
Unloading 21 unused Assets / (29.7 KB). Loaded Objects now: 3669.
Memory consumption went from 118.9 MB to 118.9 MB.
Total: 9.222800 ms (FindLiveObjects: 0.658300 ms CreateObjectMapping: 0.631500 ms MarkObjects: 7.825500 ms  DeleteObjects: 0.105000 ms)

Prepare: number of updated asset objects reloaded= 0
AssetImportParameters requested are different than current active one (requested -> active):
  custom:container-demuxer-ogg: 62fdf1f143b41e24485cea50d1cbac27 -> 
  custom:video-codec-MediaFoundation-h265: 746d11721c4dcdbdad8f713fa42b33f4 -> 
  custom:video-decoder-ogg-theora: a1e56fd34408186e4bbccfd4996cb3dc -> 
  custom:framework-win-MediaFoundation: 216162199b28c13a410421893ffa2e32 -> 
  custom:CustomObjectIndexerAttribute: 756ad292c208cfabdd7b50bc23989ffe -> 
  custom:container-demuxer-webm: 4f35f7cbe854078d1ac9338744f61a02 -> 
  custom:container-muxer-webm: aa71ff27fc2769a1b78a27578f13a17b -> 
  custom:video-decoder-webm-vp8: 9c59270c3fd7afecdb556c50c9e8de78 -> 
  custom:SearchIndexIgnoredProperties: e643bd26f0fe6173181afceb89e7c659 -> 
  custom:AudioImporter_EditorPlatform: d09bf68614088b80899f8185d706f6e7 -> 
  custom:video-encoder-webm-vp8: eb34c28f22e8b96e1ab97ce403110664 -> 
  custom:audio-decoder-ogg-vorbis: bf7c407c2cedff20999df2af8eb42d56 -> 
  custom:audio-encoder-webm-vorbis: bf7c407c2cedff20999df2af8eb42d56 -> 
========================================================================
Received Prepare
Begin MonoManager ReloadAssembly
Symbol file LoadedFromMemory doesn't match image D:\Uni work\GAM20003\ChromaShift\ChromaShift\Library\PackageCache\com.unity.visualscripting@1.8.0\Editor\VisualScripting.Core\Dependencies\YamlDotNet\Unity.VisualScripting.YamlDotNet.dll
Symbol file LoadedFromMemory doesn't match image D:\Uni work\GAM20003\ChromaShift\ChromaShift\Library\PackageCache\com.unity.visualscripting@1.8.0\Editor\VisualScripting.Core\Dependencies\DotNetZip\Unity.VisualScripting.IonicZip.dll
- Loaded All Assemblies, in  0.414 seconds
Refreshing native plugins compatible for Editor in 1.63 ms, found 3 plugins.
Native extension for WindowsStandalone target not found
Mono: successfully reloaded assembly
- Finished resetting the current domain, in  0.832 seconds
Domain Reload Profiling: 1247ms
	BeginReloadAssembly (153ms)
		ExecutionOrderSort (0ms)
		DisableScriptedObjects (6ms)
		BackupInstance (0ms)
		ReleaseScriptingObjects (0ms)
		CreateAndSetChildDomain (35ms)
	RebuildCommonClasses (38ms)
	RebuildNativeTypeToScriptingClass (12ms)
	initialDomainReloadingComplete (25ms)
	LoadAllAssembliesAndSetupDomain (186ms)
		LoadAssemblies (255ms)
		RebuildTransferFunctionScriptingTraits (0ms)
		AnalyzeDomain (13ms)
			TypeCache.Refresh (6ms)
				TypeCache.ScanAssembly (0ms)
			ScanForSourceGeneratedMonoScriptInfo (0ms)
			ResolveRequiredComponents (5ms)
	FinalizeReload (834ms)
		ReleaseScriptCaches (0ms)
		RebuildScriptCaches (0ms)
		SetupLoadedEditorAssemblies (451ms)
			LogAssemblyErrors (0ms)
			InitializePlatformSupportModulesInManaged (5ms)
			SetLoadedEditorAssemblies (5ms)
			RefreshPlugins (0ms)
			BeforeProcessingInitializeOnLoad (56ms)
			ProcessInitializeOnLoadAttributes (348ms)
			ProcessInitializeOnLoadMethodAttributes (33ms)
			AfterProcessingInitializeOnLoad (5ms)
			EditorAssembliesLoaded (0ms)
		ExecutionOrderSort2 (0ms)
		AwakeInstancesAfterBackupRestoration (10ms)
Refreshing native plugins compatible for Editor in 3.07 ms, found 3 plugins.
Preloading 0 native plugins for Editor in 0.00 ms.
Unloading 3077 Unused Serialized files (Serialized files now loaded: 0)
Unloading 21 unused Assets / (29.7 KB). Loaded Objects now: 3672.
Memory consumption went from 118.9 MB to 118.9 MB.
Total: 11.680000 ms (FindLiveObjects: 0.568700 ms CreateObjectMapping: 0.450500 ms MarkObjects: 10.524600 ms  DeleteObjects: 0.134300 ms)

Prepare: number of updated asset objects reloaded= 0
AssetImportParameters requested are different than current active one (requested -> active):
  custom:container-demuxer-ogg: 62fdf1f143b41e24485cea50d1cbac27 -> 
  custom:video-codec-MediaFoundation-h265: 746d11721c4dcdbdad8f713fa42b33f4 -> 
  custom:video-decoder-ogg-theora: a1e56fd34408186e4bbccfd4996cb3dc -> 
  custom:framework-win-MediaFoundation: 216162199b28c13a410421893ffa2e32 -> 
  custom:CustomObjectIndexerAttribute: 756ad292c208cfabdd7b50bc23989ffe -> 
  custom:container-demuxer-webm: 4f35f7cbe854078d1ac9338744f61a02 -> 
  custom:container-muxer-webm: aa71ff27fc2769a1b78a27578f13a17b -> 
  custom:video-decoder-webm-vp8: 9c59270c3fd7afecdb556c50c9e8de78 -> 
  custom:SearchIndexIgnoredProperties: e643bd26f0fe6173181afceb89e7c659 -> 
  custom:AudioImporter_EditorPlatform: d09bf68614088b80899f8185d706f6e7 -> 
  custom:video-encoder-webm-vp8: eb34c28f22e8b96e1ab97ce403110664 -> 
  custom:audio-decoder-ogg-vorbis: bf7c407c2cedff20999df2af8eb42d56 -> 
  custom:audio-encoder-webm-vorbis: bf7c407c2cedff20999df2af8eb42d56 -> 
========================================================================
Received Import Request.
  Time since last request: 1142.241767 seconds.
  path: Assets/Resources/Chunks/Chunk4.prefab
  artifactKey: Guid(8aeaf83fba9afc244afa1414d53820a7) Importer(815301076,1909f56bfc062723c751e8b465ee728b)
Start importing Assets/Resources/Chunks/Chunk4.prefab using Guid(8aeaf83fba9afc244afa1414d53820a7) Importer(815301076,1909f56bfc062723c751e8b465ee728b)  -> (artifact id: 'ff132442b97bb10c6fd187f96580c65a') in 0.179820 seconds
Number of updated asset objects reloaded before import = 0
Number of asset objects unloaded after import = 340
========================================================================
Received Import Request.
  Time since last request: 10.395001 seconds.
  path: Assets/Resources/Chunks/Chunk4.prefab
  artifactKey: Guid(8aeaf83fba9afc244afa1414d53820a7) Importer(815301076,1909f56bfc062723c751e8b465ee728b)
Start importing Assets/Resources/Chunks/Chunk4.prefab using Guid(8aeaf83fba9afc244afa1414d53820a7) Importer(815301076,1909f56bfc062723c751e8b465ee728b)  -> (artifact id: '3ee864528652ba6d9f8745d08e76977c') in 0.032031 seconds
Number of updated asset objects reloaded before import = 0
Number of asset objects unloaded after import = 342
========================================================================
Received Import Request.
  Time since last request: 1.888335 seconds.
  path: Assets/Resources/Chunks/Chunk4.prefab
  artifactKey: Guid(8aeaf83fba9afc244afa1414d53820a7) Importer(815301076,1909f56bfc062723c751e8b465ee728b)
Start importing Assets/Resources/Chunks/Chunk4.prefab using Guid(8aeaf83fba9afc244afa1414d53820a7) Importer(815301076,1909f56bfc062723c751e8b465ee728b)  -> (artifact id: '902fe62ae963a57a43b17dafe8ac58b7') in 0.040199 seconds
Number of updated asset objects reloaded before import = 0
Number of asset objects unloaded after import = 342
========================================================================
Received Import Request.
  Time since last request: 4.390240 seconds.
  path: Assets/Resources/Chunks/Chunk4.prefab
  artifactKey: Guid(8aeaf83fba9afc244afa1414d53820a7) Importer(815301076,1909f56bfc062723c751e8b465ee728b)
Start importing Assets/Resources/Chunks/Chunk4.prefab using Guid(8aeaf83fba9afc244afa1414d53820a7) Importer(815301076,1909f56bfc062723c751e8b465ee728b)  -> (artifact id: '103e5edad7abd420f9a9f7fb3098ea7a') in 0.038456 seconds
Number of updated asset objects reloaded before import = 0
Number of asset objects unloaded after import = 342
========================================================================
Received Import Request.
  Time since last request: 2.982596 seconds.
  path: Assets/Resources/Chunks/Chunk4.prefab
  artifactKey: Guid(8aeaf83fba9afc244afa1414d53820a7) Importer(815301076,1909f56bfc062723c751e8b465ee728b)
Start importing Assets/Resources/Chunks/Chunk4.prefab using Guid(8aeaf83fba9afc244afa1414d53820a7) Importer(815301076,1909f56bfc062723c751e8b465ee728b)  -> (artifact id: '5be8a1cb56e99f6cbe6f86aa680ba043') in 0.037302 seconds
Number of updated asset objects reloaded before import = 0
Number of asset objects unloaded after import = 342
========================================================================
Received Import Request.
  Time since last request: 1.578952 seconds.
  path: Assets/Resources/Chunks/Chunk4.prefab
  artifactKey: Guid(8aeaf83fba9afc244afa1414d53820a7) Importer(815301076,1909f56bfc062723c751e8b465ee728b)
Start importing Assets/Resources/Chunks/Chunk4.prefab using Guid(8aeaf83fba9afc244afa1414d53820a7) Importer(815301076,1909f56bfc062723c751e8b465ee728b)  -> (artifact id: '9894d49f168f52dbf9a6e38a3d749fef') in 0.034659 seconds
Number of updated asset objects reloaded before import = 0
Number of asset objects unloaded after import = 342
========================================================================
Received Import Request.
  Time since last request: 3.591153 seconds.
  path: Assets/Resources/Chunks/Chunk4.prefab
  artifactKey: Guid(8aeaf83fba9afc244afa1414d53820a7) Importer(815301076,1909f56bfc062723c751e8b465ee728b)
Start importing Assets/Resources/Chunks/Chunk4.prefab using Guid(8aeaf83fba9afc244afa1414d53820a7) Importer(815301076,1909f56bfc062723c751e8b465ee728b)  -> (artifact id: 'df6455254f449b40d8ce57ce454c7ac8') in 0.036928 seconds
Number of updated asset objects reloaded before import = 0
Number of asset objects unloaded after import = 342
========================================================================
Received Import Request.
  Time since last request: 0.362708 seconds.
  path: Assets/Resources/Chunks/Chunk4.prefab
  artifactKey: Guid(8aeaf83fba9afc244afa1414d53820a7) Importer(815301076,1909f56bfc062723c751e8b465ee728b)
Start importing Assets/Resources/Chunks/Chunk4.prefab using Guid(8aeaf83fba9afc244afa1414d53820a7) Importer(815301076,1909f56bfc062723c751e8b465ee728b)  -> (artifact id: 'd211a9f697b8528b08b37e190f483b89') in 0.038251 seconds
Number of updated asset objects reloaded before import = 0
Number of asset objects unloaded after import = 342
========================================================================
Received Import Request.
  Time since last request: 0.362701 seconds.
  path: Assets/Resources/Chunks/Chunk4.prefab
  artifactKey: Guid(8aeaf83fba9afc244afa1414d53820a7) Importer(815301076,1909f56bfc062723c751e8b465ee728b)
Start importing Assets/Resources/Chunks/Chunk4.prefab using Guid(8aeaf83fba9afc244afa1414d53820a7) Importer(815301076,1909f56bfc062723c751e8b465ee728b)  -> (artifact id: '62db43984795c705950ad6a72f9338c1') in 0.034807 seconds
Number of updated asset objects reloaded before import = 0
Number of asset objects unloaded after import = 342
========================================================================
Received Import Request.
  Time since last request: 2.167930 seconds.
  path: Assets/Resources/Chunks/Chunk4.prefab
  artifactKey: Guid(8aeaf83fba9afc244afa1414d53820a7) Importer(815301076,1909f56bfc062723c751e8b465ee728b)
Start importing Assets/Resources/Chunks/Chunk4.prefab using Guid(8aeaf83fba9afc244afa1414d53820a7) Importer(815301076,1909f56bfc062723c751e8b465ee728b)  -> (artifact id: '1317c0742505997ebd316e67627a962b') in 0.071836 seconds
Number of updated asset objects reloaded before import = 0
Number of asset objects unloaded after import = 347
========================================================================
Received Import Request.
  Time since last request: 4.848152 seconds.
  path: Assets/Resources/Chunks/Chunk4.prefab
  artifactKey: Guid(8aeaf83fba9afc244afa1414d53820a7) Importer(815301076,1909f56bfc062723c751e8b465ee728b)
Start importing Assets/Resources/Chunks/Chunk4.prefab using Guid(8aeaf83fba9afc244afa1414d53820a7) Importer(815301076,1909f56bfc062723c751e8b465ee728b)  -> (artifact id: '0af79ab8ed958613cf25ba141f23dfc5') in 0.032721 seconds
Number of updated asset objects reloaded before import = 0
Number of asset objects unloaded after import = 347
========================================================================
Received Import Request.
  Time since last request: 2.389509 seconds.
  path: Assets/Resources/Chunks/Chunk4.prefab
  artifactKey: Guid(8aeaf83fba9afc244afa1414d53820a7) Importer(815301076,1909f56bfc062723c751e8b465ee728b)
Start importing Assets/Resources/Chunks/Chunk4.prefab using Guid(8aeaf83fba9afc244afa1414d53820a7) Importer(815301076,1909f56bfc062723c751e8b465ee728b)  -> (artifact id: '2dc3a2adaff35ab8fc34b9e9f4ea55d6') in 0.031498 seconds
Number of updated asset objects reloaded before import = 0
Number of asset objects unloaded after import = 347
========================================================================
Received Import Request.
  Time since last request: 1.381862 seconds.
  path: Assets/Resources/Chunks/Chunk4.prefab
  artifactKey: Guid(8aeaf83fba9afc244afa1414d53820a7) Importer(815301076,1909f56bfc062723c751e8b465ee728b)
Start importing Assets/Resources/Chunks/Chunk4.prefab using Guid(8aeaf83fba9afc244afa1414d53820a7) Importer(815301076,1909f56bfc062723c751e8b465ee728b)  -> (artifact id: 'cdad6fef8ab7cd6166982c3a72ece893') in 0.036873 seconds
Number of updated asset objects reloaded before import = 0
Number of asset objects unloaded after import = 347
========================================================================
Received Import Request.
  Time since last request: 2.784599 seconds.
  path: Assets/Resources/Chunks/Chunk4.prefab
  artifactKey: Guid(8aeaf83fba9afc244afa1414d53820a7) Importer(815301076,1909f56bfc062723c751e8b465ee728b)
Start importing Assets/Resources/Chunks/Chunk4.prefab using Guid(8aeaf83fba9afc244afa1414d53820a7) Importer(815301076,1909f56bfc062723c751e8b465ee728b)  -> (artifact id: '704318f0bcac10823a1e38bb8ea202ff') in 0.036503 seconds
Number of updated asset objects reloaded before import = 0
Number of asset objects unloaded after import = 347
========================================================================
Received Import Request.
  Time since last request: 1.575450 seconds.
  path: Assets/Resources/Chunks/Chunk4.prefab
  artifactKey: Guid(8aeaf83fba9afc244afa1414d53820a7) Importer(815301076,1909f56bfc062723c751e8b465ee728b)
Start importing Assets/Resources/Chunks/Chunk4.prefab using Guid(8aeaf83fba9afc244afa1414d53820a7) Importer(815301076,1909f56bfc062723c751e8b465ee728b)  -> (artifact id: '16eeff751066d8fc477520331f024dfc') in 0.034603 seconds
Number of updated asset objects reloaded before import = 0
Number of asset objects unloaded after import = 347
========================================================================
Received Import Request.
  Time since last request: 2.583070 seconds.
  path: Assets/Resources/Chunks/Chunk4.prefab
  artifactKey: Guid(8aeaf83fba9afc244afa1414d53820a7) Importer(815301076,1909f56bfc062723c751e8b465ee728b)
Start importing Assets/Resources/Chunks/Chunk4.prefab using Guid(8aeaf83fba9afc244afa1414d53820a7) Importer(815301076,1909f56bfc062723c751e8b465ee728b)  -> (artifact id: '1dbc84da9de05fa0cb03b755c19486df') in 0.030384 seconds
Number of updated asset objects reloaded before import = 0
Number of asset objects unloaded after import = 347
========================================================================
Received Import Request.
  Time since last request: 2.181570 seconds.
  path: Assets/Resources/Chunks/Chunk4.prefab
  artifactKey: Guid(8aeaf83fba9afc244afa1414d53820a7) Importer(815301076,1909f56bfc062723c751e8b465ee728b)
Start importing Assets/Resources/Chunks/Chunk4.prefab using Guid(8aeaf83fba9afc244afa1414d53820a7) Importer(815301076,1909f56bfc062723c751e8b465ee728b)  -> (artifact id: 'b76fd1a6a73fbbac773a2858262729da') in 0.029841 seconds
Number of updated asset objects reloaded before import = 0
Number of asset objects unloaded after import = 347
========================================================================
Received Import Request.
  Time since last request: 5.621359 seconds.
  path: Assets/Resources/Chunks/Chunk4.prefab
  artifactKey: Guid(8aeaf83fba9afc244afa1414d53820a7) Importer(815301076,1909f56bfc062723c751e8b465ee728b)
Start importing Assets/Resources/Chunks/Chunk4.prefab using Guid(8aeaf83fba9afc244afa1414d53820a7) Importer(815301076,1909f56bfc062723c751e8b465ee728b)  -> (artifact id: '6068eab3b3cf538e04dc8b4a25a85cc9') in 0.031287 seconds
Number of updated asset objects reloaded before import = 0
Number of asset objects unloaded after import = 352
========================================================================
Received Import Request.
  Time since last request: 0.966125 seconds.
  path: Assets/Resources/Chunks/Chunk4.prefab
  artifactKey: Guid(8aeaf83fba9afc244afa1414d53820a7) Importer(815301076,1909f56bfc062723c751e8b465ee728b)
Start importing Assets/Resources/Chunks/Chunk4.prefab using Guid(8aeaf83fba9afc244afa1414d53820a7) Importer(815301076,1909f56bfc062723c751e8b465ee728b)  -> (artifact id: '4b7a67adc52850efe0ec4acf512bf2cb') in 0.035149 seconds
Number of updated asset objects reloaded before import = 0
Number of asset objects unloaded after import = 352
========================================================================
Received Import Request.
  Time since last request: 2.582845 seconds.
  path: Assets/Resources/Chunks/Chunk4.prefab
  artifactKey: Guid(8aeaf83fba9afc244afa1414d53820a7) Importer(815301076,1909f56bfc062723c751e8b465ee728b)
Start importing Assets/Resources/Chunks/Chunk4.prefab using Guid(8aeaf83fba9afc244afa1414d53820a7) Importer(815301076,1909f56bfc062723c751e8b465ee728b)  -> (artifact id: 'ad7290046fc72ed1869bac0568b4980e') in 0.032928 seconds
Number of updated asset objects reloaded before import = 0
Number of asset objects unloaded after import = 352
========================================================================
Received Import Request.
  Time since last request: 1.787039 seconds.
  path: Assets/Resources/Chunks/Chunk4.prefab
  artifactKey: Guid(8aeaf83fba9afc244afa1414d53820a7) Importer(815301076,1909f56bfc062723c751e8b465ee728b)
Start importing Assets/Resources/Chunks/Chunk4.prefab using Guid(8aeaf83fba9afc244afa1414d53820a7) Importer(815301076,1909f56bfc062723c751e8b465ee728b)  -> (artifact id: '656a442dcadb46662d7562924a606ab8') in 0.031277 seconds
Number of updated asset objects reloaded before import = 0
Number of asset objects unloaded after import = 352
========================================================================
Received Import Request.
  Time since last request: 1.726321 seconds.
  path: Assets/Resources/Chunks/Chunk4.prefab
  artifactKey: Guid(8aeaf83fba9afc244afa1414d53820a7) Importer(815301076,1909f56bfc062723c751e8b465ee728b)
Start importing Assets/Resources/Chunks/Chunk4.prefab using Guid(8aeaf83fba9afc244afa1414d53820a7) Importer(815301076,1909f56bfc062723c751e8b465ee728b)  -> (artifact id: '51bb52ed2abc774246824e71a4f101f0') in 0.035218 seconds
Number of updated asset objects reloaded before import = 0
Number of asset objects unloaded after import = 352
========================================================================
Received Import Request.
  Time since last request: 0.844480 seconds.
  path: Assets/Resources/Chunks/Chunk4.prefab
  artifactKey: Guid(8aeaf83fba9afc244afa1414d53820a7) Importer(815301076,1909f56bfc062723c751e8b465ee728b)
Start importing Assets/Resources/Chunks/Chunk4.prefab using Guid(8aeaf83fba9afc244afa1414d53820a7) Importer(815301076,1909f56bfc062723c751e8b465ee728b)  -> (artifact id: 'ba1e9555663a52fd108c6a8111ed7095') in 0.032665 seconds
Number of updated asset objects reloaded before import = 0
Number of asset objects unloaded after import = 352
========================================================================
Received Import Request.
  Time since last request: 3.398225 seconds.
  path: Assets/Resources/Chunks/Chunk4.prefab
  artifactKey: Guid(8aeaf83fba9afc244afa1414d53820a7) Importer(815301076,1909f56bfc062723c751e8b465ee728b)
Start importing Assets/Resources/Chunks/Chunk4.prefab using Guid(8aeaf83fba9afc244afa1414d53820a7) Importer(815301076,1909f56bfc062723c751e8b465ee728b)  -> (artifact id: '77fc19aff00c3c2ba38a6759f43ff928') in 0.031269 seconds
Number of updated asset objects reloaded before import = 0
Number of asset objects unloaded after import = 352
========================================================================
Received Import Request.
  Time since last request: 1.383307 seconds.
  path: Assets/Resources/Chunks/Chunk4.prefab
  artifactKey: Guid(8aeaf83fba9afc244afa1414d53820a7) Importer(815301076,1909f56bfc062723c751e8b465ee728b)
Start importing Assets/Resources/Chunks/Chunk4.prefab using Guid(8aeaf83fba9afc244afa1414d53820a7) Importer(815301076,1909f56bfc062723c751e8b465ee728b)  -> (artifact id: '544a9cd9534dbe06950eef279a423926') in 0.030385 seconds
Number of updated asset objects reloaded before import = 0
Number of asset objects unloaded after import = 352
========================================================================
Received Import Request.
  Time since last request: 2.954749 seconds.
  path: Assets/Resources/Chunks/Chunk4.prefab
  artifactKey: Guid(8aeaf83fba9afc244afa1414d53820a7) Importer(815301076,1909f56bfc062723c751e8b465ee728b)
Start importing Assets/Resources/Chunks/Chunk4.prefab using Guid(8aeaf83fba9afc244afa1414d53820a7) Importer(815301076,1909f56bfc062723c751e8b465ee728b)  -> (artifact id: '265f6b0d52cd90d24bbfd5230250cf65') in 0.106716 seconds
Number of updated asset objects reloaded before import = 0
Number of asset objects unloaded after import = 352
========================================================================
Received Import Request.
  Time since last request: 3.726989 seconds.
  path: Assets/Resources/Chunks/Chunk4.prefab
  artifactKey: Guid(8aeaf83fba9afc244afa1414d53820a7) Importer(815301076,1909f56bfc062723c751e8b465ee728b)
Start importing Assets/Resources/Chunks/Chunk4.prefab using Guid(8aeaf83fba9afc244afa1414d53820a7) Importer(815301076,1909f56bfc062723c751e8b465ee728b)  -> (artifact id: '4b7e19f0ec6353cfa09679142513639e') in 0.469844 seconds
Number of updated asset objects reloaded before import = 0
Number of asset objects unloaded after import = 352
========================================================================
Received Import Request.
  Time since last request: 0.328401 seconds.
  path: Assets/Resources/Chunks/Chunk4.prefab
  artifactKey: Guid(8aeaf83fba9afc244afa1414d53820a7) Importer(815301076,1909f56bfc062723c751e8b465ee728b)
Start importing Assets/Resources/Chunks/Chunk4.prefab using Guid(8aeaf83fba9afc244afa1414d53820a7) Importer(815301076,1909f56bfc062723c751e8b465ee728b)  -> (artifact id: '82469b7c0322625a35c76051d8ec527c') in 0.033274 seconds
Number of updated asset objects reloaded before import = 0
Number of asset objects unloaded after import = 352
========================================================================
Received Import Request.
  Time since last request: 1.984275 seconds.
  path: Assets/Resources/Chunks/Chunk4.prefab
  artifactKey: Guid(8aeaf83fba9afc244afa1414d53820a7) Importer(815301076,1909f56bfc062723c751e8b465ee728b)
Start importing Assets/Resources/Chunks/Chunk4.prefab using Guid(8aeaf83fba9afc244afa1414d53820a7) Importer(815301076,1909f56bfc062723c751e8b465ee728b)  -> (artifact id: '7465f55575c38ca2179d17cec296cade') in 0.029360 seconds
Number of updated asset objects reloaded before import = 0
Number of asset objects unloaded after import = 352
========================================================================
Received Import Request.
  Time since last request: 2.623355 seconds.
  path: Assets/Resources/Chunks/Chunk4.prefab
  artifactKey: Guid(8aeaf83fba9afc244afa1414d53820a7) Importer(815301076,1909f56bfc062723c751e8b465ee728b)
Start importing Assets/Resources/Chunks/Chunk4.prefab using Guid(8aeaf83fba9afc244afa1414d53820a7) Importer(815301076,1909f56bfc062723c751e8b465ee728b)  -> (artifact id: '9e2f6fa22f4cf9dcd3840cb25d30925d') in 0.029789 seconds
Number of updated asset objects reloaded before import = 0
Number of asset objects unloaded after import = 352
========================================================================
Received Prepare
Begin MonoManager ReloadAssembly
Symbol file LoadedFromMemory doesn't match image D:\Uni work\GAM20003\ChromaShift\ChromaShift\Library\PackageCache\com.unity.visualscripting@1.8.0\Editor\VisualScripting.Core\Dependencies\YamlDotNet\Unity.VisualScripting.YamlDotNet.dll
Symbol file LoadedFromMemory doesn't match image D:\Uni work\GAM20003\ChromaShift\ChromaShift\Library\PackageCache\com.unity.visualscripting@1.8.0\Editor\VisualScripting.Core\Dependencies\DotNetZip\Unity.VisualScripting.IonicZip.dll
- Loaded All Assemblies, in  0.448 seconds
Refreshing native plugins compatible for Editor in 1.76 ms, found 3 plugins.
Native extension for WindowsStandalone target not found
Mono: successfully reloaded assembly
- Finished resetting the current domain, in  0.716 seconds
Domain Reload Profiling: 1164ms
	BeginReloadAssembly (149ms)
		ExecutionOrderSort (0ms)
		DisableScriptedObjects (5ms)
		BackupInstance (0ms)
		ReleaseScriptingObjects (0ms)
		CreateAndSetChildDomain (31ms)
	RebuildCommonClasses (34ms)
	RebuildNativeTypeToScriptingClass (12ms)
	initialDomainReloadingComplete (27ms)
	LoadAllAssembliesAndSetupDomain (225ms)
		LoadAssemblies (294ms)
		RebuildTransferFunctionScriptingTraits (0ms)
		AnalyzeDomain (16ms)
			TypeCache.Refresh (8ms)
				TypeCache.ScanAssembly (0ms)
			ScanForSourceGeneratedMonoScriptInfo (0ms)
			ResolveRequiredComponents (6ms)
	FinalizeReload (717ms)
		ReleaseScriptCaches (0ms)
		RebuildScriptCaches (0ms)
		SetupLoadedEditorAssemblies (336ms)
			LogAssemblyErrors (0ms)
			InitializePlatformSupportModulesInManaged (4ms)
			SetLoadedEditorAssemblies (5ms)
			RefreshPlugins (0ms)
			BeforeProcessingInitializeOnLoad (58ms)
			ProcessInitializeOnLoadAttributes (241ms)
			ProcessInitializeOnLoadMethodAttributes (23ms)
			AfterProcessingInitializeOnLoad (4ms)
			EditorAssembliesLoaded (0ms)
		ExecutionOrderSort2 (0ms)
		AwakeInstancesAfterBackupRestoration (11ms)
Refreshing native plugins compatible for Editor in 4.02 ms, found 3 plugins.
Preloading 0 native plugins for Editor in 0.00 ms.
Unloading 3077 Unused Serialized files (Serialized files now loaded: 0)
Unloading 21 unused Assets / (29.7 KB). Loaded Objects now: 3675.
Memory consumption went from 119.1 MB to 119.1 MB.
Total: 6.327100 ms (FindLiveObjects: 0.502900 ms CreateObjectMapping: 0.372600 ms MarkObjects: 5.179800 ms  DeleteObjects: 0.267900 ms)

Prepare: number of updated asset objects reloaded= 0
AssetImportParameters requested are different than current active one (requested -> active):
  custom:container-demuxer-ogg: 62fdf1f143b41e24485cea50d1cbac27 -> 
  custom:video-codec-MediaFoundation-h265: 746d11721c4dcdbdad8f713fa42b33f4 -> 
  custom:video-decoder-ogg-theora: a1e56fd34408186e4bbccfd4996cb3dc -> 
  custom:framework-win-MediaFoundation: 216162199b28c13a410421893ffa2e32 -> 
  custom:CustomObjectIndexerAttribute: 756ad292c208cfabdd7b50bc23989ffe -> 
  custom:container-demuxer-webm: 4f35f7cbe854078d1ac9338744f61a02 -> 
  custom:container-muxer-webm: aa71ff27fc2769a1b78a27578f13a17b -> 
  custom:video-decoder-webm-vp8: 9c59270c3fd7afecdb556c50c9e8de78 -> 
  custom:SearchIndexIgnoredProperties: e643bd26f0fe6173181afceb89e7c659 -> 
  custom:AudioImporter_EditorPlatform: d09bf68614088b80899f8185d706f6e7 -> 
  custom:video-encoder-webm-vp8: eb34c28f22e8b96e1ab97ce403110664 -> 
  custom:audio-decoder-ogg-vorbis: bf7c407c2cedff20999df2af8eb42d56 -> 
  custom:audio-encoder-webm-vorbis: bf7c407c2cedff20999df2af8eb42d56 -> 
========================================================================
Received Prepare
Begin MonoManager ReloadAssembly
Symbol file LoadedFromMemory doesn't match image D:\Uni work\GAM20003\ChromaShift\ChromaShift\Library\PackageCache\com.unity.visualscripting@1.8.0\Editor\VisualScripting.Core\Dependencies\YamlDotNet\Unity.VisualScripting.YamlDotNet.dll
Symbol file LoadedFromMemory doesn't match image D:\Uni work\GAM20003\ChromaShift\ChromaShift\Library\PackageCache\com.unity.visualscripting@1.8.0\Editor\VisualScripting.Core\Dependencies\DotNetZip\Unity.VisualScripting.IonicZip.dll
- Loaded All Assemblies, in  0.413 seconds
Refreshing native plugins compatible for Editor in 1.47 ms, found 3 plugins.
Native extension for WindowsStandalone target not found
Mono: successfully reloaded assembly
- Finished resetting the current domain, in  0.869 seconds
Domain Reload Profiling: 1282ms
	BeginReloadAssembly (151ms)
		ExecutionOrderSort (0ms)
		DisableScriptedObjects (7ms)
		BackupInstance (0ms)
		ReleaseScriptingObjects (0ms)
		CreateAndSetChildDomain (34ms)
	RebuildCommonClasses (42ms)
	RebuildNativeTypeToScriptingClass (12ms)
	initialDomainReloadingComplete (24ms)
	LoadAllAssembliesAndSetupDomain (184ms)
		LoadAssemblies (254ms)
		RebuildTransferFunctionScriptingTraits (0ms)
		AnalyzeDomain (12ms)
			TypeCache.Refresh (6ms)
				TypeCache.ScanAssembly (0ms)
			ScanForSourceGeneratedMonoScriptInfo (0ms)
			ResolveRequiredComponents (5ms)
	FinalizeReload (870ms)
		ReleaseScriptCaches (0ms)
		RebuildScriptCaches (0ms)
		SetupLoadedEditorAssemblies (447ms)
			LogAssemblyErrors (0ms)
			InitializePlatformSupportModulesInManaged (4ms)
			SetLoadedEditorAssemblies (5ms)
			RefreshPlugins (0ms)
			BeforeProcessingInitializeOnLoad (56ms)
			ProcessInitializeOnLoadAttributes (339ms)
			ProcessInitializeOnLoadMethodAttributes (38ms)
			AfterProcessingInitializeOnLoad (4ms)
			EditorAssembliesLoaded (0ms)
		ExecutionOrderSort2 (0ms)
		AwakeInstancesAfterBackupRestoration (14ms)
Refreshing native plugins compatible for Editor in 3.53 ms, found 3 plugins.
Preloading 0 native plugins for Editor in 0.00 ms.
Unloading 3077 Unused Serialized files (Serialized files now loaded: 0)
Unloading 21 unused Assets / (29.8 KB). Loaded Objects now: 3678.
Memory consumption went from 119.1 MB to 119.1 MB.
Total: 7.492000 ms (FindLiveObjects: 0.571500 ms CreateObjectMapping: 1.020200 ms MarkObjects: 5.771800 ms  DeleteObjects: 0.126700 ms)

Prepare: number of updated asset objects reloaded= 0
AssetImportParameters requested are different than current active one (requested -> active):
  custom:container-demuxer-ogg: 62fdf1f143b41e24485cea50d1cbac27 -> 
  custom:video-codec-MediaFoundation-h265: 746d11721c4dcdbdad8f713fa42b33f4 -> 
  custom:video-decoder-ogg-theora: a1e56fd34408186e4bbccfd4996cb3dc -> 
  custom:framework-win-MediaFoundation: 216162199b28c13a410421893ffa2e32 -> 
  custom:CustomObjectIndexerAttribute: 756ad292c208cfabdd7b50bc23989ffe -> 
  custom:container-demuxer-webm: 4f35f7cbe854078d1ac9338744f61a02 -> 
  custom:container-muxer-webm: aa71ff27fc2769a1b78a27578f13a17b -> 
  custom:video-decoder-webm-vp8: 9c59270c3fd7afecdb556c50c9e8de78 -> 
  custom:SearchIndexIgnoredProperties: e643bd26f0fe6173181afceb89e7c659 -> 
  custom:AudioImporter_EditorPlatform: d09bf68614088b80899f8185d706f6e7 -> 
  custom:video-encoder-webm-vp8: eb34c28f22e8b96e1ab97ce403110664 -> 
  custom:audio-decoder-ogg-vorbis: bf7c407c2cedff20999df2af8eb42d56 -> 
  custom:audio-encoder-webm-vorbis: bf7c407c2cedff20999df2af8eb42d56 -> 
========================================================================
Received Import Request.
  Time since last request: 96.419417 seconds.
  path: Assets/Resources/Chunks/Chunk4.prefab
  artifactKey: Guid(8aeaf83fba9afc244afa1414d53820a7) Importer(815301076,1909f56bfc062723c751e8b465ee728b)
Start importing Assets/Resources/Chunks/Chunk4.prefab using Guid(8aeaf83fba9afc244afa1414d53820a7) Importer(815301076,1909f56bfc062723c751e8b465ee728b)  -> (artifact id: '0d4e0e7b245c11606a9bcbd656f0df11') in 0.140827 seconds
Number of updated asset objects reloaded before import = 0
Number of asset objects unloaded after import = 352
========================================================================
Received Import Request.
  Time since last request: 5.246148 seconds.
  path: Assets/Resources/Chunks/Chunk4.prefab
  artifactKey: Guid(8aeaf83fba9afc244afa1414d53820a7) Importer(815301076,1909f56bfc062723c751e8b465ee728b)
Start importing Assets/Resources/Chunks/Chunk4.prefab using Guid(8aeaf83fba9afc244afa1414d53820a7) Importer(815301076,1909f56bfc062723c751e8b465ee728b)  -> (artifact id: '4cee65ca4454a13ad2b7e1a9cd49f7de') in 0.050637 seconds
Number of updated asset objects reloaded before import = 0
Number of asset objects unloaded after import = 352
========================================================================
Received Import Request.
  Time since last request: 9.060742 seconds.
  path: Assets/Resources/Chunks/Chunk4.prefab
  artifactKey: Guid(8aeaf83fba9afc244afa1414d53820a7) Importer(815301076,1909f56bfc062723c751e8b465ee728b)
Start importing Assets/Resources/Chunks/Chunk4.prefab using Guid(8aeaf83fba9afc244afa1414d53820a7) Importer(815301076,1909f56bfc062723c751e8b465ee728b)  -> (artifact id: '0680e1bbbb0c93c2dc58615dd84a45f1') in 0.036525 seconds
Number of updated asset objects reloaded before import = 0
Number of asset objects unloaded after import = 352
========================================================================
Received Import Request.
  Time since last request: 2.191664 seconds.
  path: Assets/Resources/Chunks/Chunk4.prefab
  artifactKey: Guid(8aeaf83fba9afc244afa1414d53820a7) Importer(815301076,1909f56bfc062723c751e8b465ee728b)
Start importing Assets/Resources/Chunks/Chunk4.prefab using Guid(8aeaf83fba9afc244afa1414d53820a7) Importer(815301076,1909f56bfc062723c751e8b465ee728b)  -> (artifact id: '7e9be4a8fee8d125ec346199a17c174c') in 0.036019 seconds
Number of updated asset objects reloaded before import = 0
Number of asset objects unloaded after import = 352
========================================================================
Received Import Request.
  Time since last request: 1.988748 seconds.
  path: Assets/Resources/Chunks/Chunk4.prefab
  artifactKey: Guid(8aeaf83fba9afc244afa1414d53820a7) Importer(815301076,1909f56bfc062723c751e8b465ee728b)
Start importing Assets/Resources/Chunks/Chunk4.prefab using Guid(8aeaf83fba9afc244afa1414d53820a7) Importer(815301076,1909f56bfc062723c751e8b465ee728b)  -> (artifact id: 'ddfe87b59040c26d194cd647e25dce16') in 0.031400 seconds
Number of updated asset objects reloaded before import = 0
Number of asset objects unloaded after import = 352
========================================================================
Received Import Request.
  Time since last request: 1.778660 seconds.
  path: Assets/Resources/Chunks/Chunk4.prefab
  artifactKey: Guid(8aeaf83fba9afc244afa1414d53820a7) Importer(815301076,1909f56bfc062723c751e8b465ee728b)
Start importing Assets/Resources/Chunks/Chunk4.prefab using Guid(8aeaf83fba9afc244afa1414d53820a7) Importer(815301076,1909f56bfc062723c751e8b465ee728b)  -> (artifact id: '8556776f3ab57ce94ae54a230e3f0c14') in 0.029656 seconds
Number of updated asset objects reloaded before import = 0
Number of asset objects unloaded after import = 352
========================================================================
Received Import Request.
  Time since last request: 1.577730 seconds.
  path: Assets/Resources/Chunks/Chunk4.prefab
  artifactKey: Guid(8aeaf83fba9afc244afa1414d53820a7) Importer(815301076,1909f56bfc062723c751e8b465ee728b)
Start importing Assets/Resources/Chunks/Chunk4.prefab using Guid(8aeaf83fba9afc244afa1414d53820a7) Importer(815301076,1909f56bfc062723c751e8b465ee728b)  -> (artifact id: '99fca94c94ddbf461121cd3de540a142') in 0.032135 seconds
Number of updated asset objects reloaded before import = 0
Number of asset objects unloaded after import = 352
========================================================================
Received Import Request.
  Time since last request: 4.759679 seconds.
  path: Assets/Resources/Chunks/Chunk4.prefab
  artifactKey: Guid(8aeaf83fba9afc244afa1414d53820a7) Importer(815301076,1909f56bfc062723c751e8b465ee728b)
Start importing Assets/Resources/Chunks/Chunk4.prefab using Guid(8aeaf83fba9afc244afa1414d53820a7) Importer(815301076,1909f56bfc062723c751e8b465ee728b)  -> (artifact id: 'ec51f7868c285cd7a209621ebca93c4a') in 0.034734 seconds
Number of updated asset objects reloaded before import = 0
Number of asset objects unloaded after import = 352
========================================================================
Received Import Request.
  Time since last request: 11.856476 seconds.
  path: Assets/Resources/Chunks/Chunk4.prefab
  artifactKey: Guid(8aeaf83fba9afc244afa1414d53820a7) Importer(815301076,1909f56bfc062723c751e8b465ee728b)
Start importing Assets/Resources/Chunks/Chunk4.prefab using Guid(8aeaf83fba9afc244afa1414d53820a7) Importer(815301076,1909f56bfc062723c751e8b465ee728b)  -> (artifact id: 'b425556da4ece2887568a604459710b6') in 0.031896 seconds
Number of updated asset objects reloaded before import = 0
Number of asset objects unloaded after import = 372
========================================================================
Received Import Request.
  Time since last request: 4.203977 seconds.
  path: Assets/Resources/Chunks/Chunk4.prefab
  artifactKey: Guid(8aeaf83fba9afc244afa1414d53820a7) Importer(815301076,1909f56bfc062723c751e8b465ee728b)
Start importing Assets/Resources/Chunks/Chunk4.prefab using Guid(8aeaf83fba9afc244afa1414d53820a7) Importer(815301076,1909f56bfc062723c751e8b465ee728b)  -> (artifact id: 'be67051dc28e0cbaf17acd22735ae145') in 0.033087 seconds
Number of updated asset objects reloaded before import = 0
Number of asset objects unloaded after import = 372
========================================================================
Received Import Request.
  Time since last request: 1.978190 seconds.
  path: Assets/Resources/Chunks/Chunk4.prefab
  artifactKey: Guid(8aeaf83fba9afc244afa1414d53820a7) Importer(815301076,1909f56bfc062723c751e8b465ee728b)
Start importing Assets/Resources/Chunks/Chunk4.prefab using Guid(8aeaf83fba9afc244afa1414d53820a7) Importer(815301076,1909f56bfc062723c751e8b465ee728b)  -> (artifact id: '22e7dc2385ad155911be874693031105') in 0.035871 seconds
Number of updated asset objects reloaded before import = 0
Number of asset objects unloaded after import = 372
========================================================================
Received Import Request.
  Time since last request: 4.603700 seconds.
  path: Assets/Resources/Chunks/Chunk4.prefab
  artifactKey: Guid(8aeaf83fba9afc244afa1414d53820a7) Importer(815301076,1909f56bfc062723c751e8b465ee728b)
Start importing Assets/Resources/Chunks/Chunk4.prefab using Guid(8aeaf83fba9afc244afa1414d53820a7) Importer(815301076,1909f56bfc062723c751e8b465ee728b)  -> (artifact id: '42c9b2e62d31dc7ebd7be8b72e136a0b') in 0.033205 seconds
Number of updated asset objects reloaded before import = 0
Number of asset objects unloaded after import = 372
========================================================================
Received Prepare
Begin MonoManager ReloadAssembly
Symbol file LoadedFromMemory doesn't match image D:\Uni work\GAM20003\ChromaShift\ChromaShift\Library\PackageCache\com.unity.visualscripting@1.8.0\Editor\VisualScripting.Core\Dependencies\YamlDotNet\Unity.VisualScripting.YamlDotNet.dll
Symbol file LoadedFromMemory doesn't match image D:\Uni work\GAM20003\ChromaShift\ChromaShift\Library\PackageCache\com.unity.visualscripting@1.8.0\Editor\VisualScripting.Core\Dependencies\DotNetZip\Unity.VisualScripting.IonicZip.dll
- Loaded All Assemblies, in  0.422 seconds
Refreshing native plugins compatible for Editor in 1.51 ms, found 3 plugins.
Native extension for WindowsStandalone target not found
Mono: successfully reloaded assembly
- Finished resetting the current domain, in  0.818 seconds
Domain Reload Profiling: 1240ms
	BeginReloadAssembly (163ms)
		ExecutionOrderSort (0ms)
		DisableScriptedObjects (8ms)
		BackupInstance (0ms)
		ReleaseScriptingObjects (0ms)
		CreateAndSetChildDomain (33ms)
	RebuildCommonClasses (34ms)
	RebuildNativeTypeToScriptingClass (12ms)
	initialDomainReloadingComplete (25ms)
	LoadAllAssembliesAndSetupDomain (188ms)
		LoadAssemblies (267ms)
		RebuildTransferFunctionScriptingTraits (0ms)
		AnalyzeDomain (13ms)
			TypeCache.Refresh (6ms)
				TypeCache.ScanAssembly (0ms)
			ScanForSourceGeneratedMonoScriptInfo (0ms)
			ResolveRequiredComponents (5ms)
	FinalizeReload (819ms)
		ReleaseScriptCaches (0ms)
		RebuildScriptCaches (0ms)
		SetupLoadedEditorAssemblies (426ms)
			LogAssemblyErrors (0ms)
			InitializePlatformSupportModulesInManaged (4ms)
			SetLoadedEditorAssemblies (5ms)
			RefreshPlugins (0ms)
			BeforeProcessingInitializeOnLoad (55ms)
			ProcessInitializeOnLoadAttributes (324ms)
			ProcessInitializeOnLoadMethodAttributes (33ms)
			AfterProcessingInitializeOnLoad (4ms)
			EditorAssembliesLoaded (0ms)
		ExecutionOrderSort2 (0ms)
		AwakeInstancesAfterBackupRestoration (12ms)
Refreshing native plugins compatible for Editor in 2.80 ms, found 3 plugins.
Preloading 0 native plugins for Editor in 0.00 ms.
Unloading 3077 Unused Serialized files (Serialized files now loaded: 0)
Unloading 21 unused Assets / (29.7 KB). Loaded Objects now: 3681.
Memory consumption went from 119.1 MB to 119.1 MB.
Total: 7.613700 ms (FindLiveObjects: 0.466200 ms CreateObjectMapping: 0.435200 ms MarkObjects: 6.565800 ms  DeleteObjects: 0.144800 ms)

Prepare: number of updated asset objects reloaded= 0
AssetImportParameters requested are different than current active one (requested -> active):
  custom:container-demuxer-ogg: 62fdf1f143b41e24485cea50d1cbac27 -> 
  custom:video-codec-MediaFoundation-h265: 746d11721c4dcdbdad8f713fa42b33f4 -> 
  custom:video-decoder-ogg-theora: a1e56fd34408186e4bbccfd4996cb3dc -> 
  custom:framework-win-MediaFoundation: 216162199b28c13a410421893ffa2e32 -> 
  custom:CustomObjectIndexerAttribute: 756ad292c208cfabdd7b50bc23989ffe -> 
  custom:container-demuxer-webm: 4f35f7cbe854078d1ac9338744f61a02 -> 
  custom:container-muxer-webm: aa71ff27fc2769a1b78a27578f13a17b -> 
  custom:video-decoder-webm-vp8: 9c59270c3fd7afecdb556c50c9e8de78 -> 
  custom:SearchIndexIgnoredProperties: e643bd26f0fe6173181afceb89e7c659 -> 
  custom:AudioImporter_EditorPlatform: d09bf68614088b80899f8185d706f6e7 -> 
  custom:video-encoder-webm-vp8: eb34c28f22e8b96e1ab97ce403110664 -> 
  custom:audio-decoder-ogg-vorbis: bf7c407c2cedff20999df2af8eb42d56 -> 
  custom:audio-encoder-webm-vorbis: bf7c407c2cedff20999df2af8eb42d56 -> 
========================================================================
Received Prepare
Begin MonoManager ReloadAssembly
Symbol file LoadedFromMemory doesn't match image D:\Uni work\GAM20003\ChromaShift\ChromaShift\Library\PackageCache\com.unity.visualscripting@1.8.0\Editor\VisualScripting.Core\Dependencies\YamlDotNet\Unity.VisualScripting.YamlDotNet.dll
Symbol file LoadedFromMemory doesn't match image D:\Uni work\GAM20003\ChromaShift\ChromaShift\Library\PackageCache\com.unity.visualscripting@1.8.0\Editor\VisualScripting.Core\Dependencies\DotNetZip\Unity.VisualScripting.IonicZip.dll
- Loaded All Assemblies, in  0.425 seconds
Refreshing native plugins compatible for Editor in 1.52 ms, found 3 plugins.
Native extension for WindowsStandalone target not found
Mono: successfully reloaded assembly
- Finished resetting the current domain, in  0.783 seconds
Domain Reload Profiling: 1208ms
	BeginReloadAssembly (147ms)
		ExecutionOrderSort (0ms)
		DisableScriptedObjects (7ms)
		BackupInstance (0ms)
		ReleaseScriptingObjects (0ms)
		CreateAndSetChildDomain (34ms)
	RebuildCommonClasses (48ms)
	RebuildNativeTypeToScriptingClass (19ms)
	initialDomainReloadingComplete (24ms)
	LoadAllAssembliesAndSetupDomain (186ms)
		LoadAssemblies (252ms)
		RebuildTransferFunctionScriptingTraits (0ms)
		AnalyzeDomain (12ms)
			TypeCache.Refresh (5ms)
				TypeCache.ScanAssembly (0ms)
			ScanForSourceGeneratedMonoScriptInfo (0ms)
			ResolveRequiredComponents (5ms)
	FinalizeReload (784ms)
		ReleaseScriptCaches (0ms)
		RebuildScriptCaches (0ms)
		SetupLoadedEditorAssemblies (409ms)
			LogAssemblyErrors (0ms)
			InitializePlatformSupportModulesInManaged (4ms)
			SetLoadedEditorAssemblies (5ms)
			RefreshPlugins (0ms)
			BeforeProcessingInitializeOnLoad (56ms)
			ProcessInitializeOnLoadAttributes (306ms)
			ProcessInitializeOnLoadMethodAttributes (33ms)
			AfterProcessingInitializeOnLoad (4ms)
			EditorAssembliesLoaded (1ms)
		ExecutionOrderSort2 (0ms)
		AwakeInstancesAfterBackupRestoration (11ms)
Refreshing native plugins compatible for Editor in 5.00 ms, found 3 plugins.
Preloading 0 native plugins for Editor in 0.00 ms.
Unloading 3077 Unused Serialized files (Serialized files now loaded: 0)
Unloading 21 unused Assets / (29.7 KB). Loaded Objects now: 3684.
Memory consumption went from 119.1 MB to 119.1 MB.
Total: 7.558500 ms (FindLiveObjects: 0.437100 ms CreateObjectMapping: 0.426800 ms MarkObjects: 6.586400 ms  DeleteObjects: 0.099500 ms)

Prepare: number of updated asset objects reloaded= 0
AssetImportParameters requested are different than current active one (requested -> active):
  custom:container-demuxer-ogg: 62fdf1f143b41e24485cea50d1cbac27 -> 
  custom:video-codec-MediaFoundation-h265: 746d11721c4dcdbdad8f713fa42b33f4 -> 
  custom:video-decoder-ogg-theora: a1e56fd34408186e4bbccfd4996cb3dc -> 
  custom:framework-win-MediaFoundation: 216162199b28c13a410421893ffa2e32 -> 
  custom:CustomObjectIndexerAttribute: 756ad292c208cfabdd7b50bc23989ffe -> 
  custom:container-demuxer-webm: 4f35f7cbe854078d1ac9338744f61a02 -> 
  custom:container-muxer-webm: aa71ff27fc2769a1b78a27578f13a17b -> 
  custom:video-decoder-webm-vp8: 9c59270c3fd7afecdb556c50c9e8de78 -> 
  custom:SearchIndexIgnoredProperties: e643bd26f0fe6173181afceb89e7c659 -> 
  custom:AudioImporter_EditorPlatform: d09bf68614088b80899f8185d706f6e7 -> 
  custom:video-encoder-webm-vp8: eb34c28f22e8b96e1ab97ce403110664 -> 
  custom:audio-decoder-ogg-vorbis: bf7c407c2cedff20999df2af8eb42d56 -> 
  custom:audio-encoder-webm-vorbis: bf7c407c2cedff20999df2af8eb42d56 -> 
========================================================================
Received Prepare
Begin MonoManager ReloadAssembly
Symbol file LoadedFromMemory doesn't match image D:\Uni work\GAM20003\ChromaShift\ChromaShift\Library\PackageCache\com.unity.visualscripting@1.8.0\Editor\VisualScripting.Core\Dependencies\YamlDotNet\Unity.VisualScripting.YamlDotNet.dll
Symbol file LoadedFromMemory doesn't match image D:\Uni work\GAM20003\ChromaShift\ChromaShift\Library\PackageCache\com.unity.visualscripting@1.8.0\Editor\VisualScripting.Core\Dependencies\DotNetZip\Unity.VisualScripting.IonicZip.dll
- Loaded All Assemblies, in  0.418 seconds
Refreshing native plugins compatible for Editor in 1.62 ms, found 3 plugins.
Native extension for WindowsStandalone target not found
Mono: successfully reloaded assembly
- Finished resetting the current domain, in  0.817 seconds
Domain Reload Profiling: 1236ms
	BeginReloadAssembly (151ms)
		ExecutionOrderSort (0ms)
		DisableScriptedObjects (6ms)
		BackupInstance (0ms)
		ReleaseScriptingObjects (0ms)
		CreateAndSetChildDomain (33ms)
	RebuildCommonClasses (43ms)
	RebuildNativeTypeToScriptingClass (16ms)
	initialDomainReloadingComplete (23ms)
	LoadAllAssembliesAndSetupDomain (184ms)
		LoadAssemblies (254ms)
		RebuildTransferFunctionScriptingTraits (0ms)
		AnalyzeDomain (12ms)
			TypeCache.Refresh (6ms)
				TypeCache.ScanAssembly (0ms)
			ScanForSourceGeneratedMonoScriptInfo (0ms)
			ResolveRequiredComponents (5ms)
	FinalizeReload (818ms)
		ReleaseScriptCaches (0ms)
		RebuildScriptCaches (0ms)
		SetupLoadedEditorAssemblies (422ms)
			LogAssemblyErrors (0ms)
			InitializePlatformSupportModulesInManaged (4ms)
			SetLoadedEditorAssemblies (5ms)
			RefreshPlugins (0ms)
			BeforeProcessingInitializeOnLoad (55ms)
			ProcessInitializeOnLoadAttributes (322ms)
			ProcessInitializeOnLoadMethodAttributes (32ms)
			AfterProcessingInitializeOnLoad (3ms)
			EditorAssembliesLoaded (0ms)
		ExecutionOrderSort2 (0ms)
		AwakeInstancesAfterBackupRestoration (10ms)
Refreshing native plugins compatible for Editor in 3.62 ms, found 3 plugins.
Preloading 0 native plugins for Editor in 0.00 ms.
Unloading 3077 Unused Serialized files (Serialized files now loaded: 0)
Unloading 21 unused Assets / (29.7 KB). Loaded Objects now: 3687.
Memory consumption went from 119.1 MB to 119.1 MB.
Total: 5.270500 ms (FindLiveObjects: 0.487700 ms CreateObjectMapping: 0.350300 ms MarkObjects: 4.353600 ms  DeleteObjects: 0.077500 ms)

Prepare: number of updated asset objects reloaded= 0
AssetImportParameters requested are different than current active one (requested -> active):
  custom:container-demuxer-ogg: 62fdf1f143b41e24485cea50d1cbac27 -> 
  custom:video-codec-MediaFoundation-h265: 746d11721c4dcdbdad8f713fa42b33f4 -> 
  custom:video-decoder-ogg-theora: a1e56fd34408186e4bbccfd4996cb3dc -> 
  custom:framework-win-MediaFoundation: 216162199b28c13a410421893ffa2e32 -> 
  custom:CustomObjectIndexerAttribute: 756ad292c208cfabdd7b50bc23989ffe -> 
  custom:container-demuxer-webm: 4f35f7cbe854078d1ac9338744f61a02 -> 
  custom:container-muxer-webm: aa71ff27fc2769a1b78a27578f13a17b -> 
  custom:video-decoder-webm-vp8: 9c59270c3fd7afecdb556c50c9e8de78 -> 
  custom:SearchIndexIgnoredProperties: e643bd26f0fe6173181afceb89e7c659 -> 
  custom:AudioImporter_EditorPlatform: d09bf68614088b80899f8185d706f6e7 -> 
  custom:video-encoder-webm-vp8: eb34c28f22e8b96e1ab97ce403110664 -> 
  custom:audio-decoder-ogg-vorbis: bf7c407c2cedff20999df2af8eb42d56 -> 
  custom:audio-encoder-webm-vorbis: bf7c407c2cedff20999df2af8eb42d56 -> 
========================================================================
Received Prepare
Begin MonoManager ReloadAssembly
Symbol file LoadedFromMemory doesn't match image D:\Uni work\GAM20003\ChromaShift\ChromaShift\Library\PackageCache\com.unity.visualscripting@1.8.0\Editor\VisualScripting.Core\Dependencies\YamlDotNet\Unity.VisualScripting.YamlDotNet.dll
Symbol file LoadedFromMemory doesn't match image D:\Uni work\GAM20003\ChromaShift\ChromaShift\Library\PackageCache\com.unity.visualscripting@1.8.0\Editor\VisualScripting.Core\Dependencies\DotNetZip\Unity.VisualScripting.IonicZip.dll
- Loaded All Assemblies, in  0.417 seconds
Refreshing native plugins compatible for Editor in 1.56 ms, found 3 plugins.
Native extension for WindowsStandalone target not found
Mono: successfully reloaded assembly
- Finished resetting the current domain, in  0.812 seconds
Domain Reload Profiling: 1230ms
	BeginReloadAssembly (154ms)
		ExecutionOrderSort (0ms)
		DisableScriptedObjects (6ms)
		BackupInstance (0ms)
		ReleaseScriptingObjects (0ms)
		CreateAndSetChildDomain (33ms)
	RebuildCommonClasses (34ms)
	RebuildNativeTypeToScriptingClass (12ms)
	initialDomainReloadingComplete (25ms)
	LoadAllAssembliesAndSetupDomain (192ms)
		LoadAssemblies (265ms)
		RebuildTransferFunctionScriptingTraits (0ms)
		AnalyzeDomain (13ms)
			TypeCache.Refresh (6ms)
				TypeCache.ScanAssembly (0ms)
			ScanForSourceGeneratedMonoScriptInfo (0ms)
			ResolveRequiredComponents (5ms)
	FinalizeReload (813ms)
		ReleaseScriptCaches (0ms)
		RebuildScriptCaches (0ms)
		SetupLoadedEditorAssemblies (438ms)
			LogAssemblyErrors (0ms)
			InitializePlatformSupportModulesInManaged (5ms)
			SetLoadedEditorAssemblies (5ms)
			RefreshPlugins (0ms)
			BeforeProcessingInitializeOnLoad (59ms)
			ProcessInitializeOnLoadAttributes (329ms)
			ProcessInitializeOnLoadMethodAttributes (36ms)
			AfterProcessingInitializeOnLoad (4ms)
			EditorAssembliesLoaded (0ms)
		ExecutionOrderSort2 (0ms)
		AwakeInstancesAfterBackupRestoration (13ms)
Refreshing native plugins compatible for Editor in 4.15 ms, found 3 plugins.
Preloading 0 native plugins for Editor in 0.00 ms.
Unloading 3077 Unused Serialized files (Serialized files now loaded: 0)
Unloading 21 unused Assets / (29.7 KB). Loaded Objects now: 3690.
Memory consumption went from 119.1 MB to 119.1 MB.
Total: 8.032100 ms (FindLiveObjects: 0.768000 ms CreateObjectMapping: 0.472000 ms MarkObjects: 6.472900 ms  DeleteObjects: 0.295400 ms)

Prepare: number of updated asset objects reloaded= 0
AssetImportParameters requested are different than current active one (requested -> active):
  custom:container-demuxer-ogg: 62fdf1f143b41e24485cea50d1cbac27 -> 
  custom:video-codec-MediaFoundation-h265: 746d11721c4dcdbdad8f713fa42b33f4 -> 
  custom:video-decoder-ogg-theora: a1e56fd34408186e4bbccfd4996cb3dc -> 
  custom:framework-win-MediaFoundation: 216162199b28c13a410421893ffa2e32 -> 
  custom:CustomObjectIndexerAttribute: 756ad292c208cfabdd7b50bc23989ffe -> 
  custom:container-demuxer-webm: 4f35f7cbe854078d1ac9338744f61a02 -> 
  custom:container-muxer-webm: aa71ff27fc2769a1b78a27578f13a17b -> 
  custom:video-decoder-webm-vp8: 9c59270c3fd7afecdb556c50c9e8de78 -> 
  custom:SearchIndexIgnoredProperties: e643bd26f0fe6173181afceb89e7c659 -> 
  custom:AudioImporter_EditorPlatform: d09bf68614088b80899f8185d706f6e7 -> 
  custom:video-encoder-webm-vp8: eb34c28f22e8b96e1ab97ce403110664 -> 
  custom:audio-decoder-ogg-vorbis: bf7c407c2cedff20999df2af8eb42d56 -> 
  custom:audio-encoder-webm-vorbis: bf7c407c2cedff20999df2af8eb42d56 -> 
========================================================================
Received Prepare
Begin MonoManager ReloadAssembly
Symbol file LoadedFromMemory doesn't match image D:\Uni work\GAM20003\ChromaShift\ChromaShift\Library\PackageCache\com.unity.visualscripting@1.8.0\Editor\VisualScripting.Core\Dependencies\YamlDotNet\Unity.VisualScripting.YamlDotNet.dll
Symbol file LoadedFromMemory doesn't match image D:\Uni work\GAM20003\ChromaShift\ChromaShift\Library\PackageCache\com.unity.visualscripting@1.8.0\Editor\VisualScripting.Core\Dependencies\DotNetZip\Unity.VisualScripting.IonicZip.dll
- Loaded All Assemblies, in  0.412 seconds
Refreshing native plugins compatible for Editor in 1.58 ms, found 3 plugins.
Native extension for WindowsStandalone target not found
Mono: successfully reloaded assembly
- Finished resetting the current domain, in  0.846 seconds
Domain Reload Profiling: 1258ms
	BeginReloadAssembly (151ms)
		ExecutionOrderSort (0ms)
		DisableScriptedObjects (6ms)
		BackupInstance (0ms)
		ReleaseScriptingObjects (0ms)
		CreateAndSetChildDomain (34ms)
	RebuildCommonClasses (34ms)
	RebuildNativeTypeToScriptingClass (12ms)
	initialDomainReloadingComplete (30ms)
	LoadAllAssembliesAndSetupDomain (185ms)
		LoadAssemblies (254ms)
		RebuildTransferFunctionScriptingTraits (0ms)
		AnalyzeDomain (13ms)
			TypeCache.Refresh (7ms)
				TypeCache.ScanAssembly (0ms)
			ScanForSourceGeneratedMonoScriptInfo (0ms)
			ResolveRequiredComponents (5ms)
	FinalizeReload (846ms)
		ReleaseScriptCaches (0ms)
		RebuildScriptCaches (0ms)
		SetupLoadedEditorAssemblies (472ms)
			LogAssemblyErrors (0ms)
			InitializePlatformSupportModulesInManaged (7ms)
			SetLoadedEditorAssemblies (10ms)
			RefreshPlugins (0ms)
			BeforeProcessingInitializeOnLoad (92ms)
			ProcessInitializeOnLoadAttributes (340ms)
			ProcessInitializeOnLoadMethodAttributes (20ms)
			AfterProcessingInitializeOnLoad (3ms)
			EditorAssembliesLoaded (0ms)
		ExecutionOrderSort2 (0ms)
		AwakeInstancesAfterBackupRestoration (8ms)
Refreshing native plugins compatible for Editor in 5.04 ms, found 3 plugins.
Preloading 0 native plugins for Editor in 0.00 ms.
Unloading 3077 Unused Serialized files (Serialized files now loaded: 0)
Unloading 21 unused Assets / (29.7 KB). Loaded Objects now: 3693.
Memory consumption went from 119.1 MB to 119.1 MB.
Total: 4.407900 ms (FindLiveObjects: 0.766400 ms CreateObjectMapping: 0.480300 ms MarkObjects: 3.097300 ms  DeleteObjects: 0.062500 ms)

Prepare: number of updated asset objects reloaded= 0
AssetImportParameters requested are different than current active one (requested -> active):
  custom:container-demuxer-ogg: 62fdf1f143b41e24485cea50d1cbac27 -> 
  custom:video-codec-MediaFoundation-h265: 746d11721c4dcdbdad8f713fa42b33f4 -> 
  custom:video-decoder-ogg-theora: a1e56fd34408186e4bbccfd4996cb3dc -> 
  custom:framework-win-MediaFoundation: 216162199b28c13a410421893ffa2e32 -> 
  custom:CustomObjectIndexerAttribute: 756ad292c208cfabdd7b50bc23989ffe -> 
  custom:container-demuxer-webm: 4f35f7cbe854078d1ac9338744f61a02 -> 
  custom:container-muxer-webm: aa71ff27fc2769a1b78a27578f13a17b -> 
  custom:video-decoder-webm-vp8: 9c59270c3fd7afecdb556c50c9e8de78 -> 
  custom:SearchIndexIgnoredProperties: e643bd26f0fe6173181afceb89e7c659 -> 
  custom:AudioImporter_EditorPlatform: d09bf68614088b80899f8185d706f6e7 -> 
  custom:video-encoder-webm-vp8: eb34c28f22e8b96e1ab97ce403110664 -> 
  custom:audio-decoder-ogg-vorbis: bf7c407c2cedff20999df2af8eb42d56 -> 
  custom:audio-encoder-webm-vorbis: bf7c407c2cedff20999df2af8eb42d56 -> 
========================================================================
Received Prepare
Begin MonoManager ReloadAssembly
Symbol file LoadedFromMemory doesn't match image D:\Uni work\GAM20003\ChromaShift\ChromaShift\Library\PackageCache\com.unity.visualscripting@1.8.0\Editor\VisualScripting.Core\Dependencies\YamlDotNet\Unity.VisualScripting.YamlDotNet.dll
Symbol file LoadedFromMemory doesn't match image D:\Uni work\GAM20003\ChromaShift\ChromaShift\Library\PackageCache\com.unity.visualscripting@1.8.0\Editor\VisualScripting.Core\Dependencies\DotNetZip\Unity.VisualScripting.IonicZip.dll
- Loaded All Assemblies, in  0.405 seconds
Refreshing native plugins compatible for Editor in 1.65 ms, found 3 plugins.
Native extension for WindowsStandalone target not found
Mono: successfully reloaded assembly
- Finished resetting the current domain, in  0.813 seconds
Domain Reload Profiling: 1218ms
	BeginReloadAssembly (159ms)
		ExecutionOrderSort (0ms)
		DisableScriptedObjects (10ms)
		BackupInstance (0ms)
		ReleaseScriptingObjects (0ms)
		CreateAndSetChildDomain (36ms)
	RebuildCommonClasses (34ms)
	RebuildNativeTypeToScriptingClass (12ms)
	initialDomainReloadingComplete (23ms)
	LoadAllAssembliesAndSetupDomain (176ms)
		LoadAssemblies (246ms)
		RebuildTransferFunctionScriptingTraits (0ms)
		AnalyzeDomain (14ms)
			TypeCache.Refresh (7ms)
				TypeCache.ScanAssembly (0ms)
			ScanForSourceGeneratedMonoScriptInfo (0ms)
			ResolveRequiredComponents (5ms)
	FinalizeReload (814ms)
		ReleaseScriptCaches (0ms)
		RebuildScriptCaches (0ms)
		SetupLoadedEditorAssemblies (438ms)
			LogAssemblyErrors (0ms)
			InitializePlatformSupportModulesInManaged (4ms)
			SetLoadedEditorAssemblies (6ms)
			RefreshPlugins (0ms)
			BeforeProcessingInitializeOnLoad (60ms)
			ProcessInitializeOnLoadAttributes (329ms)
			ProcessInitializeOnLoadMethodAttributes (35ms)
			AfterProcessingInitializeOnLoad (3ms)
			EditorAssembliesLoaded (0ms)
		ExecutionOrderSort2 (0ms)
		AwakeInstancesAfterBackupRestoration (13ms)
Refreshing native plugins compatible for Editor in 2.73 ms, found 3 plugins.
Preloading 0 native plugins for Editor in 0.00 ms.
Unloading 3077 Unused Serialized files (Serialized files now loaded: 0)
Unloading 21 unused Assets / (29.7 KB). Loaded Objects now: 3696.
Memory consumption went from 119.1 MB to 119.1 MB.
Total: 7.590000 ms (FindLiveObjects: 0.715300 ms CreateObjectMapping: 0.385300 ms MarkObjects: 6.379800 ms  DeleteObjects: 0.107700 ms)

Prepare: number of updated asset objects reloaded= 0
AssetImportParameters requested are different than current active one (requested -> active):
  custom:container-demuxer-ogg: 62fdf1f143b41e24485cea50d1cbac27 -> 
  custom:video-codec-MediaFoundation-h265: 746d11721c4dcdbdad8f713fa42b33f4 -> 
  custom:video-decoder-ogg-theora: a1e56fd34408186e4bbccfd4996cb3dc -> 
  custom:framework-win-MediaFoundation: 216162199b28c13a410421893ffa2e32 -> 
  custom:CustomObjectIndexerAttribute: 756ad292c208cfabdd7b50bc23989ffe -> 
  custom:container-demuxer-webm: 4f35f7cbe854078d1ac9338744f61a02 -> 
  custom:container-muxer-webm: aa71ff27fc2769a1b78a27578f13a17b -> 
  custom:video-decoder-webm-vp8: 9c59270c3fd7afecdb556c50c9e8de78 -> 
  custom:SearchIndexIgnoredProperties: e643bd26f0fe6173181afceb89e7c659 -> 
  custom:AudioImporter_EditorPlatform: d09bf68614088b80899f8185d706f6e7 -> 
  custom:video-encoder-webm-vp8: eb34c28f22e8b96e1ab97ce403110664 -> 
  custom:audio-decoder-ogg-vorbis: bf7c407c2cedff20999df2af8eb42d56 -> 
  custom:audio-encoder-webm-vorbis: bf7c407c2cedff20999df2af8eb42d56 -> 
========================================================================
Received Import Request.
  Time since last request: 88.516139 seconds.
  path: Assets/Resources/Chunks/Chunk4.prefab
  artifactKey: Guid(8aeaf83fba9afc244afa1414d53820a7) Importer(815301076,1909f56bfc062723c751e8b465ee728b)
Start importing Assets/Resources/Chunks/Chunk4.prefab using Guid(8aeaf83fba9afc244afa1414d53820a7) Importer(815301076,1909f56bfc062723c751e8b465ee728b)  -> (artifact id: '74bba976b79b0807c572009aa8a5d320') in 0.144541 seconds
Number of updated asset objects reloaded before import = 0
Number of asset objects unloaded after import = 392
========================================================================
Received Import Request.
  Time since last request: 3.430897 seconds.
  path: Assets/Resources/Chunks/Chunk4.prefab
  artifactKey: Guid(8aeaf83fba9afc244afa1414d53820a7) Importer(815301076,1909f56bfc062723c751e8b465ee728b)
Start importing Assets/Resources/Chunks/Chunk4.prefab using Guid(8aeaf83fba9afc244afa1414d53820a7) Importer(815301076,1909f56bfc062723c751e8b465ee728b)  -> (artifact id: 'd22c719ab8d9eb07ac530f5c18bd20cf') in 0.034255 seconds
Number of updated asset objects reloaded before import = 0
Number of asset objects unloaded after import = 392
========================================================================
Received Import Request.
  Time since last request: 10.439953 seconds.
  path: Assets/Resources/Chunks/Chunk4.prefab
  artifactKey: Guid(8aeaf83fba9afc244afa1414d53820a7) Importer(815301076,1909f56bfc062723c751e8b465ee728b)
Start importing Assets/Resources/Chunks/Chunk4.prefab using Guid(8aeaf83fba9afc244afa1414d53820a7) Importer(815301076,1909f56bfc062723c751e8b465ee728b)  -> (artifact id: '3b723728e3cd8b00b7bbf5a20d34cbd1') in 0.040917 seconds
Number of updated asset objects reloaded before import = 0
Number of asset objects unloaded after import = 392
========================================================================
Received Import Request.
  Time since last request: 1.765820 seconds.
  path: Assets/Resources/Chunks/Chunk4.prefab
  artifactKey: Guid(8aeaf83fba9afc244afa1414d53820a7) Importer(815301076,1909f56bfc062723c751e8b465ee728b)
Start importing Assets/Resources/Chunks/Chunk4.prefab using Guid(8aeaf83fba9afc244afa1414d53820a7) Importer(815301076,1909f56bfc062723c751e8b465ee728b)  -> (artifact id: 'd87ea5341f09435d443d863a9516aa62') in 0.040848 seconds
Number of updated asset objects reloaded before import = 0
Number of asset objects unloaded after import = 392
========================================================================
Received Import Request.
  Time since last request: 0.562715 seconds.
  path: Assets/Resources/Chunks/Chunk4.prefab
  artifactKey: Guid(8aeaf83fba9afc244afa1414d53820a7) Importer(815301076,1909f56bfc062723c751e8b465ee728b)
Start importing Assets/Resources/Chunks/Chunk4.prefab using Guid(8aeaf83fba9afc244afa1414d53820a7) Importer(815301076,1909f56bfc062723c751e8b465ee728b)  -> (artifact id: 'cf80804b6e62feb4db766a9b160a0601') in 0.033771 seconds
Number of updated asset objects reloaded before import = 0
Number of asset objects unloaded after import = 392
========================================================================
Received Import Request.
  Time since last request: 4.627179 seconds.
  path: Assets/Resources/Chunks/Chunk4.prefab
  artifactKey: Guid(8aeaf83fba9afc244afa1414d53820a7) Importer(815301076,1909f56bfc062723c751e8b465ee728b)
Start importing Assets/Resources/Chunks/Chunk4.prefab using Guid(8aeaf83fba9afc244afa1414d53820a7) Importer(815301076,1909f56bfc062723c751e8b465ee728b)  -> (artifact id: 'a9442b4c3dc4010eef91381e0e369a0f') in 0.035723 seconds
Number of updated asset objects reloaded before import = 0
Number of asset objects unloaded after import = 392
========================================================================
Received Import Request.
  Time since last request: 2.176535 seconds.
  path: Assets/Resources/Chunks/Chunk4.prefab
  artifactKey: Guid(8aeaf83fba9afc244afa1414d53820a7) Importer(815301076,1909f56bfc062723c751e8b465ee728b)
Start importing Assets/Resources/Chunks/Chunk4.prefab using Guid(8aeaf83fba9afc244afa1414d53820a7) Importer(815301076,1909f56bfc062723c751e8b465ee728b)  -> (artifact id: '454b37f0ffb95a1aa3ebba42c2c09c5f') in 0.033074 seconds
Number of updated asset objects reloaded before import = 0
Number of asset objects unloaded after import = 392
========================================================================
Received Import Request.
  Time since last request: 15.703134 seconds.
  path: Assets/Resources/Chunks/Chunk4.prefab
  artifactKey: Guid(8aeaf83fba9afc244afa1414d53820a7) Importer(815301076,1909f56bfc062723c751e8b465ee728b)
Start importing Assets/Resources/Chunks/Chunk4.prefab using Guid(8aeaf83fba9afc244afa1414d53820a7) Importer(815301076,1909f56bfc062723c751e8b465ee728b)  -> (artifact id: 'e36425e05a63ce511628c1beeaad352b') in 0.035506 seconds
Number of updated asset objects reloaded before import = 0
Number of asset objects unloaded after import = 392
========================================================================
Received Import Request.
  Time since last request: 3.194028 seconds.
  path: Assets/Resources/Chunks/Chunk4.prefab
  artifactKey: Guid(8aeaf83fba9afc244afa1414d53820a7) Importer(815301076,1909f56bfc062723c751e8b465ee728b)
Start importing Assets/Resources/Chunks/Chunk4.prefab using Guid(8aeaf83fba9afc244afa1414d53820a7) Importer(815301076,1909f56bfc062723c751e8b465ee728b)  -> (artifact id: '1673ede448a1f9d9435e1b46f5e6094d') in 0.038064 seconds
Number of updated asset objects reloaded before import = 0
Number of asset objects unloaded after import = 392
========================================================================
Received Import Request.
  Time since last request: 7.094238 seconds.
  path: Assets/Resources/Chunks/Chunk4.prefab
  artifactKey: Guid(8aeaf83fba9afc244afa1414d53820a7) Importer(815301076,1909f56bfc062723c751e8b465ee728b)
Start importing Assets/Resources/Chunks/Chunk4.prefab using Guid(8aeaf83fba9afc244afa1414d53820a7) Importer(815301076,1909f56bfc062723c751e8b465ee728b)  -> (artifact id: '3cbdac4615a0d9ed30ed5958e659f11e') in 0.035502 seconds
Number of updated asset objects reloaded before import = 0
Number of asset objects unloaded after import = 392
========================================================================
Received Import Request.
  Time since last request: 9.884490 seconds.
  path: Assets/Resources/Chunks/Chunk4.prefab
  artifactKey: Guid(8aeaf83fba9afc244afa1414d53820a7) Importer(815301076,1909f56bfc062723c751e8b465ee728b)
Start importing Assets/Resources/Chunks/Chunk4.prefab using Guid(8aeaf83fba9afc244afa1414d53820a7) Importer(815301076,1909f56bfc062723c751e8b465ee728b)  -> (artifact id: 'a2738ba620717dce4b77f29ac97f2905') in 0.034704 seconds
Number of updated asset objects reloaded before import = 0
Number of asset objects unloaded after import = 392
========================================================================
Received Import Request.
  Time since last request: 6.236037 seconds.
  path: Assets/Resources/Chunks/Chunk4.prefab
  artifactKey: Guid(8aeaf83fba9afc244afa1414d53820a7) Importer(815301076,1909f56bfc062723c751e8b465ee728b)
Start importing Assets/Resources/Chunks/Chunk4.prefab using Guid(8aeaf83fba9afc244afa1414d53820a7) Importer(815301076,1909f56bfc062723c751e8b465ee728b)  -> (artifact id: 'd300c04d688eedb4987db812596afac6') in 0.035089 seconds
Number of updated asset objects reloaded before import = 0
Number of asset objects unloaded after import = 392
========================================================================
Received Prepare
Begin MonoManager ReloadAssembly
Symbol file LoadedFromMemory doesn't match image D:\Uni work\GAM20003\ChromaShift\ChromaShift\Library\PackageCache\com.unity.visualscripting@1.8.0\Editor\VisualScripting.Core\Dependencies\YamlDotNet\Unity.VisualScripting.YamlDotNet.dll
Symbol file LoadedFromMemory doesn't match image D:\Uni work\GAM20003\ChromaShift\ChromaShift\Library\PackageCache\com.unity.visualscripting@1.8.0\Editor\VisualScripting.Core\Dependencies\DotNetZip\Unity.VisualScripting.IonicZip.dll
- Loaded All Assemblies, in  0.422 seconds
Refreshing native plugins compatible for Editor in 1.48 ms, found 3 plugins.
Native extension for WindowsStandalone target not found
Mono: successfully reloaded assembly
- Finished resetting the current domain, in  0.858 seconds
Domain Reload Profiling: 1280ms
	BeginReloadAssembly (157ms)
		ExecutionOrderSort (0ms)
		DisableScriptedObjects (5ms)
		BackupInstance (0ms)
		ReleaseScriptingObjects (0ms)
		CreateAndSetChildDomain (37ms)
	RebuildCommonClasses (41ms)
	RebuildNativeTypeToScriptingClass (12ms)
	initialDomainReloadingComplete (25ms)
	LoadAllAssembliesAndSetupDomain (187ms)
		LoadAssemblies (260ms)
		RebuildTransferFunctionScriptingTraits (0ms)
		AnalyzeDomain (12ms)
			TypeCache.Refresh (6ms)
				TypeCache.ScanAssembly (0ms)
			ScanForSourceGeneratedMonoScriptInfo (0ms)
			ResolveRequiredComponents (5ms)
	FinalizeReload (859ms)
		ReleaseScriptCaches (0ms)
		RebuildScriptCaches (0ms)
		SetupLoadedEditorAssemblies (452ms)
			LogAssemblyErrors (0ms)
			InitializePlatformSupportModulesInManaged (5ms)
			SetLoadedEditorAssemblies (4ms)
			RefreshPlugins (0ms)
			BeforeProcessingInitializeOnLoad (59ms)
			ProcessInitializeOnLoadAttributes (346ms)
			ProcessInitializeOnLoadMethodAttributes (34ms)
			AfterProcessingInitializeOnLoad (3ms)
			EditorAssembliesLoaded (0ms)
		ExecutionOrderSort2 (0ms)
		AwakeInstancesAfterBackupRestoration (13ms)
Refreshing native plugins compatible for Editor in 3.31 ms, found 3 plugins.
Preloading 0 native plugins for Editor in 0.00 ms.
Unloading 3077 Unused Serialized files (Serialized files now loaded: 0)
Unloading 21 unused Assets / (29.7 KB). Loaded Objects now: 3699.
Memory consumption went from 119.2 MB to 119.1 MB.
Total: 6.068900 ms (FindLiveObjects: 0.368300 ms CreateObjectMapping: 0.288600 ms MarkObjects: 5.291400 ms  DeleteObjects: 0.119100 ms)

Prepare: number of updated asset objects reloaded= 0
AssetImportParameters requested are different than current active one (requested -> active):
  custom:container-demuxer-ogg: 62fdf1f143b41e24485cea50d1cbac27 -> 
  custom:video-codec-MediaFoundation-h265: 746d11721c4dcdbdad8f713fa42b33f4 -> 
  custom:video-decoder-ogg-theora: a1e56fd34408186e4bbccfd4996cb3dc -> 
  custom:framework-win-MediaFoundation: 216162199b28c13a410421893ffa2e32 -> 
  custom:CustomObjectIndexerAttribute: 756ad292c208cfabdd7b50bc23989ffe -> 
  custom:container-demuxer-webm: 4f35f7cbe854078d1ac9338744f61a02 -> 
  custom:container-muxer-webm: aa71ff27fc2769a1b78a27578f13a17b -> 
  custom:video-decoder-webm-vp8: 9c59270c3fd7afecdb556c50c9e8de78 -> 
  custom:SearchIndexIgnoredProperties: e643bd26f0fe6173181afceb89e7c659 -> 
  custom:AudioImporter_EditorPlatform: d09bf68614088b80899f8185d706f6e7 -> 
  custom:video-encoder-webm-vp8: eb34c28f22e8b96e1ab97ce403110664 -> 
  custom:audio-decoder-ogg-vorbis: bf7c407c2cedff20999df2af8eb42d56 -> 
  custom:audio-encoder-webm-vorbis: bf7c407c2cedff20999df2af8eb42d56 -> 
========================================================================
Received Prepare
Begin MonoManager ReloadAssembly
Symbol file LoadedFromMemory doesn't match image D:\Uni work\GAM20003\ChromaShift\ChromaShift\Library\PackageCache\com.unity.visualscripting@1.8.0\Editor\VisualScripting.Core\Dependencies\YamlDotNet\Unity.VisualScripting.YamlDotNet.dll
Symbol file LoadedFromMemory doesn't match image D:\Uni work\GAM20003\ChromaShift\ChromaShift\Library\PackageCache\com.unity.visualscripting@1.8.0\Editor\VisualScripting.Core\Dependencies\DotNetZip\Unity.VisualScripting.IonicZip.dll
- Loaded All Assemblies, in  0.415 seconds
Refreshing native plugins compatible for Editor in 1.53 ms, found 3 plugins.
Native extension for WindowsStandalone target not found
Mono: successfully reloaded assembly
- Finished resetting the current domain, in  0.770 seconds
Domain Reload Profiling: 1186ms
	BeginReloadAssembly (163ms)
		ExecutionOrderSort (0ms)
		DisableScriptedObjects (11ms)
		BackupInstance (0ms)
		ReleaseScriptingObjects (0ms)
		CreateAndSetChildDomain (35ms)
	RebuildCommonClasses (34ms)
	RebuildNativeTypeToScriptingClass (12ms)
	initialDomainReloadingComplete (24ms)
	LoadAllAssembliesAndSetupDomain (182ms)
		LoadAssemblies (255ms)
		RebuildTransferFunctionScriptingTraits (0ms)
		AnalyzeDomain (12ms)
			TypeCache.Refresh (6ms)
				TypeCache.ScanAssembly (0ms)
			ScanForSourceGeneratedMonoScriptInfo (0ms)
			ResolveRequiredComponents (5ms)
	FinalizeReload (771ms)
		ReleaseScriptCaches (0ms)
		RebuildScriptCaches (0ms)
		SetupLoadedEditorAssemblies (396ms)
			LogAssemblyErrors (0ms)
			InitializePlatformSupportModulesInManaged (4ms)
			SetLoadedEditorAssemblies (5ms)
			RefreshPlugins (0ms)
			BeforeProcessingInitializeOnLoad (53ms)
			ProcessInitializeOnLoadAttributes (298ms)
			ProcessInitializeOnLoadMethodAttributes (32ms)
			AfterProcessingInitializeOnLoad (3ms)
			EditorAssembliesLoaded (0ms)
		ExecutionOrderSort2 (0ms)
		AwakeInstancesAfterBackupRestoration (10ms)
Refreshing native plugins compatible for Editor in 5.19 ms, found 3 plugins.
Preloading 0 native plugins for Editor in 0.00 ms.
Unloading 3077 Unused Serialized files (Serialized files now loaded: 0)
Unloading 21 unused Assets / (29.7 KB). Loaded Objects now: 3702.
Memory consumption went from 119.2 MB to 119.1 MB.
Total: 6.857400 ms (FindLiveObjects: 0.866300 ms CreateObjectMapping: 0.968600 ms MarkObjects: 4.931300 ms  DeleteObjects: 0.087900 ms)

Prepare: number of updated asset objects reloaded= 0
AssetImportParameters requested are different than current active one (requested -> active):
  custom:container-demuxer-ogg: 62fdf1f143b41e24485cea50d1cbac27 -> 
  custom:video-codec-MediaFoundation-h265: 746d11721c4dcdbdad8f713fa42b33f4 -> 
  custom:video-decoder-ogg-theora: a1e56fd34408186e4bbccfd4996cb3dc -> 
  custom:framework-win-MediaFoundation: 216162199b28c13a410421893ffa2e32 -> 
  custom:CustomObjectIndexerAttribute: 756ad292c208cfabdd7b50bc23989ffe -> 
  custom:container-demuxer-webm: 4f35f7cbe854078d1ac9338744f61a02 -> 
  custom:container-muxer-webm: aa71ff27fc2769a1b78a27578f13a17b -> 
  custom:video-decoder-webm-vp8: 9c59270c3fd7afecdb556c50c9e8de78 -> 
  custom:SearchIndexIgnoredProperties: e643bd26f0fe6173181afceb89e7c659 -> 
  custom:AudioImporter_EditorPlatform: d09bf68614088b80899f8185d706f6e7 -> 
  custom:video-encoder-webm-vp8: eb34c28f22e8b96e1ab97ce403110664 -> 
  custom:audio-decoder-ogg-vorbis: bf7c407c2cedff20999df2af8eb42d56 -> 
  custom:audio-encoder-webm-vorbis: bf7c407c2cedff20999df2af8eb42d56 -> 
========================================================================
Received Import Request.
  Time since last request: 88.776027 seconds.
  path: Assets/Resources/Chunks/Chunk4.prefab
  artifactKey: Guid(8aeaf83fba9afc244afa1414d53820a7) Importer(815301076,1909f56bfc062723c751e8b465ee728b)
Start importing Assets/Resources/Chunks/Chunk4.prefab using Guid(8aeaf83fba9afc244afa1414d53820a7) Importer(815301076,1909f56bfc062723c751e8b465ee728b)  -> (artifact id: '09d0ef4f1af406c8959461a28dcf50ec') in 0.149370 seconds
Number of updated asset objects reloaded before import = 0
Number of asset objects unloaded after import = 392
========================================================================
Received Import Request.
  Time since last request: 8.655996 seconds.
  path: Assets/Resources/Chunks/Chunk4.prefab
  artifactKey: Guid(8aeaf83fba9afc244afa1414d53820a7) Importer(815301076,1909f56bfc062723c751e8b465ee728b)
Start importing Assets/Resources/Chunks/Chunk4.prefab using Guid(8aeaf83fba9afc244afa1414d53820a7) Importer(815301076,1909f56bfc062723c751e8b465ee728b)  -> (artifact id: '378d9217c539f2b8b93e0b9b62659f81') in 0.032761 seconds
Number of updated asset objects reloaded before import = 0
Number of asset objects unloaded after import = 352
========================================================================
Received Import Request.
  Time since last request: 5.433919 seconds.
  path: Assets/Resources/Chunks/Chunk4.prefab
  artifactKey: Guid(8aeaf83fba9afc244afa1414d53820a7) Importer(815301076,1909f56bfc062723c751e8b465ee728b)
Start importing Assets/Resources/Chunks/Chunk4.prefab using Guid(8aeaf83fba9afc244afa1414d53820a7) Importer(815301076,1909f56bfc062723c751e8b465ee728b)  -> (artifact id: 'dfa30c8a4ab12ecc59bab6de0b10b632') in 0.035231 seconds
Number of updated asset objects reloaded before import = 0
Number of asset objects unloaded after import = 352
========================================================================
Received Import Request.
  Time since last request: 8.492003 seconds.
  path: Assets/Resources/Chunks/Chunk4.prefab
  artifactKey: Guid(8aeaf83fba9afc244afa1414d53820a7) Importer(815301076,1909f56bfc062723c751e8b465ee728b)
Start importing Assets/Resources/Chunks/Chunk4.prefab using Guid(8aeaf83fba9afc244afa1414d53820a7) Importer(815301076,1909f56bfc062723c751e8b465ee728b)  -> (artifact id: '01b90c339733b19bff0f6adc7362212f') in 0.032517 seconds
Number of updated asset objects reloaded before import = 0
Number of asset objects unloaded after import = 352
========================================================================
Received Import Request.
  Time since last request: 2.613126 seconds.
  path: Assets/Resources/Chunks/Chunk4.prefab
  artifactKey: Guid(8aeaf83fba9afc244afa1414d53820a7) Importer(815301076,1909f56bfc062723c751e8b465ee728b)
Start importing Assets/Resources/Chunks/Chunk4.prefab using Guid(8aeaf83fba9afc244afa1414d53820a7) Importer(815301076,1909f56bfc062723c751e8b465ee728b)  -> (artifact id: '43d46302c1b46be145b80e53541fcfef') in 0.031756 seconds
Number of updated asset objects reloaded before import = 0
Number of asset objects unloaded after import = 361
========================================================================
Received Import Request.
  Time since last request: 1.781359 seconds.
  path: Assets/Resources/Chunks/Chunk4.prefab
  artifactKey: Guid(8aeaf83fba9afc244afa1414d53820a7) Importer(815301076,1909f56bfc062723c751e8b465ee728b)
Start importing Assets/Resources/Chunks/Chunk4.prefab using Guid(8aeaf83fba9afc244afa1414d53820a7) Importer(815301076,1909f56bfc062723c751e8b465ee728b)  -> (artifact id: '7b68dee731b33f91bd220da94f352f13') in 1.652186 seconds
Number of updated asset objects reloaded before import = 0
Number of asset objects unloaded after import = 361
========================================================================
Received Import Request.
  Time since last request: 2.779749 seconds.
  path: Assets/Resources/Chunks/Chunk4.prefab
  artifactKey: Guid(8aeaf83fba9afc244afa1414d53820a7) Importer(815301076,1909f56bfc062723c751e8b465ee728b)
Start importing Assets/Resources/Chunks/Chunk4.prefab using Guid(8aeaf83fba9afc244afa1414d53820a7) Importer(815301076,1909f56bfc062723c751e8b465ee728b)  -> (artifact id: '7c00947dd6e1213e14670de9a124995e') in 0.079186 seconds
Number of updated asset objects reloaded before import = 0
Number of asset objects unloaded after import = 361
========================================================================
Received Import Request.
  Time since last request: 8.985356 seconds.
  path: Assets/Resources/Chunks/Chunk4.prefab
  artifactKey: Guid(8aeaf83fba9afc244afa1414d53820a7) Importer(815301076,1909f56bfc062723c751e8b465ee728b)
Start importing Assets/Resources/Chunks/Chunk4.prefab using Guid(8aeaf83fba9afc244afa1414d53820a7) Importer(815301076,1909f56bfc062723c751e8b465ee728b)  -> (artifact id: 'fdc3035fa0458016cd5c34b468720612') in 0.031996 seconds
Number of updated asset objects reloaded before import = 0
Number of asset objects unloaded after import = 361
========================================================================
Received Import Request.
  Time since last request: 6.422507 seconds.
  path: Assets/Resources/Chunks/Chunk4.prefab
  artifactKey: Guid(8aeaf83fba9afc244afa1414d53820a7) Importer(815301076,1909f56bfc062723c751e8b465ee728b)
Start importing Assets/Resources/Chunks/Chunk4.prefab using Guid(8aeaf83fba9afc244afa1414d53820a7) Importer(815301076,1909f56bfc062723c751e8b465ee728b)  -> (artifact id: 'b20935c46a7f54174bd44a8862144980') in 0.041168 seconds
Number of updated asset objects reloaded before import = 0
Number of asset objects unloaded after import = 361
========================================================================
Received Import Request.
  Time since last request: 2.412106 seconds.
  path: Assets/Resources/Chunks/Chunk4.prefab
  artifactKey: Guid(8aeaf83fba9afc244afa1414d53820a7) Importer(815301076,1909f56bfc062723c751e8b465ee728b)
Start importing Assets/Resources/Chunks/Chunk4.prefab using Guid(8aeaf83fba9afc244afa1414d53820a7) Importer(815301076,1909f56bfc062723c751e8b465ee728b)  -> (artifact id: '4151a04794db5f611aea98ab47c96368') in 0.033273 seconds
Number of updated asset objects reloaded before import = 0
Number of asset objects unloaded after import = 370
========================================================================
Received Import Request.
  Time since last request: 1.825932 seconds.
  path: Assets/Resources/Chunks/Chunk4.prefab
  artifactKey: Guid(8aeaf83fba9afc244afa1414d53820a7) Importer(815301076,1909f56bfc062723c751e8b465ee728b)
Start importing Assets/Resources/Chunks/Chunk4.prefab using Guid(8aeaf83fba9afc244afa1414d53820a7) Importer(815301076,1909f56bfc062723c751e8b465ee728b)  -> (artifact id: '51eb00a96e32fb789e9146cb92e1b7dd') in 0.078344 seconds
Number of updated asset objects reloaded before import = 0
Number of asset objects unloaded after import = 370
========================================================================
Received Import Request.
  Time since last request: 7.559126 seconds.
  path: Assets/Resources/Chunks/Chunk4.prefab
  artifactKey: Guid(8aeaf83fba9afc244afa1414d53820a7) Importer(815301076,1909f56bfc062723c751e8b465ee728b)
Start importing Assets/Resources/Chunks/Chunk4.prefab using Guid(8aeaf83fba9afc244afa1414d53820a7) Importer(815301076,1909f56bfc062723c751e8b465ee728b)  -> (artifact id: '66725ce0d3a8cd6753e1fe9c38c02091') in 0.036265 seconds
Number of updated asset objects reloaded before import = 0
Number of asset objects unloaded after import = 370
========================================================================
Received Import Request.
  Time since last request: 4.406003 seconds.
  path: Assets/Resources/Chunks/Chunk4.prefab
  artifactKey: Guid(8aeaf83fba9afc244afa1414d53820a7) Importer(815301076,1909f56bfc062723c751e8b465ee728b)
Start importing Assets/Resources/Chunks/Chunk4.prefab using Guid(8aeaf83fba9afc244afa1414d53820a7) Importer(815301076,1909f56bfc062723c751e8b465ee728b)  -> (artifact id: 'f5068bccd32451a9183004062098bb29') in 0.031234 seconds
Number of updated asset objects reloaded before import = 0
Number of asset objects unloaded after import = 379
========================================================================
Received Import Request.
  Time since last request: 2.193802 seconds.
  path: Assets/Resources/Chunks/Chunk4.prefab
  artifactKey: Guid(8aeaf83fba9afc244afa1414d53820a7) Importer(815301076,1909f56bfc062723c751e8b465ee728b)
Start importing Assets/Resources/Chunks/Chunk4.prefab using Guid(8aeaf83fba9afc244afa1414d53820a7) Importer(815301076,1909f56bfc062723c751e8b465ee728b)  -> (artifact id: 'fa340c5dfbd014e0c1ad57b7e30e7592') in 0.034377 seconds
Number of updated asset objects reloaded before import = 0
Number of asset objects unloaded after import = 379
========================================================================
Received Import Request.
  Time since last request: 5.422387 seconds.
  path: Assets/Resources/Chunks/Chunk4.prefab
  artifactKey: Guid(8aeaf83fba9afc244afa1414d53820a7) Importer(815301076,1909f56bfc062723c751e8b465ee728b)
Start importing Assets/Resources/Chunks/Chunk4.prefab using Guid(8aeaf83fba9afc244afa1414d53820a7) Importer(815301076,1909f56bfc062723c751e8b465ee728b)  -> (artifact id: 'e7c384699a6d445642a5f6f97d065b4a') in 0.033370 seconds
Number of updated asset objects reloaded before import = 0
Number of asset objects unloaded after import = 379
========================================================================
Received Import Request.
  Time since last request: 0.978219 seconds.
  path: Assets/Resources/Chunks/Chunk4.prefab
  artifactKey: Guid(8aeaf83fba9afc244afa1414d53820a7) Importer(815301076,1909f56bfc062723c751e8b465ee728b)
Start importing Assets/Resources/Chunks/Chunk4.prefab using Guid(8aeaf83fba9afc244afa1414d53820a7) Importer(815301076,1909f56bfc062723c751e8b465ee728b)  -> (artifact id: 'fd01aa697410301269119cd288d3ab77') in 0.033834 seconds
Number of updated asset objects reloaded before import = 0
Number of asset objects unloaded after import = 379
========================================================================
Received Import Request.
  Time since last request: 1.376499 seconds.
  path: Assets/Resources/Chunks/Chunk4.prefab
  artifactKey: Guid(8aeaf83fba9afc244afa1414d53820a7) Importer(815301076,1909f56bfc062723c751e8b465ee728b)
Start importing Assets/Resources/Chunks/Chunk4.prefab using Guid(8aeaf83fba9afc244afa1414d53820a7) Importer(815301076,1909f56bfc062723c751e8b465ee728b)  -> (artifact id: '3b6ed69bbc22838295fe6ceaf00d356c') in 0.059558 seconds
Number of updated asset objects reloaded before import = 0
Number of asset objects unloaded after import = 379
========================================================================
Received Import Request.
  Time since last request: 1.144905 seconds.
  path: Assets/Resources/Chunks/Chunk4.prefab
  artifactKey: Guid(8aeaf83fba9afc244afa1414d53820a7) Importer(815301076,1909f56bfc062723c751e8b465ee728b)
Start importing Assets/Resources/Chunks/Chunk4.prefab using Guid(8aeaf83fba9afc244afa1414d53820a7) Importer(815301076,1909f56bfc062723c751e8b465ee728b)  -> (artifact id: '36f851fe4bd59da9a89c5f0b3bb448b4') in 0.032613 seconds
Number of updated asset objects reloaded before import = 0
Number of asset objects unloaded after import = 379
========================================================================
Received Import Request.
  Time since last request: 0.580386 seconds.
  path: Assets/Resources/Chunks/Chunk4.prefab
  artifactKey: Guid(8aeaf83fba9afc244afa1414d53820a7) Importer(815301076,1909f56bfc062723c751e8b465ee728b)
Start importing Assets/Resources/Chunks/Chunk4.prefab using Guid(8aeaf83fba9afc244afa1414d53820a7) Importer(815301076,1909f56bfc062723c751e8b465ee728b)  -> (artifact id: 'b0fb8c597d9102faaaaca3b6d38d399a') in 0.035558 seconds
Number of updated asset objects reloaded before import = 0
Number of asset objects unloaded after import = 388
========================================================================
Received Import Request.
  Time since last request: 1.169087 seconds.
  path: Assets/Resources/Chunks/Chunk4.prefab
  artifactKey: Guid(8aeaf83fba9afc244afa1414d53820a7) Importer(815301076,1909f56bfc062723c751e8b465ee728b)
Start importing Assets/Resources/Chunks/Chunk4.prefab using Guid(8aeaf83fba9afc244afa1414d53820a7) Importer(815301076,1909f56bfc062723c751e8b465ee728b)  -> (artifact id: 'bdad0faffa4d8ede4c4c4310b449a949') in 0.031528 seconds
Number of updated asset objects reloaded before import = 0
Number of asset objects unloaded after import = 388
========================================================================
Received Import Request.
  Time since last request: 2.817463 seconds.
  path: Assets/Resources/Chunks/Chunk4.prefab
  artifactKey: Guid(8aeaf83fba9afc244afa1414d53820a7) Importer(815301076,1909f56bfc062723c751e8b465ee728b)
Start importing Assets/Resources/Chunks/Chunk4.prefab using Guid(8aeaf83fba9afc244afa1414d53820a7) Importer(815301076,1909f56bfc062723c751e8b465ee728b)  -> (artifact id: '4ca1d288b89886445061d90c595d1a8b') in 0.191081 seconds
Number of updated asset objects reloaded before import = 0
Number of asset objects unloaded after import = 388
========================================================================
Received Import Request.
  Time since last request: 3.032401 seconds.
  path: Assets/Resources/Chunks/Chunk4.prefab
  artifactKey: Guid(8aeaf83fba9afc244afa1414d53820a7) Importer(815301076,1909f56bfc062723c751e8b465ee728b)
Start importing Assets/Resources/Chunks/Chunk4.prefab using Guid(8aeaf83fba9afc244afa1414d53820a7) Importer(815301076,1909f56bfc062723c751e8b465ee728b)  -> (artifact id: '28cc72b10acc4d8d46ca3509c0d3c7c4') in 0.032120 seconds
Number of updated asset objects reloaded before import = 0
Number of asset objects unloaded after import = 388
========================================================================
Received Prepare
Begin MonoManager ReloadAssembly
Symbol file LoadedFromMemory doesn't match image D:\Uni work\GAM20003\ChromaShift\ChromaShift\Library\PackageCache\com.unity.visualscripting@1.8.0\Editor\VisualScripting.Core\Dependencies\YamlDotNet\Unity.VisualScripting.YamlDotNet.dll
Symbol file LoadedFromMemory doesn't match image D:\Uni work\GAM20003\ChromaShift\ChromaShift\Library\PackageCache\com.unity.visualscripting@1.8.0\Editor\VisualScripting.Core\Dependencies\DotNetZip\Unity.VisualScripting.IonicZip.dll
- Loaded All Assemblies, in  0.425 seconds
Refreshing native plugins compatible for Editor in 1.59 ms, found 3 plugins.
Native extension for WindowsStandalone target not found
Mono: successfully reloaded assembly
- Finished resetting the current domain, in  0.837 seconds
Domain Reload Profiling: 1262ms
	BeginReloadAssembly (159ms)
		ExecutionOrderSort (0ms)
		DisableScriptedObjects (5ms)
		BackupInstance (0ms)
		ReleaseScriptingObjects (0ms)
		CreateAndSetChildDomain (35ms)
	RebuildCommonClasses (36ms)
	RebuildNativeTypeToScriptingClass (12ms)
	initialDomainReloadingComplete (24ms)
	LoadAllAssembliesAndSetupDomain (193ms)
		LoadAssemblies (268ms)
		RebuildTransferFunctionScriptingTraits (0ms)
		AnalyzeDomain (14ms)
			TypeCache.Refresh (7ms)
				TypeCache.ScanAssembly (0ms)
			ScanForSourceGeneratedMonoScriptInfo (0ms)
			ResolveRequiredComponents (6ms)
	FinalizeReload (838ms)
		ReleaseScriptCaches (0ms)
		RebuildScriptCaches (0ms)
		SetupLoadedEditorAssemblies (459ms)
			LogAssemblyErrors (0ms)
			InitializePlatformSupportModulesInManaged (4ms)
			SetLoadedEditorAssemblies (5ms)
			RefreshPlugins (0ms)
			BeforeProcessingInitializeOnLoad (57ms)
			ProcessInitializeOnLoadAttributes (354ms)
			ProcessInitializeOnLoadMethodAttributes (35ms)
			AfterProcessingInitializeOnLoad (3ms)
			EditorAssembliesLoaded (0ms)
		ExecutionOrderSort2 (0ms)
		AwakeInstancesAfterBackupRestoration (10ms)
Refreshing native plugins compatible for Editor in 3.20 ms, found 3 plugins.
Preloading 0 native plugins for Editor in 0.00 ms.
Unloading 3077 Unused Serialized files (Serialized files now loaded: 0)
Unloading 21 unused Assets / (29.7 KB). Loaded Objects now: 3705.
Memory consumption went from 119.4 MB to 119.4 MB.
Total: 8.854800 ms (FindLiveObjects: 0.641900 ms CreateObjectMapping: 1.187800 ms MarkObjects: 6.934400 ms  DeleteObjects: 0.088900 ms)

Prepare: number of updated asset objects reloaded= 0
AssetImportParameters requested are different than current active one (requested -> active):
  custom:container-demuxer-ogg: 62fdf1f143b41e24485cea50d1cbac27 -> 
  custom:video-codec-MediaFoundation-h265: 746d11721c4dcdbdad8f713fa42b33f4 -> 
  custom:video-decoder-ogg-theora: a1e56fd34408186e4bbccfd4996cb3dc -> 
  custom:framework-win-MediaFoundation: 216162199b28c13a410421893ffa2e32 -> 
  custom:CustomObjectIndexerAttribute: 756ad292c208cfabdd7b50bc23989ffe -> 
  custom:container-demuxer-webm: 4f35f7cbe854078d1ac9338744f61a02 -> 
  custom:container-muxer-webm: aa71ff27fc2769a1b78a27578f13a17b -> 
  custom:video-decoder-webm-vp8: 9c59270c3fd7afecdb556c50c9e8de78 -> 
  custom:SearchIndexIgnoredProperties: e643bd26f0fe6173181afceb89e7c659 -> 
  custom:AudioImporter_EditorPlatform: d09bf68614088b80899f8185d706f6e7 -> 
  custom:video-encoder-webm-vp8: eb34c28f22e8b96e1ab97ce403110664 -> 
  custom:audio-decoder-ogg-vorbis: bf7c407c2cedff20999df2af8eb42d56 -> 
  custom:audio-encoder-webm-vorbis: bf7c407c2cedff20999df2af8eb42d56 -> 
========================================================================
Received Import Request.
  Time since last request: 107.620558 seconds.
  path: Assets/Resources/Chunks/Chunk4.prefab
  artifactKey: Guid(8aeaf83fba9afc244afa1414d53820a7) Importer(815301076,1909f56bfc062723c751e8b465ee728b)
Start importing Assets/Resources/Chunks/Chunk4.prefab using Guid(8aeaf83fba9afc244afa1414d53820a7) Importer(815301076,1909f56bfc062723c751e8b465ee728b)  -> (artifact id: '04769c4288f27d9cc66ab1ef0e72f48a') in 0.148512 seconds
Number of updated asset objects reloaded before import = 0
Number of asset objects unloaded after import = 408
========================================================================
Received Import Request.
  Time since last request: 15.875068 seconds.
  path: Assets/Resources/Chunks/Chunk5.prefab
  artifactKey: Guid(68d603206c2847c41ad48fcd9e25060c) Importer(815301076,1909f56bfc062723c751e8b465ee728b)
Start importing Assets/Resources/Chunks/Chunk5.prefab using Guid(68d603206c2847c41ad48fcd9e25060c) Importer(815301076,1909f56bfc062723c751e8b465ee728b)  -> (artifact id: '692acc9105e3cce182b804056fc04f74') in 0.028419 seconds
Number of updated asset objects reloaded before import = 0
Number of asset objects unloaded after import = 26
========================================================================
Received Import Request.
  Time since last request: 18.869546 seconds.
  path: Assets/Resources/Chunks/Chunk5.prefab
  artifactKey: Guid(68d603206c2847c41ad48fcd9e25060c) Importer(815301076,1909f56bfc062723c751e8b465ee728b)
Start importing Assets/Resources/Chunks/Chunk5.prefab using Guid(68d603206c2847c41ad48fcd9e25060c) Importer(815301076,1909f56bfc062723c751e8b465ee728b)  -> (artifact id: 'ddbb15f092ae2a9140aea173717d2d29') in 0.024879 seconds
Number of updated asset objects reloaded before import = 0
Number of asset objects unloaded after import = 26
========================================================================
Received Prepare
Begin MonoManager ReloadAssembly
Symbol file LoadedFromMemory doesn't match image D:\Uni work\GAM20003\ChromaShift\ChromaShift\Library\PackageCache\com.unity.visualscripting@1.8.0\Editor\VisualScripting.Core\Dependencies\YamlDotNet\Unity.VisualScripting.YamlDotNet.dll
Symbol file LoadedFromMemory doesn't match image D:\Uni work\GAM20003\ChromaShift\ChromaShift\Library\PackageCache\com.unity.visualscripting@1.8.0\Editor\VisualScripting.Core\Dependencies\DotNetZip\Unity.VisualScripting.IonicZip.dll
- Loaded All Assemblies, in  0.444 seconds
Refreshing native plugins compatible for Editor in 1.85 ms, found 3 plugins.
Native extension for WindowsStandalone target not found
Mono: successfully reloaded assembly
- Finished resetting the current domain, in  0.830 seconds
Domain Reload Profiling: 1274ms
	BeginReloadAssembly (161ms)
		ExecutionOrderSort (0ms)
		DisableScriptedObjects (5ms)
		BackupInstance (0ms)
		ReleaseScriptingObjects (0ms)
		CreateAndSetChildDomain (36ms)
	RebuildCommonClasses (36ms)
	RebuildNativeTypeToScriptingClass (17ms)
	initialDomainReloadingComplete (24ms)
	LoadAllAssembliesAndSetupDomain (206ms)
		LoadAssemblies (277ms)
		RebuildTransferFunctionScriptingTraits (0ms)
		AnalyzeDomain (14ms)
			TypeCache.Refresh (7ms)
				TypeCache.ScanAssembly (0ms)
			ScanForSourceGeneratedMonoScriptInfo (0ms)
			ResolveRequiredComponents (6ms)
	FinalizeReload (830ms)
		ReleaseScriptCaches (0ms)
		RebuildScriptCaches (0ms)
		SetupLoadedEditorAssemblies (445ms)
			LogAssemblyErrors (0ms)
			InitializePlatformSupportModulesInManaged (4ms)
			SetLoadedEditorAssemblies (5ms)
			RefreshPlugins (0ms)
			BeforeProcessingInitializeOnLoad (59ms)
			ProcessInitializeOnLoadAttributes (340ms)
			ProcessInitializeOnLoadMethodAttributes (34ms)
			AfterProcessingInitializeOnLoad (3ms)
			EditorAssembliesLoaded (0ms)
		ExecutionOrderSort2 (0ms)
		AwakeInstancesAfterBackupRestoration (10ms)
Refreshing native plugins compatible for Editor in 3.19 ms, found 3 plugins.
Preloading 0 native plugins for Editor in 0.00 ms.
Unloading 3077 Unused Serialized files (Serialized files now loaded: 0)
Unloading 21 unused Assets / (29.8 KB). Loaded Objects now: 3708.
Memory consumption went from 119.4 MB to 119.4 MB.
Total: 7.236000 ms (FindLiveObjects: 0.747700 ms CreateObjectMapping: 0.851800 ms MarkObjects: 5.551300 ms  DeleteObjects: 0.083200 ms)

Prepare: number of updated asset objects reloaded= 0
AssetImportParameters requested are different than current active one (requested -> active):
  custom:container-demuxer-ogg: 62fdf1f143b41e24485cea50d1cbac27 -> 
  custom:video-codec-MediaFoundation-h265: 746d11721c4dcdbdad8f713fa42b33f4 -> 
  custom:video-decoder-ogg-theora: a1e56fd34408186e4bbccfd4996cb3dc -> 
  custom:framework-win-MediaFoundation: 216162199b28c13a410421893ffa2e32 -> 
  custom:CustomObjectIndexerAttribute: 756ad292c208cfabdd7b50bc23989ffe -> 
  custom:container-demuxer-webm: 4f35f7cbe854078d1ac9338744f61a02 -> 
  custom:container-muxer-webm: aa71ff27fc2769a1b78a27578f13a17b -> 
  custom:video-decoder-webm-vp8: 9c59270c3fd7afecdb556c50c9e8de78 -> 
  custom:SearchIndexIgnoredProperties: e643bd26f0fe6173181afceb89e7c659 -> 
  custom:AudioImporter_EditorPlatform: d09bf68614088b80899f8185d706f6e7 -> 
  custom:video-encoder-webm-vp8: eb34c28f22e8b96e1ab97ce403110664 -> 
  custom:audio-decoder-ogg-vorbis: bf7c407c2cedff20999df2af8eb42d56 -> 
  custom:audio-encoder-webm-vorbis: bf7c407c2cedff20999df2af8eb42d56 -> 
========================================================================
Received Prepare
Begin MonoManager ReloadAssembly
Symbol file LoadedFromMemory doesn't match image D:\Uni work\GAM20003\ChromaShift\ChromaShift\Library\PackageCache\com.unity.visualscripting@1.8.0\Editor\VisualScripting.Core\Dependencies\YamlDotNet\Unity.VisualScripting.YamlDotNet.dll
Symbol file LoadedFromMemory doesn't match image D:\Uni work\GAM20003\ChromaShift\ChromaShift\Library\PackageCache\com.unity.visualscripting@1.8.0\Editor\VisualScripting.Core\Dependencies\DotNetZip\Unity.VisualScripting.IonicZip.dll
- Loaded All Assemblies, in  0.410 seconds
Refreshing native plugins compatible for Editor in 1.64 ms, found 3 plugins.
Native extension for WindowsStandalone target not found
Mono: successfully reloaded assembly
- Finished resetting the current domain, in  0.849 seconds
Domain Reload Profiling: 1260ms
	BeginReloadAssembly (149ms)
		ExecutionOrderSort (0ms)
		DisableScriptedObjects (6ms)
		BackupInstance (0ms)
		ReleaseScriptingObjects (0ms)
		CreateAndSetChildDomain (32ms)
	RebuildCommonClasses (34ms)
	RebuildNativeTypeToScriptingClass (12ms)
	initialDomainReloadingComplete (26ms)
	LoadAllAssembliesAndSetupDomain (188ms)
		LoadAssemblies (258ms)
		RebuildTransferFunctionScriptingTraits (0ms)
		AnalyzeDomain (13ms)
			TypeCache.Refresh (7ms)
				TypeCache.ScanAssembly (0ms)
			ScanForSourceGeneratedMonoScriptInfo (0ms)
			ResolveRequiredComponents (5ms)
	FinalizeReload (850ms)
		ReleaseScriptCaches (0ms)
		RebuildScriptCaches (0ms)
		SetupLoadedEditorAssemblies (449ms)
			LogAssemblyErrors (0ms)
			InitializePlatformSupportModulesInManaged (4ms)
			SetLoadedEditorAssemblies (5ms)
			RefreshPlugins (0ms)
			BeforeProcessingInitializeOnLoad (58ms)
			ProcessInitializeOnLoadAttributes (340ms)
			ProcessInitializeOnLoadMethodAttributes (36ms)
			AfterProcessingInitializeOnLoad (4ms)
			EditorAssembliesLoaded (0ms)
		ExecutionOrderSort2 (0ms)
		AwakeInstancesAfterBackupRestoration (12ms)
Refreshing native plugins compatible for Editor in 2.51 ms, found 3 plugins.
Preloading 0 native plugins for Editor in 0.00 ms.
Unloading 3077 Unused Serialized files (Serialized files now loaded: 0)
Unloading 21 unused Assets / (29.7 KB). Loaded Objects now: 3711.
Memory consumption went from 119.4 MB to 119.4 MB.
Total: 9.373000 ms (FindLiveObjects: 0.623800 ms CreateObjectMapping: 1.572300 ms MarkObjects: 6.732600 ms  DeleteObjects: 0.441000 ms)

Prepare: number of updated asset objects reloaded= 0
AssetImportParameters requested are different than current active one (requested -> active):
  custom:container-demuxer-ogg: 62fdf1f143b41e24485cea50d1cbac27 -> 
  custom:video-codec-MediaFoundation-h265: 746d11721c4dcdbdad8f713fa42b33f4 -> 
  custom:video-decoder-ogg-theora: a1e56fd34408186e4bbccfd4996cb3dc -> 
  custom:framework-win-MediaFoundation: 216162199b28c13a410421893ffa2e32 -> 
  custom:CustomObjectIndexerAttribute: 756ad292c208cfabdd7b50bc23989ffe -> 
  custom:container-demuxer-webm: 4f35f7cbe854078d1ac9338744f61a02 -> 
  custom:container-muxer-webm: aa71ff27fc2769a1b78a27578f13a17b -> 
  custom:video-decoder-webm-vp8: 9c59270c3fd7afecdb556c50c9e8de78 -> 
  custom:SearchIndexIgnoredProperties: e643bd26f0fe6173181afceb89e7c659 -> 
  custom:AudioImporter_EditorPlatform: d09bf68614088b80899f8185d706f6e7 -> 
  custom:video-encoder-webm-vp8: eb34c28f22e8b96e1ab97ce403110664 -> 
  custom:audio-decoder-ogg-vorbis: bf7c407c2cedff20999df2af8eb42d56 -> 
  custom:audio-encoder-webm-vorbis: bf7c407c2cedff20999df2af8eb42d56 -> 
========================================================================
Received Import Request.
  Time since last request: 473.548625 seconds.
  path: Assets/Resources/Chunks/Chunk5.prefab
  artifactKey: Guid(68d603206c2847c41ad48fcd9e25060c) Importer(815301076,1909f56bfc062723c751e8b465ee728b)
Start importing Assets/Resources/Chunks/Chunk5.prefab using Guid(68d603206c2847c41ad48fcd9e25060c) Importer(815301076,1909f56bfc062723c751e8b465ee728b)  -> (artifact id: 'b53d2bb130bf2bd99de4af1347601c0d') in 0.136905 seconds
Number of updated asset objects reloaded before import = 0
Number of asset objects unloaded after import = 337
========================================================================
Received Import Request.
  Time since last request: 6.475571 seconds.
  path: Assets/Resources/Chunks/Chunk5.prefab
  artifactKey: Guid(68d603206c2847c41ad48fcd9e25060c) Importer(815301076,1909f56bfc062723c751e8b465ee728b)
Start importing Assets/Resources/Chunks/Chunk5.prefab using Guid(68d603206c2847c41ad48fcd9e25060c) Importer(815301076,1909f56bfc062723c751e8b465ee728b)  -> (artifact id: '5fa5d9e035abc10c05dc951bdf347e9f') in 0.032731 seconds
Number of updated asset objects reloaded before import = 0
Number of asset objects unloaded after import = 337
========================================================================
Received Import Request.
  Time since last request: 7.976022 seconds.
  path: Assets/Resources/Chunks/Chunk5.prefab
  artifactKey: Guid(68d603206c2847c41ad48fcd9e25060c) Importer(815301076,1909f56bfc062723c751e8b465ee728b)
Start importing Assets/Resources/Chunks/Chunk5.prefab using Guid(68d603206c2847c41ad48fcd9e25060c) Importer(815301076,1909f56bfc062723c751e8b465ee728b)  -> (artifact id: '8522572b7352ecb62ac5eed1ce256440') in 0.028917 seconds
Number of updated asset objects reloaded before import = 0
Number of asset objects unloaded after import = 337
========================================================================
Received Import Request.
  Time since last request: 4.412617 seconds.
  path: Assets/Resources/Chunks/Chunk5.prefab
  artifactKey: Guid(68d603206c2847c41ad48fcd9e25060c) Importer(815301076,1909f56bfc062723c751e8b465ee728b)
Start importing Assets/Resources/Chunks/Chunk5.prefab using Guid(68d603206c2847c41ad48fcd9e25060c) Importer(815301076,1909f56bfc062723c751e8b465ee728b)  -> (artifact id: '464f920be3e4c5d7fe3c2fe821ad4e26') in 0.374596 seconds
Number of updated asset objects reloaded before import = 0
Number of asset objects unloaded after import = 337
========================================================================
Received Import Request.
  Time since last request: 2.261356 seconds.
  path: Assets/Resources/Chunks/Chunk5.prefab
  artifactKey: Guid(68d603206c2847c41ad48fcd9e25060c) Importer(815301076,1909f56bfc062723c751e8b465ee728b)
Start importing Assets/Resources/Chunks/Chunk5.prefab using Guid(68d603206c2847c41ad48fcd9e25060c) Importer(815301076,1909f56bfc062723c751e8b465ee728b)  -> (artifact id: '005bd1f73500e7a563a0e68bfbf8073d') in 0.033308 seconds
Number of updated asset objects reloaded before import = 0
Number of asset objects unloaded after import = 337
========================================================================
Received Import Request.
  Time since last request: 4.415257 seconds.
  path: Assets/Resources/Chunks/Chunk5.prefab
  artifactKey: Guid(68d603206c2847c41ad48fcd9e25060c) Importer(815301076,1909f56bfc062723c751e8b465ee728b)
Start importing Assets/Resources/Chunks/Chunk5.prefab using Guid(68d603206c2847c41ad48fcd9e25060c) Importer(815301076,1909f56bfc062723c751e8b465ee728b)  -> (artifact id: 'e9f7060f0f62bda732ef8eda588b13c0') in 0.030781 seconds
Number of updated asset objects reloaded before import = 0
Number of asset objects unloaded after import = 337
========================================================================
Received Import Request.
  Time since last request: 2.987391 seconds.
  path: Assets/Resources/Chunks/Chunk5.prefab
  artifactKey: Guid(68d603206c2847c41ad48fcd9e25060c) Importer(815301076,1909f56bfc062723c751e8b465ee728b)
Start importing Assets/Resources/Chunks/Chunk5.prefab using Guid(68d603206c2847c41ad48fcd9e25060c) Importer(815301076,1909f56bfc062723c751e8b465ee728b)  -> (artifact id: '82f0d65ef6bcd59604241dd6606d6913') in 0.032191 seconds
Number of updated asset objects reloaded before import = 0
Number of asset objects unloaded after import = 337
========================================================================
Received Import Request.
  Time since last request: 2.384909 seconds.
  path: Assets/Resources/Chunks/Chunk5.prefab
  artifactKey: Guid(68d603206c2847c41ad48fcd9e25060c) Importer(815301076,1909f56bfc062723c751e8b465ee728b)
Start importing Assets/Resources/Chunks/Chunk5.prefab using Guid(68d603206c2847c41ad48fcd9e25060c) Importer(815301076,1909f56bfc062723c751e8b465ee728b)  -> (artifact id: '8b893483c405f5c4f4bc3e27f074512e') in 0.033506 seconds
Number of updated asset objects reloaded before import = 0
Number of asset objects unloaded after import = 337
========================================================================
Received Import Request.
  Time since last request: 0.362525 seconds.
  path: Assets/Resources/Chunks/Chunk5.prefab
  artifactKey: Guid(68d603206c2847c41ad48fcd9e25060c) Importer(815301076,1909f56bfc062723c751e8b465ee728b)
Start importing Assets/Resources/Chunks/Chunk5.prefab using Guid(68d603206c2847c41ad48fcd9e25060c) Importer(815301076,1909f56bfc062723c751e8b465ee728b)  -> (artifact id: '5c647e581cce2de5375031122ae1dd76') in 0.034101 seconds
Number of updated asset objects reloaded before import = 0
Number of asset objects unloaded after import = 337
========================================================================
Received Import Request.
  Time since last request: 1.571412 seconds.
  path: Assets/Resources/Chunks/Chunk5.prefab
  artifactKey: Guid(68d603206c2847c41ad48fcd9e25060c) Importer(815301076,1909f56bfc062723c751e8b465ee728b)
Start importing Assets/Resources/Chunks/Chunk5.prefab using Guid(68d603206c2847c41ad48fcd9e25060c) Importer(815301076,1909f56bfc062723c751e8b465ee728b)  -> (artifact id: 'd10c7d02a14c39e7ab5596b9512a4d8c') in 0.028339 seconds
Number of updated asset objects reloaded before import = 0
Number of asset objects unloaded after import = 337
========================================================================
Received Import Request.
  Time since last request: 20.118701 seconds.
  path: Assets/Resources/Chunks/Chunk5.prefab
  artifactKey: Guid(68d603206c2847c41ad48fcd9e25060c) Importer(815301076,1909f56bfc062723c751e8b465ee728b)
Start importing Assets/Resources/Chunks/Chunk5.prefab using Guid(68d603206c2847c41ad48fcd9e25060c) Importer(815301076,1909f56bfc062723c751e8b465ee728b)  -> (artifact id: 'cec52c8789da2742466a72bbc4602e9e') in 0.030802 seconds
Number of updated asset objects reloaded before import = 0
Number of asset objects unloaded after import = 337
========================================================================
Received Import Request.
  Time since last request: 5.415943 seconds.
  path: Assets/Resources/Chunks/Chunk5.prefab
  artifactKey: Guid(68d603206c2847c41ad48fcd9e25060c) Importer(815301076,1909f56bfc062723c751e8b465ee728b)
Start importing Assets/Resources/Chunks/Chunk5.prefab using Guid(68d603206c2847c41ad48fcd9e25060c) Importer(815301076,1909f56bfc062723c751e8b465ee728b)  -> (artifact id: '34dcba21ded423a15674659d5bf3042e') in 0.031911 seconds
Number of updated asset objects reloaded before import = 0
Number of asset objects unloaded after import = 337
========================================================================
Received Prepare
Begin MonoManager ReloadAssembly
Symbol file LoadedFromMemory doesn't match image D:\Uni work\GAM20003\ChromaShift\ChromaShift\Library\PackageCache\com.unity.visualscripting@1.8.0\Editor\VisualScripting.Core\Dependencies\YamlDotNet\Unity.VisualScripting.YamlDotNet.dll
Symbol file LoadedFromMemory doesn't match image D:\Uni work\GAM20003\ChromaShift\ChromaShift\Library\PackageCache\com.unity.visualscripting@1.8.0\Editor\VisualScripting.Core\Dependencies\DotNetZip\Unity.VisualScripting.IonicZip.dll
- Loaded All Assemblies, in  0.426 seconds
Refreshing native plugins compatible for Editor in 1.64 ms, found 3 plugins.
Native extension for WindowsStandalone target not found
Mono: successfully reloaded assembly
- Finished resetting the current domain, in  0.823 seconds
Domain Reload Profiling: 1249ms
	BeginReloadAssembly (160ms)
		ExecutionOrderSort (0ms)
		DisableScriptedObjects (5ms)
		BackupInstance (0ms)
		ReleaseScriptingObjects (0ms)
		CreateAndSetChildDomain (33ms)
	RebuildCommonClasses (34ms)
	RebuildNativeTypeToScriptingClass (12ms)
	initialDomainReloadingComplete (24ms)
	LoadAllAssembliesAndSetupDomain (195ms)
		LoadAssemblies (275ms)
		RebuildTransferFunctionScriptingTraits (0ms)
		AnalyzeDomain (13ms)
			TypeCache.Refresh (7ms)
				TypeCache.ScanAssembly (0ms)
			ScanForSourceGeneratedMonoScriptInfo (0ms)
			ResolveRequiredComponents (5ms)
	FinalizeReload (824ms)
		ReleaseScriptCaches (0ms)
		RebuildScriptCaches (0ms)
		SetupLoadedEditorAssemblies (440ms)
			LogAssemblyErrors (0ms)
			InitializePlatformSupportModulesInManaged (5ms)
			SetLoadedEditorAssemblies (5ms)
			RefreshPlugins (0ms)
			BeforeProcessingInitializeOnLoad (54ms)
			ProcessInitializeOnLoadAttributes (336ms)
			ProcessInitializeOnLoadMethodAttributes (35ms)
			AfterProcessingInitializeOnLoad (4ms)
			EditorAssembliesLoaded (0ms)
		ExecutionOrderSort2 (0ms)
		AwakeInstancesAfterBackupRestoration (13ms)
Refreshing native plugins compatible for Editor in 3.15 ms, found 3 plugins.
Preloading 0 native plugins for Editor in 0.00 ms.
Unloading 3077 Unused Serialized files (Serialized files now loaded: 0)
Unloading 21 unused Assets / (29.7 KB). Loaded Objects now: 3714.
Memory consumption went from 119.5 MB to 119.4 MB.
Total: 7.993200 ms (FindLiveObjects: 0.721600 ms CreateObjectMapping: 0.411100 ms MarkObjects: 6.773500 ms  DeleteObjects: 0.084300 ms)

Prepare: number of updated asset objects reloaded= 0
AssetImportParameters requested are different than current active one (requested -> active):
  custom:container-demuxer-ogg: 62fdf1f143b41e24485cea50d1cbac27 -> 
  custom:video-codec-MediaFoundation-h265: 746d11721c4dcdbdad8f713fa42b33f4 -> 
  custom:video-decoder-ogg-theora: a1e56fd34408186e4bbccfd4996cb3dc -> 
  custom:framework-win-MediaFoundation: 216162199b28c13a410421893ffa2e32 -> 
  custom:CustomObjectIndexerAttribute: 756ad292c208cfabdd7b50bc23989ffe -> 
  custom:container-demuxer-webm: 4f35f7cbe854078d1ac9338744f61a02 -> 
  custom:container-muxer-webm: aa71ff27fc2769a1b78a27578f13a17b -> 
  custom:video-decoder-webm-vp8: 9c59270c3fd7afecdb556c50c9e8de78 -> 
  custom:SearchIndexIgnoredProperties: e643bd26f0fe6173181afceb89e7c659 -> 
  custom:AudioImporter_EditorPlatform: d09bf68614088b80899f8185d706f6e7 -> 
  custom:video-encoder-webm-vp8: eb34c28f22e8b96e1ab97ce403110664 -> 
  custom:audio-decoder-ogg-vorbis: bf7c407c2cedff20999df2af8eb42d56 -> 
  custom:audio-encoder-webm-vorbis: bf7c407c2cedff20999df2af8eb42d56 -> 
========================================================================
Received Prepare
Begin MonoManager ReloadAssembly
Symbol file LoadedFromMemory doesn't match image D:\Uni work\GAM20003\ChromaShift\ChromaShift\Library\PackageCache\com.unity.visualscripting@1.8.0\Editor\VisualScripting.Core\Dependencies\YamlDotNet\Unity.VisualScripting.YamlDotNet.dll
Symbol file LoadedFromMemory doesn't match image D:\Uni work\GAM20003\ChromaShift\ChromaShift\Library\PackageCache\com.unity.visualscripting@1.8.0\Editor\VisualScripting.Core\Dependencies\DotNetZip\Unity.VisualScripting.IonicZip.dll
- Loaded All Assemblies, in  0.449 seconds
Refreshing native plugins compatible for Editor in 1.58 ms, found 3 plugins.
Native extension for WindowsStandalone target not found
Mono: successfully reloaded assembly
- Finished resetting the current domain, in  0.799 seconds
Domain Reload Profiling: 1247ms
	BeginReloadAssembly (177ms)
		ExecutionOrderSort (0ms)
		DisableScriptedObjects (6ms)
		BackupInstance (0ms)
		ReleaseScriptingObjects (0ms)
		CreateAndSetChildDomain (33ms)
	RebuildCommonClasses (37ms)
	RebuildNativeTypeToScriptingClass (12ms)
	initialDomainReloadingComplete (25ms)
	LoadAllAssembliesAndSetupDomain (199ms)
		LoadAssemblies (294ms)
		RebuildTransferFunctionScriptingTraits (0ms)
		AnalyzeDomain (13ms)
			TypeCache.Refresh (6ms)
				TypeCache.ScanAssembly (0ms)
			ScanForSourceGeneratedMonoScriptInfo (0ms)
			ResolveRequiredComponents (5ms)
	FinalizeReload (799ms)
		ReleaseScriptCaches (0ms)
		RebuildScriptCaches (0ms)
		SetupLoadedEditorAssemblies (423ms)
			LogAssemblyErrors (0ms)
			InitializePlatformSupportModulesInManaged (4ms)
			SetLoadedEditorAssemblies (5ms)
			RefreshPlugins (0ms)
			BeforeProcessingInitializeOnLoad (55ms)
			ProcessInitializeOnLoadAttributes (334ms)
			ProcessInitializeOnLoadMethodAttributes (22ms)
			AfterProcessingInitializeOnLoad (3ms)
			EditorAssembliesLoaded (0ms)
		ExecutionOrderSort2 (0ms)
		AwakeInstancesAfterBackupRestoration (9ms)
Refreshing native plugins compatible for Editor in 1.71 ms, found 3 plugins.
Preloading 0 native plugins for Editor in 0.00 ms.
Unloading 3077 Unused Serialized files (Serialized files now loaded: 0)
Unloading 21 unused Assets / (29.8 KB). Loaded Objects now: 3717.
Memory consumption went from 119.5 MB to 119.4 MB.
Total: 3.066600 ms (FindLiveObjects: 0.270300 ms CreateObjectMapping: 0.208900 ms MarkObjects: 2.516800 ms  DeleteObjects: 0.069400 ms)

Prepare: number of updated asset objects reloaded= 0
AssetImportParameters requested are different than current active one (requested -> active):
  custom:container-demuxer-ogg: 62fdf1f143b41e24485cea50d1cbac27 -> 
  custom:video-codec-MediaFoundation-h265: 746d11721c4dcdbdad8f713fa42b33f4 -> 
  custom:video-decoder-ogg-theora: a1e56fd34408186e4bbccfd4996cb3dc -> 
  custom:framework-win-MediaFoundation: 216162199b28c13a410421893ffa2e32 -> 
  custom:CustomObjectIndexerAttribute: 756ad292c208cfabdd7b50bc23989ffe -> 
  custom:container-demuxer-webm: 4f35f7cbe854078d1ac9338744f61a02 -> 
  custom:container-muxer-webm: aa71ff27fc2769a1b78a27578f13a17b -> 
  custom:video-decoder-webm-vp8: 9c59270c3fd7afecdb556c50c9e8de78 -> 
  custom:SearchIndexIgnoredProperties: e643bd26f0fe6173181afceb89e7c659 -> 
  custom:AudioImporter_EditorPlatform: d09bf68614088b80899f8185d706f6e7 -> 
  custom:video-encoder-webm-vp8: eb34c28f22e8b96e1ab97ce403110664 -> 
  custom:audio-decoder-ogg-vorbis: bf7c407c2cedff20999df2af8eb42d56 -> 
  custom:audio-encoder-webm-vorbis: bf7c407c2cedff20999df2af8eb42d56 -> 
========================================================================
Received Prepare
Begin MonoManager ReloadAssembly
Symbol file LoadedFromMemory doesn't match image D:\Uni work\GAM20003\ChromaShift\ChromaShift\Library\PackageCache\com.unity.visualscripting@1.8.0\Editor\VisualScripting.Core\Dependencies\YamlDotNet\Unity.VisualScripting.YamlDotNet.dll
Symbol file LoadedFromMemory doesn't match image D:\Uni work\GAM20003\ChromaShift\ChromaShift\Library\PackageCache\com.unity.visualscripting@1.8.0\Editor\VisualScripting.Core\Dependencies\DotNetZip\Unity.VisualScripting.IonicZip.dll
- Loaded All Assemblies, in  0.407 seconds
Refreshing native plugins compatible for Editor in 1.53 ms, found 3 plugins.
Native extension for WindowsStandalone target not found
Mono: successfully reloaded assembly
- Finished resetting the current domain, in  0.817 seconds
Domain Reload Profiling: 1224ms
	BeginReloadAssembly (157ms)
		ExecutionOrderSort (0ms)
		DisableScriptedObjects (6ms)
		BackupInstance (0ms)
		ReleaseScriptingObjects (0ms)
		CreateAndSetChildDomain (37ms)
	RebuildCommonClasses (34ms)
	RebuildNativeTypeToScriptingClass (12ms)
	initialDomainReloadingComplete (24ms)
	LoadAllAssembliesAndSetupDomain (181ms)
		LoadAssemblies (247ms)
		RebuildTransferFunctionScriptingTraits (0ms)
		AnalyzeDomain (12ms)
			TypeCache.Refresh (5ms)
				TypeCache.ScanAssembly (0ms)
			ScanForSourceGeneratedMonoScriptInfo (0ms)
			ResolveRequiredComponents (5ms)
	FinalizeReload (817ms)
		ReleaseScriptCaches (0ms)
		RebuildScriptCaches (0ms)
		SetupLoadedEditorAssemblies (439ms)
			LogAssemblyErrors (0ms)
			InitializePlatformSupportModulesInManaged (5ms)
			SetLoadedEditorAssemblies (5ms)
			RefreshPlugins (0ms)
			BeforeProcessingInitializeOnLoad (85ms)
			ProcessInitializeOnLoadAttributes (321ms)
			ProcessInitializeOnLoadMethodAttributes (20ms)
			AfterProcessingInitializeOnLoad (3ms)
			EditorAssembliesLoaded (0ms)
		ExecutionOrderSort2 (0ms)
		AwakeInstancesAfterBackupRestoration (8ms)
Refreshing native plugins compatible for Editor in 2.52 ms, found 3 plugins.
Preloading 0 native plugins for Editor in 0.00 ms.
Unloading 3077 Unused Serialized files (Serialized files now loaded: 0)
Unloading 21 unused Assets / (29.7 KB). Loaded Objects now: 3720.
Memory consumption went from 119.5 MB to 119.4 MB.
Total: 3.768000 ms (FindLiveObjects: 0.485800 ms CreateObjectMapping: 0.398200 ms MarkObjects: 2.819800 ms  DeleteObjects: 0.062800 ms)

Prepare: number of updated asset objects reloaded= 0
AssetImportParameters requested are different than current active one (requested -> active):
  custom:container-demuxer-ogg: 62fdf1f143b41e24485cea50d1cbac27 -> 
  custom:video-codec-MediaFoundation-h265: 746d11721c4dcdbdad8f713fa42b33f4 -> 
  custom:video-decoder-ogg-theora: a1e56fd34408186e4bbccfd4996cb3dc -> 
  custom:framework-win-MediaFoundation: 216162199b28c13a410421893ffa2e32 -> 
  custom:CustomObjectIndexerAttribute: 756ad292c208cfabdd7b50bc23989ffe -> 
  custom:container-demuxer-webm: 4f35f7cbe854078d1ac9338744f61a02 -> 
  custom:container-muxer-webm: aa71ff27fc2769a1b78a27578f13a17b -> 
  custom:video-decoder-webm-vp8: 9c59270c3fd7afecdb556c50c9e8de78 -> 
  custom:SearchIndexIgnoredProperties: e643bd26f0fe6173181afceb89e7c659 -> 
  custom:AudioImporter_EditorPlatform: d09bf68614088b80899f8185d706f6e7 -> 
  custom:video-encoder-webm-vp8: eb34c28f22e8b96e1ab97ce403110664 -> 
  custom:audio-decoder-ogg-vorbis: bf7c407c2cedff20999df2af8eb42d56 -> 
  custom:audio-encoder-webm-vorbis: bf7c407c2cedff20999df2af8eb42d56 -> 
========================================================================
Received Prepare
Begin MonoManager ReloadAssembly
Symbol file LoadedFromMemory doesn't match image D:\Uni work\GAM20003\ChromaShift\ChromaShift\Library\PackageCache\com.unity.visualscripting@1.8.0\Editor\VisualScripting.Core\Dependencies\YamlDotNet\Unity.VisualScripting.YamlDotNet.dll
Symbol file LoadedFromMemory doesn't match image D:\Uni work\GAM20003\ChromaShift\ChromaShift\Library\PackageCache\com.unity.visualscripting@1.8.0\Editor\VisualScripting.Core\Dependencies\DotNetZip\Unity.VisualScripting.IonicZip.dll
- Loaded All Assemblies, in  0.403 seconds
Refreshing native plugins compatible for Editor in 1.55 ms, found 3 plugins.
Native extension for WindowsStandalone target not found
Mono: successfully reloaded assembly
- Finished resetting the current domain, in  0.776 seconds
Domain Reload Profiling: 1180ms
	BeginReloadAssembly (147ms)
		ExecutionOrderSort (0ms)
		DisableScriptedObjects (6ms)
		BackupInstance (0ms)
		ReleaseScriptingObjects (0ms)
		CreateAndSetChildDomain (33ms)
	RebuildCommonClasses (34ms)
	RebuildNativeTypeToScriptingClass (12ms)
	initialDomainReloadingComplete (23ms)
	LoadAllAssembliesAndSetupDomain (186ms)
		LoadAssemblies (253ms)
		RebuildTransferFunctionScriptingTraits (0ms)
		AnalyzeDomain (12ms)
			TypeCache.Refresh (5ms)
				TypeCache.ScanAssembly (0ms)
			ScanForSourceGeneratedMonoScriptInfo (0ms)
			ResolveRequiredComponents (5ms)
	FinalizeReload (777ms)
		ReleaseScriptCaches (0ms)
		RebuildScriptCaches (0ms)
		SetupLoadedEditorAssemblies (365ms)
			LogAssemblyErrors (0ms)
			InitializePlatformSupportModulesInManaged (4ms)
			SetLoadedEditorAssemblies (5ms)
			RefreshPlugins (0ms)
			BeforeProcessingInitializeOnLoad (60ms)
			ProcessInitializeOnLoadAttributes (267ms)
			ProcessInitializeOnLoadMethodAttributes (25ms)
			AfterProcessingInitializeOnLoad (3ms)
			EditorAssembliesLoaded (0ms)
		ExecutionOrderSort2 (0ms)
		AwakeInstancesAfterBackupRestoration (9ms)
Refreshing native plugins compatible for Editor in 1.85 ms, found 3 plugins.
Preloading 0 native plugins for Editor in 0.00 ms.
Unloading 3077 Unused Serialized files (Serialized files now loaded: 0)
Unloading 21 unused Assets / (29.8 KB). Loaded Objects now: 3723.
Memory consumption went from 119.5 MB to 119.4 MB.
Total: 6.512800 ms (FindLiveObjects: 0.430500 ms CreateObjectMapping: 0.589500 ms MarkObjects: 5.435700 ms  DeleteObjects: 0.055700 ms)

Prepare: number of updated asset objects reloaded= 0
AssetImportParameters requested are different than current active one (requested -> active):
  custom:container-demuxer-ogg: 62fdf1f143b41e24485cea50d1cbac27 -> 
  custom:video-codec-MediaFoundation-h265: 746d11721c4dcdbdad8f713fa42b33f4 -> 
  custom:video-decoder-ogg-theora: a1e56fd34408186e4bbccfd4996cb3dc -> 
  custom:framework-win-MediaFoundation: 216162199b28c13a410421893ffa2e32 -> 
  custom:CustomObjectIndexerAttribute: 756ad292c208cfabdd7b50bc23989ffe -> 
  custom:container-demuxer-webm: 4f35f7cbe854078d1ac9338744f61a02 -> 
  custom:container-muxer-webm: aa71ff27fc2769a1b78a27578f13a17b -> 
  custom:video-decoder-webm-vp8: 9c59270c3fd7afecdb556c50c9e8de78 -> 
  custom:SearchIndexIgnoredProperties: e643bd26f0fe6173181afceb89e7c659 -> 
  custom:AudioImporter_EditorPlatform: d09bf68614088b80899f8185d706f6e7 -> 
  custom:video-encoder-webm-vp8: eb34c28f22e8b96e1ab97ce403110664 -> 
  custom:audio-decoder-ogg-vorbis: bf7c407c2cedff20999df2af8eb42d56 -> 
  custom:audio-encoder-webm-vorbis: bf7c407c2cedff20999df2af8eb42d56 -> 
========================================================================
Received Prepare
Begin MonoManager ReloadAssembly
Symbol file LoadedFromMemory doesn't match image D:\Uni work\GAM20003\ChromaShift\ChromaShift\Library\PackageCache\com.unity.visualscripting@1.8.0\Editor\VisualScripting.Core\Dependencies\YamlDotNet\Unity.VisualScripting.YamlDotNet.dll
Symbol file LoadedFromMemory doesn't match image D:\Uni work\GAM20003\ChromaShift\ChromaShift\Library\PackageCache\com.unity.visualscripting@1.8.0\Editor\VisualScripting.Core\Dependencies\DotNetZip\Unity.VisualScripting.IonicZip.dll
- Loaded All Assemblies, in  0.421 seconds
Refreshing native plugins compatible for Editor in 1.71 ms, found 3 plugins.
Native extension for WindowsStandalone target not found
Mono: successfully reloaded assembly
- Finished resetting the current domain, in  0.886 seconds
Domain Reload Profiling: 1307ms
	BeginReloadAssembly (161ms)
		ExecutionOrderSort (0ms)
		DisableScriptedObjects (7ms)
		BackupInstance (0ms)
		ReleaseScriptingObjects (0ms)
		CreateAndSetChildDomain (40ms)
	RebuildCommonClasses (33ms)
	RebuildNativeTypeToScriptingClass (12ms)
	initialDomainReloadingComplete (23ms)
	LoadAllAssembliesAndSetupDomain (191ms)
		LoadAssemblies (264ms)
		RebuildTransferFunctionScriptingTraits (0ms)
		AnalyzeDomain (12ms)
			TypeCache.Refresh (5ms)
				TypeCache.ScanAssembly (0ms)
			ScanForSourceGeneratedMonoScriptInfo (0ms)
			ResolveRequiredComponents (5ms)
	FinalizeReload (887ms)
		ReleaseScriptCaches (0ms)
		RebuildScriptCaches (0ms)
		SetupLoadedEditorAssemblies (473ms)
			LogAssemblyErrors (0ms)
			InitializePlatformSupportModulesInManaged (5ms)
			SetLoadedEditorAssemblies (6ms)
			RefreshPlugins (0ms)
			BeforeProcessingInitializeOnLoad (71ms)
			ProcessInitializeOnLoadAttributes (353ms)
			ProcessInitializeOnLoadMethodAttributes (33ms)
			AfterProcessingInitializeOnLoad (5ms)
			EditorAssembliesLoaded (0ms)
		ExecutionOrderSort2 (0ms)
		AwakeInstancesAfterBackupRestoration (13ms)
Refreshing native plugins compatible for Editor in 3.15 ms, found 3 plugins.
Preloading 0 native plugins for Editor in 0.00 ms.
Unloading 3077 Unused Serialized files (Serialized files now loaded: 0)
Unloading 21 unused Assets / (29.7 KB). Loaded Objects now: 3726.
Memory consumption went from 119.5 MB to 119.4 MB.
Total: 7.218000 ms (FindLiveObjects: 0.588600 ms CreateObjectMapping: 0.533600 ms MarkObjects: 5.973100 ms  DeleteObjects: 0.120600 ms)

Prepare: number of updated asset objects reloaded= 0
AssetImportParameters requested are different than current active one (requested -> active):
  custom:container-demuxer-ogg: 62fdf1f143b41e24485cea50d1cbac27 -> 
  custom:video-codec-MediaFoundation-h265: 746d11721c4dcdbdad8f713fa42b33f4 -> 
  custom:video-decoder-ogg-theora: a1e56fd34408186e4bbccfd4996cb3dc -> 
  custom:framework-win-MediaFoundation: 216162199b28c13a410421893ffa2e32 -> 
  custom:CustomObjectIndexerAttribute: 756ad292c208cfabdd7b50bc23989ffe -> 
  custom:container-demuxer-webm: 4f35f7cbe854078d1ac9338744f61a02 -> 
  custom:container-muxer-webm: aa71ff27fc2769a1b78a27578f13a17b -> 
  custom:video-decoder-webm-vp8: 9c59270c3fd7afecdb556c50c9e8de78 -> 
  custom:SearchIndexIgnoredProperties: e643bd26f0fe6173181afceb89e7c659 -> 
  custom:AudioImporter_EditorPlatform: d09bf68614088b80899f8185d706f6e7 -> 
  custom:video-encoder-webm-vp8: eb34c28f22e8b96e1ab97ce403110664 -> 
  custom:audio-decoder-ogg-vorbis: bf7c407c2cedff20999df2af8eb42d56 -> 
  custom:audio-encoder-webm-vorbis: bf7c407c2cedff20999df2af8eb42d56 -> 
