Using pre-set license
Built from '2022.3/staging' branch; Version is '2022.3.7f1 (b16b3b16c7a0) revision 11627323'; Using compiler version '192829333'; Build Type 'Release'
OS: 'Windows 11  (10.0.22621) 64bit CoreSingleLanguage' Language: 'en' Physical Memory: 16234 MB
BatchMode: 1, IsHumanControllingUs: 0, StartBugReporterOnCrash: 0, Is64bit: 1, IsPro: 1

COMMAND LINE ARGUMENTS:
D:\Uni work\GAM20001\Week4\2022.3.7f1\Editor\Unity.exe
-adb2
-batchMode
-noUpm
-name
AssetImportWorker4
-projectPath
D:/Uni work/GAM20003/ChromaShift/ChromaShift
-logFile
Logs/AssetImportWorker4.log
-srvPort
63553
Successfully changed project path to: D:/Uni work/GAM20003/ChromaShift/ChromaShift
D:/Uni work/GAM20003/ChromaShift/ChromaShift
[UnityMemory] Configuration Parameters - Can be set up in boot.config
    "memorysetup-bucket-allocator-granularity=16"
    "memorysetup-bucket-allocator-bucket-count=8"
    "memorysetup-bucket-allocator-block-size=33554432"
    "memorysetup-bucket-allocator-block-count=8"
    "memorysetup-main-allocator-block-size=16777216"
    "memorysetup-thread-allocator-block-size=16777216"
    "memorysetup-gfx-main-allocator-block-size=16777216"
    "memorysetup-gfx-thread-allocator-block-size=16777216"
    "memorysetup-cache-allocator-block-size=4194304"
    "memorysetup-typetree-allocator-block-size=2097152"
    "memorysetup-profiler-bucket-allocator-granularity=16"
    "memorysetup-profiler-bucket-allocator-bucket-count=8"
    "memorysetup-profiler-bucket-allocator-block-size=33554432"
    "memorysetup-profiler-bucket-allocator-block-count=8"
    "memorysetup-profiler-allocator-block-size=16777216"
    "memorysetup-profiler-editor-allocator-block-size=1048576"
    "memorysetup-temp-allocator-size-main=16777216"
    "memorysetup-job-temp-allocator-block-size=2097152"
    "memorysetup-job-temp-allocator-block-size-background=1048576"
    "memorysetup-job-temp-allocator-reduction-small-platforms=262144"
    "memorysetup-allocator-temp-initial-block-size-main=262144"
    "memorysetup-allocator-temp-initial-block-size-worker=262144"
    "memorysetup-temp-allocator-size-background-worker=32768"
    "memorysetup-temp-allocator-size-job-worker=262144"
    "memorysetup-temp-allocator-size-preload-manager=33554432"
    "memorysetup-temp-allocator-size-nav-mesh-worker=65536"
    "memorysetup-temp-allocator-size-audio-worker=65536"
    "memorysetup-temp-allocator-size-cloud-worker=32768"
    "memorysetup-temp-allocator-size-gi-baking-worker=262144"
    "memorysetup-temp-allocator-size-gfx=262144"
Player connection [7860] Host "[IP] 59.191.218.159 [Port] 0 [Flags] 2 [Guid] 96859702 [EditorId] 96859702 [Version] 1048832 [Id] WindowsEditor(7,LAPTOP-8J3TIIH1) [Debug] 1 [PackageName] WindowsEditor [ProjectName] Editor" joined multi-casting on [225.0.0.222:54997]...

Player connection [7860] Host "[IP] 59.191.218.159 [Port] 0 [Flags] 2 [Guid] 96859702 [EditorId] 96859702 [Version] 1048832 [Id] WindowsEditor(7,LAPTOP-8J3TIIH1) [Debug] 1 [PackageName] WindowsEditor [ProjectName] Editor" joined alternative multi-casting on [225.0.0.222:34997]...

Refreshing native plugins compatible for Editor in 5.74 ms, found 3 plugins.
Preloading 0 native plugins for Editor in 0.00 ms.
Initialize engine version: 2022.3.7f1 (b16b3b16c7a0)
[Subsystems] Discovering subsystems at path D:/Uni work/GAM20001/Week4/2022.3.7f1/Editor/Data/Resources/UnitySubsystems
[Subsystems] Discovering subsystems at path D:/Uni work/GAM20003/ChromaShift/ChromaShift/Assets
GfxDevice: creating device client; threaded=0; jobified=0
Direct3D:
    Version:  Direct3D 11.0 [level 11.1]
    Renderer: NVIDIA GeForce GTX 1060 (ID=0x1c20)
    Vendor:   NVIDIA
    VRAM:     6052 MB
    Driver:   30.0.14.7196
Initialize mono
Mono path[0] = 'D:/Uni work/GAM20001/Week4/2022.3.7f1/Editor/Data/Managed'
Mono path[1] = 'D:/Uni work/GAM20001/Week4/2022.3.7f1/Editor/Data/MonoBleedingEdge/lib/mono/unityjit-win32'
Mono config path = 'D:/Uni work/GAM20001/Week4/2022.3.7f1/Editor/Data/MonoBleedingEdge/etc'
Using monoOptions --debugger-agent=transport=dt_socket,embedding=1,server=y,suspend=n,address=127.0.0.1:56344
Begin MonoManager ReloadAssembly
Registering precompiled unity dll's ...
Register platform support module: D:/Uni work/GAM20001/Week4/2022.3.7f1/Editor/Data/PlaybackEngines/WindowsStandaloneSupport/UnityEditor.WindowsStandalone.Extensions.dll
Registered in 0.003464 seconds.
- Loaded All Assemblies, in  0.340 seconds
Native extension for WindowsStandalone target not found
Mono: successfully reloaded assembly
- Finished resetting the current domain, in  0.274 seconds
Domain Reload Profiling: 614ms
	BeginReloadAssembly (103ms)
		ExecutionOrderSort (0ms)
		DisableScriptedObjects (0ms)
		BackupInstance (0ms)
		ReleaseScriptingObjects (0ms)
		CreateAndSetChildDomain (1ms)
	RebuildCommonClasses (43ms)
	RebuildNativeTypeToScriptingClass (12ms)
	initialDomainReloadingComplete (50ms)
	LoadAllAssembliesAndSetupDomain (132ms)
		LoadAssemblies (102ms)
		RebuildTransferFunctionScriptingTraits (0ms)
		AnalyzeDomain (131ms)
			TypeCache.Refresh (130ms)
				TypeCache.ScanAssembly (117ms)
			ScanForSourceGeneratedMonoScriptInfo (0ms)
			ResolveRequiredComponents (0ms)
	FinalizeReload (274ms)
		ReleaseScriptCaches (0ms)
		RebuildScriptCaches (0ms)
		SetupLoadedEditorAssemblies (213ms)
			LogAssemblyErrors (0ms)
			InitializePlatformSupportModulesInManaged (7ms)
			SetLoadedEditorAssemblies (8ms)
			RefreshPlugins (0ms)
			BeforeProcessingInitializeOnLoad (2ms)
			ProcessInitializeOnLoadAttributes (141ms)
			ProcessInitializeOnLoadMethodAttributes (54ms)
			AfterProcessingInitializeOnLoad (0ms)
			EditorAssembliesLoaded (0ms)
		ExecutionOrderSort2 (0ms)
		AwakeInstancesAfterBackupRestoration (0ms)
========================================================================
Worker process is ready to serve import requests
Begin MonoManager ReloadAssembly
Symbol file LoadedFromMemory doesn't match image D:\Uni work\GAM20003\ChromaShift\ChromaShift\Library\PackageCache\com.unity.visualscripting@1.8.0\Editor\VisualScripting.Core\Dependencies\YamlDotNet\Unity.VisualScripting.YamlDotNet.dll
Symbol file LoadedFromMemory doesn't match image D:\Uni work\GAM20003\ChromaShift\ChromaShift\Library\PackageCache\com.unity.visualscripting@1.8.0\Editor\VisualScripting.Core\Dependencies\DotNetZip\Unity.VisualScripting.IonicZip.dll
- Loaded All Assemblies, in  0.645 seconds
Refreshing native plugins compatible for Editor in 1.73 ms, found 3 plugins.
Native extension for WindowsStandalone target not found
Mono: successfully reloaded assembly
- Finished resetting the current domain, in  0.698 seconds
Domain Reload Profiling: 1344ms
	BeginReloadAssembly (138ms)
		ExecutionOrderSort (0ms)
		DisableScriptedObjects (6ms)
		BackupInstance (0ms)
		ReleaseScriptingObjects (0ms)
		CreateAndSetChildDomain (20ms)
	RebuildCommonClasses (37ms)
	RebuildNativeTypeToScriptingClass (11ms)
	initialDomainReloadingComplete (37ms)
	LoadAllAssembliesAndSetupDomain (422ms)
		LoadAssemblies (259ms)
		RebuildTransferFunctionScriptingTraits (0ms)
		AnalyzeDomain (241ms)
			TypeCache.Refresh (214ms)
				TypeCache.ScanAssembly (196ms)
			ScanForSourceGeneratedMonoScriptInfo (20ms)
			ResolveRequiredComponents (5ms)
	FinalizeReload (699ms)
		ReleaseScriptCaches (0ms)
		RebuildScriptCaches (0ms)
		SetupLoadedEditorAssemblies (488ms)
			LogAssemblyErrors (0ms)
			InitializePlatformSupportModulesInManaged (6ms)
			SetLoadedEditorAssemblies (9ms)
			RefreshPlugins (0ms)
			BeforeProcessingInitializeOnLoad (71ms)
			ProcessInitializeOnLoadAttributes (368ms)
			ProcessInitializeOnLoadMethodAttributes (29ms)
			AfterProcessingInitializeOnLoad (4ms)
			EditorAssembliesLoaded (0ms)
		ExecutionOrderSort2 (0ms)
		AwakeInstancesAfterBackupRestoration (9ms)
Launched and connected shader compiler UnityShaderCompiler.exe after 0.06 seconds
Refreshing native plugins compatible for Editor in 2.08 ms, found 3 plugins.
Preloading 0 native plugins for Editor in 0.00 ms.
Unloading 3088 Unused Serialized files (Serialized files now loaded: 0)
Unloading 31 unused Assets / (56.3 KB). Loaded Objects now: 3552.
Memory consumption went from 115.4 MB to 115.3 MB.
Total: 5.053900 ms (FindLiveObjects: 0.281100 ms CreateObjectMapping: 0.396100 ms MarkObjects: 4.105800 ms  DeleteObjects: 0.268200 ms)

AssetImportParameters requested are different than current active one (requested -> active):
  custom:container-demuxer-ogg: 62fdf1f143b41e24485cea50d1cbac27 -> 
  custom:video-codec-MediaFoundation-h265: 746d11721c4dcdbdad8f713fa42b33f4 -> 
  custom:video-decoder-ogg-theora: a1e56fd34408186e4bbccfd4996cb3dc -> 
  custom:framework-win-MediaFoundation: 216162199b28c13a410421893ffa2e32 -> 
  custom:CustomObjectIndexerAttribute: 756ad292c208cfabdd7b50bc23989ffe -> 
  custom:container-demuxer-webm: 4f35f7cbe854078d1ac9338744f61a02 -> 
  custom:container-muxer-webm: aa71ff27fc2769a1b78a27578f13a17b -> 
  custom:video-decoder-webm-vp8: 9c59270c3fd7afecdb556c50c9e8de78 -> 
  custom:SearchIndexIgnoredProperties: e643bd26f0fe6173181afceb89e7c659 -> 
  custom:AudioImporter_EditorPlatform: d09bf68614088b80899f8185d706f6e7 -> 
  custom:video-encoder-webm-vp8: eb34c28f22e8b96e1ab97ce403110664 -> 
  custom:audio-decoder-ogg-vorbis: bf7c407c2cedff20999df2af8eb42d56 -> 
  custom:audio-encoder-webm-vorbis: bf7c407c2cedff20999df2af8eb42d56 -> 
========================================================================
Received Import Request.
  Time since last request: 55785.963792 seconds.
  path: Assets/Prefabs/Chunks/Chunk5.prefab
  artifactKey: Guid(c05d91dbaf340c544b4e51a94290d254) Importer(815301076,1909f56bfc062723c751e8b465ee728b)
Start importing Assets/Prefabs/Chunks/Chunk5.prefab using Guid(c05d91dbaf340c544b4e51a94290d254) Importer(815301076,1909f56bfc062723c751e8b465ee728b)  -> (artifact id: 'df6f45fbff3b466b5abb5bb64e376490') in 0.187425 seconds
Number of updated asset objects reloaded before import = 0
Number of asset objects unloaded after import = 129
========================================================================
Received Import Request.
  Time since last request: 4.244566 seconds.
  path: Assets/Prefabs/Chunks/Chunk5.prefab
  artifactKey: Guid(c05d91dbaf340c544b4e51a94290d254) Importer(815301076,1909f56bfc062723c751e8b465ee728b)
Start importing Assets/Prefabs/Chunks/Chunk5.prefab using Guid(c05d91dbaf340c544b4e51a94290d254) Importer(815301076,1909f56bfc062723c751e8b465ee728b)  -> (artifact id: 'b1adfee9cb8607fde56b2a98b620e944') in 0.035097 seconds
Number of updated asset objects reloaded before import = 0
Number of asset objects unloaded after import = 129
========================================================================
Received Import Request.
  Time since last request: 7.256414 seconds.
  path: Assets/Prefabs/Chunks/Chunk5.prefab
  artifactKey: Guid(c05d91dbaf340c544b4e51a94290d254) Importer(815301076,1909f56bfc062723c751e8b465ee728b)
Start importing Assets/Prefabs/Chunks/Chunk5.prefab using Guid(c05d91dbaf340c544b4e51a94290d254) Importer(815301076,1909f56bfc062723c751e8b465ee728b)  -> (artifact id: '9827917e9dc82d544b2ebb6537d3b236') in 0.032552 seconds
Number of updated asset objects reloaded before import = 0
Number of asset objects unloaded after import = 128
========================================================================
Received Import Request.
  Time since last request: 4.397724 seconds.
  path: Assets/Prefabs/Chunks/Chunk5.prefab
  artifactKey: Guid(c05d91dbaf340c544b4e51a94290d254) Importer(815301076,1909f56bfc062723c751e8b465ee728b)
Start importing Assets/Prefabs/Chunks/Chunk5.prefab using Guid(c05d91dbaf340c544b4e51a94290d254) Importer(815301076,1909f56bfc062723c751e8b465ee728b)  -> (artifact id: 'd681c0c30ce16db6134b0585753f949a') in 0.034906 seconds
Number of updated asset objects reloaded before import = 0
Number of asset objects unloaded after import = 129
========================================================================
Received Import Request.
  Time since last request: 0.974495 seconds.
  path: Assets/Prefabs/Chunks/Chunk5.prefab
  artifactKey: Guid(c05d91dbaf340c544b4e51a94290d254) Importer(815301076,1909f56bfc062723c751e8b465ee728b)
Start importing Assets/Prefabs/Chunks/Chunk5.prefab using Guid(c05d91dbaf340c544b4e51a94290d254) Importer(815301076,1909f56bfc062723c751e8b465ee728b)  -> (artifact id: '967cb098820ccec3429617ee9abc775b') in 0.032083 seconds
Number of updated asset objects reloaded before import = 0
Number of asset objects unloaded after import = 129
========================================================================
Received Prepare
Begin MonoManager ReloadAssembly
Symbol file LoadedFromMemory doesn't match image D:\Uni work\GAM20003\ChromaShift\ChromaShift\Library\PackageCache\com.unity.visualscripting@1.8.0\Editor\VisualScripting.Core\Dependencies\YamlDotNet\Unity.VisualScripting.YamlDotNet.dll
Symbol file LoadedFromMemory doesn't match image D:\Uni work\GAM20003\ChromaShift\ChromaShift\Library\PackageCache\com.unity.visualscripting@1.8.0\Editor\VisualScripting.Core\Dependencies\DotNetZip\Unity.VisualScripting.IonicZip.dll
- Loaded All Assemblies, in  0.449 seconds
Refreshing native plugins compatible for Editor in 1.67 ms, found 3 plugins.
Native extension for WindowsStandalone target not found
Mono: successfully reloaded assembly
- Finished resetting the current domain, in  0.878 seconds
Domain Reload Profiling: 1327ms
	BeginReloadAssembly (167ms)
		ExecutionOrderSort (0ms)
		DisableScriptedObjects (5ms)
		BackupInstance (0ms)
		ReleaseScriptingObjects (0ms)
		CreateAndSetChildDomain (35ms)
	RebuildCommonClasses (34ms)
	RebuildNativeTypeToScriptingClass (12ms)
	initialDomainReloadingComplete (36ms)
	LoadAllAssembliesAndSetupDomain (200ms)
		LoadAssemblies (281ms)
		RebuildTransferFunctionScriptingTraits (0ms)
		AnalyzeDomain (16ms)
			TypeCache.Refresh (9ms)
				TypeCache.ScanAssembly (0ms)
			ScanForSourceGeneratedMonoScriptInfo (0ms)
			ResolveRequiredComponents (6ms)
	FinalizeReload (879ms)
		ReleaseScriptCaches (0ms)
		RebuildScriptCaches (0ms)
		SetupLoadedEditorAssemblies (479ms)
			LogAssemblyErrors (0ms)
			InitializePlatformSupportModulesInManaged (5ms)
			SetLoadedEditorAssemblies (5ms)
			RefreshPlugins (0ms)
			BeforeProcessingInitializeOnLoad (56ms)
			ProcessInitializeOnLoadAttributes (373ms)
			ProcessInitializeOnLoadMethodAttributes (37ms)
			AfterProcessingInitializeOnLoad (4ms)
			EditorAssembliesLoaded (0ms)
		ExecutionOrderSort2 (0ms)
		AwakeInstancesAfterBackupRestoration (13ms)
Refreshing native plugins compatible for Editor in 4.13 ms, found 3 plugins.
Preloading 0 native plugins for Editor in 0.00 ms.
Unloading 3078 Unused Serialized files (Serialized files now loaded: 0)
Unloading 22 unused Assets / (30.5 KB). Loaded Objects now: 3563.
Memory consumption went from 118.2 MB to 118.2 MB.
Total: 6.106500 ms (FindLiveObjects: 0.802200 ms CreateObjectMapping: 0.448600 ms MarkObjects: 4.725800 ms  DeleteObjects: 0.127700 ms)

Prepare: number of updated asset objects reloaded= 0
AssetImportParameters requested are different than current active one (requested -> active):
  custom:container-demuxer-ogg: 62fdf1f143b41e24485cea50d1cbac27 -> 
  custom:video-codec-MediaFoundation-h265: 746d11721c4dcdbdad8f713fa42b33f4 -> 
  custom:video-decoder-ogg-theora: a1e56fd34408186e4bbccfd4996cb3dc -> 
  custom:framework-win-MediaFoundation: 216162199b28c13a410421893ffa2e32 -> 
  custom:CustomObjectIndexerAttribute: 756ad292c208cfabdd7b50bc23989ffe -> 
  custom:container-demuxer-webm: 4f35f7cbe854078d1ac9338744f61a02 -> 
  custom:container-muxer-webm: aa71ff27fc2769a1b78a27578f13a17b -> 
  custom:video-decoder-webm-vp8: 9c59270c3fd7afecdb556c50c9e8de78 -> 
  custom:SearchIndexIgnoredProperties: e643bd26f0fe6173181afceb89e7c659 -> 
  custom:AudioImporter_EditorPlatform: d09bf68614088b80899f8185d706f6e7 -> 
  custom:video-encoder-webm-vp8: eb34c28f22e8b96e1ab97ce403110664 -> 
  custom:audio-decoder-ogg-vorbis: bf7c407c2cedff20999df2af8eb42d56 -> 
  custom:audio-encoder-webm-vorbis: bf7c407c2cedff20999df2af8eb42d56 -> 
========================================================================
Received Prepare
Begin MonoManager ReloadAssembly
Symbol file LoadedFromMemory doesn't match image D:\Uni work\GAM20003\ChromaShift\ChromaShift\Library\PackageCache\com.unity.visualscripting@1.8.0\Editor\VisualScripting.Core\Dependencies\YamlDotNet\Unity.VisualScripting.YamlDotNet.dll
Symbol file LoadedFromMemory doesn't match image D:\Uni work\GAM20003\ChromaShift\ChromaShift\Library\PackageCache\com.unity.visualscripting@1.8.0\Editor\VisualScripting.Core\Dependencies\DotNetZip\Unity.VisualScripting.IonicZip.dll
- Loaded All Assemblies, in  0.421 seconds
Refreshing native plugins compatible for Editor in 1.65 ms, found 3 plugins.
Native extension for WindowsStandalone target not found
Mono: successfully reloaded assembly
- Finished resetting the current domain, in  0.825 seconds
Domain Reload Profiling: 1247ms
	BeginReloadAssembly (168ms)
		ExecutionOrderSort (0ms)
		DisableScriptedObjects (7ms)
		BackupInstance (0ms)
		ReleaseScriptingObjects (0ms)
		CreateAndSetChildDomain (37ms)
	RebuildCommonClasses (34ms)
	RebuildNativeTypeToScriptingClass (13ms)
	initialDomainReloadingComplete (24ms)
	LoadAllAssembliesAndSetupDomain (182ms)
		LoadAssemblies (259ms)
		RebuildTransferFunctionScriptingTraits (0ms)
		AnalyzeDomain (13ms)
			TypeCache.Refresh (7ms)
				TypeCache.ScanAssembly (0ms)
			ScanForSourceGeneratedMonoScriptInfo (0ms)
			ResolveRequiredComponents (5ms)
	FinalizeReload (826ms)
		ReleaseScriptCaches (0ms)
		RebuildScriptCaches (0ms)
		SetupLoadedEditorAssemblies (433ms)
			LogAssemblyErrors (0ms)
			InitializePlatformSupportModulesInManaged (4ms)
			SetLoadedEditorAssemblies (5ms)
			RefreshPlugins (0ms)
			BeforeProcessingInitializeOnLoad (57ms)
			ProcessInitializeOnLoadAttributes (333ms)
			ProcessInitializeOnLoadMethodAttributes (30ms)
			AfterProcessingInitializeOnLoad (4ms)
			EditorAssembliesLoaded (0ms)
		ExecutionOrderSort2 (0ms)
		AwakeInstancesAfterBackupRestoration (12ms)
Refreshing native plugins compatible for Editor in 2.67 ms, found 3 plugins.
Preloading 0 native plugins for Editor in 0.00 ms.
Unloading 3079 Unused Serialized files (Serialized files now loaded: 0)
Unloading 22 unused Assets / (30.5 KB). Loaded Objects now: 3566.
Memory consumption went from 118.5 MB to 118.5 MB.
Total: 4.950800 ms (FindLiveObjects: 0.495200 ms CreateObjectMapping: 0.911100 ms MarkObjects: 3.342700 ms  DeleteObjects: 0.199500 ms)

Prepare: number of updated asset objects reloaded= 0
AssetImportParameters requested are different than current active one (requested -> active):
  custom:container-demuxer-ogg: 62fdf1f143b41e24485cea50d1cbac27 -> 
  custom:video-codec-MediaFoundation-h265: 746d11721c4dcdbdad8f713fa42b33f4 -> 
  custom:video-decoder-ogg-theora: a1e56fd34408186e4bbccfd4996cb3dc -> 
  custom:framework-win-MediaFoundation: 216162199b28c13a410421893ffa2e32 -> 
  custom:CustomObjectIndexerAttribute: 756ad292c208cfabdd7b50bc23989ffe -> 
  custom:container-demuxer-webm: 4f35f7cbe854078d1ac9338744f61a02 -> 
  custom:container-muxer-webm: aa71ff27fc2769a1b78a27578f13a17b -> 
  custom:video-decoder-webm-vp8: 9c59270c3fd7afecdb556c50c9e8de78 -> 
  custom:SearchIndexIgnoredProperties: e643bd26f0fe6173181afceb89e7c659 -> 
  custom:AudioImporter_EditorPlatform: d09bf68614088b80899f8185d706f6e7 -> 
  custom:video-encoder-webm-vp8: eb34c28f22e8b96e1ab97ce403110664 -> 
  custom:audio-decoder-ogg-vorbis: bf7c407c2cedff20999df2af8eb42d56 -> 
  custom:audio-encoder-webm-vorbis: bf7c407c2cedff20999df2af8eb42d56 -> 
========================================================================
Received Prepare
Begin MonoManager ReloadAssembly
Symbol file LoadedFromMemory doesn't match image D:\Uni work\GAM20003\ChromaShift\ChromaShift\Library\PackageCache\com.unity.visualscripting@1.8.0\Editor\VisualScripting.Core\Dependencies\YamlDotNet\Unity.VisualScripting.YamlDotNet.dll
Symbol file LoadedFromMemory doesn't match image D:\Uni work\GAM20003\ChromaShift\ChromaShift\Library\PackageCache\com.unity.visualscripting@1.8.0\Editor\VisualScripting.Core\Dependencies\DotNetZip\Unity.VisualScripting.IonicZip.dll
- Loaded All Assemblies, in  0.409 seconds
Refreshing native plugins compatible for Editor in 1.67 ms, found 3 plugins.
Native extension for WindowsStandalone target not found
Mono: successfully reloaded assembly
- Finished resetting the current domain, in  0.813 seconds
Domain Reload Profiling: 1222ms
	BeginReloadAssembly (153ms)
		ExecutionOrderSort (0ms)
		DisableScriptedObjects (6ms)
		BackupInstance (0ms)
		ReleaseScriptingObjects (0ms)
		CreateAndSetChildDomain (35ms)
	RebuildCommonClasses (33ms)
	RebuildNativeTypeToScriptingClass (12ms)
	initialDomainReloadingComplete (23ms)
	LoadAllAssembliesAndSetupDomain (186ms)
		LoadAssemblies (257ms)
		RebuildTransferFunctionScriptingTraits (0ms)
		AnalyzeDomain (13ms)
			TypeCache.Refresh (7ms)
				TypeCache.ScanAssembly (0ms)
			ScanForSourceGeneratedMonoScriptInfo (0ms)
			ResolveRequiredComponents (5ms)
	FinalizeReload (814ms)
		ReleaseScriptCaches (0ms)
		RebuildScriptCaches (0ms)
		SetupLoadedEditorAssemblies (431ms)
			LogAssemblyErrors (0ms)
			InitializePlatformSupportModulesInManaged (4ms)
			SetLoadedEditorAssemblies (5ms)
			RefreshPlugins (0ms)
			BeforeProcessingInitializeOnLoad (52ms)
			ProcessInitializeOnLoadAttributes (336ms)
			ProcessInitializeOnLoadMethodAttributes (31ms)
			AfterProcessingInitializeOnLoad (3ms)
			EditorAssembliesLoaded (0ms)
		ExecutionOrderSort2 (0ms)
		AwakeInstancesAfterBackupRestoration (12ms)
Refreshing native plugins compatible for Editor in 2.47 ms, found 3 plugins.
Preloading 0 native plugins for Editor in 0.00 ms.
Unloading 3079 Unused Serialized files (Serialized files now loaded: 0)
Unloading 22 unused Assets / (30.5 KB). Loaded Objects now: 3569.
Memory consumption went from 118.5 MB to 118.5 MB.
Total: 5.278500 ms (FindLiveObjects: 0.589300 ms CreateObjectMapping: 0.821100 ms MarkObjects: 3.772300 ms  DeleteObjects: 0.094100 ms)

Prepare: number of updated asset objects reloaded= 0
AssetImportParameters requested are different than current active one (requested -> active):
  custom:container-demuxer-ogg: 62fdf1f143b41e24485cea50d1cbac27 -> 
  custom:video-codec-MediaFoundation-h265: 746d11721c4dcdbdad8f713fa42b33f4 -> 
  custom:video-decoder-ogg-theora: a1e56fd34408186e4bbccfd4996cb3dc -> 
  custom:framework-win-MediaFoundation: 216162199b28c13a410421893ffa2e32 -> 
  custom:CustomObjectIndexerAttribute: 756ad292c208cfabdd7b50bc23989ffe -> 
  custom:container-demuxer-webm: 4f35f7cbe854078d1ac9338744f61a02 -> 
  custom:container-muxer-webm: aa71ff27fc2769a1b78a27578f13a17b -> 
  custom:video-decoder-webm-vp8: 9c59270c3fd7afecdb556c50c9e8de78 -> 
  custom:SearchIndexIgnoredProperties: e643bd26f0fe6173181afceb89e7c659 -> 
  custom:AudioImporter_EditorPlatform: d09bf68614088b80899f8185d706f6e7 -> 
  custom:video-encoder-webm-vp8: eb34c28f22e8b96e1ab97ce403110664 -> 
  custom:audio-decoder-ogg-vorbis: bf7c407c2cedff20999df2af8eb42d56 -> 
  custom:audio-encoder-webm-vorbis: bf7c407c2cedff20999df2af8eb42d56 -> 
========================================================================
Received Import Request.
  Time since last request: 224.363256 seconds.
  path: Assets/Prefabs/Chunks/Chunk1.prefab
  artifactKey: Guid(7dd7e313665aa8c41b6cb19f75e25859) Importer(815301076,1909f56bfc062723c751e8b465ee728b)
Start importing Assets/Prefabs/Chunks/Chunk1.prefab using Guid(7dd7e313665aa8c41b6cb19f75e25859) Importer(815301076,1909f56bfc062723c751e8b465ee728b)  -> (artifact id: 'b0f814b541a1a6ff90a07269831b33cf') in 0.163762 seconds
Number of updated asset objects reloaded before import = 0
Number of asset objects unloaded after import = 118
========================================================================
Received Import Request.
  Time since last request: 0.000100 seconds.
  path: Assets/Prefabs/Chunks/Chunk5.prefab
  artifactKey: Guid(c05d91dbaf340c544b4e51a94290d254) Importer(815301076,1909f56bfc062723c751e8b465ee728b)
Start importing Assets/Prefabs/Chunks/Chunk5.prefab using Guid(c05d91dbaf340c544b4e51a94290d254) Importer(815301076,1909f56bfc062723c751e8b465ee728b)  -> (artifact id: '7775372121a2ad070bb427066dff99c1') in 0.046641 seconds
Number of updated asset objects reloaded before import = 0
Number of asset objects unloaded after import = 129
========================================================================
Received Import Request.
  Time since last request: 0.000080 seconds.
  path: Assets/Prefabs/Chunks/Chunk4.prefab
  artifactKey: Guid(b718ae92855b14b47a0f20ae878fe190) Importer(815301076,1909f56bfc062723c751e8b465ee728b)
Start importing Assets/Prefabs/Chunks/Chunk4.prefab using Guid(b718ae92855b14b47a0f20ae878fe190) Importer(815301076,1909f56bfc062723c751e8b465ee728b)  -> (artifact id: 'a353c807e6cb19674fe2f51911e461e5') in 0.044951 seconds
Number of updated asset objects reloaded before import = 0
Number of asset objects unloaded after import = 134
========================================================================
Received Import Request.
  Time since last request: 24.385078 seconds.
  path: Assets/Prefabs/Chunks/Chunk1.prefab
  artifactKey: Guid(7dd7e313665aa8c41b6cb19f75e25859) Importer(815301076,1909f56bfc062723c751e8b465ee728b)
Start importing Assets/Prefabs/Chunks/Chunk1.prefab using Guid(7dd7e313665aa8c41b6cb19f75e25859) Importer(815301076,1909f56bfc062723c751e8b465ee728b)  -> (artifact id: '34aadb2a6fee5be05eb7d1e0b6ac80d1') in 0.031830 seconds
Number of updated asset objects reloaded before import = 0
Number of asset objects unloaded after import = 123
========================================================================
Received Import Request.
  Time since last request: 0.000020 seconds.
  path: Assets/Prefabs/Chunks/Chunk4.prefab
  artifactKey: Guid(b718ae92855b14b47a0f20ae878fe190) Importer(815301076,1909f56bfc062723c751e8b465ee728b)
Start importing Assets/Prefabs/Chunks/Chunk4.prefab using Guid(b718ae92855b14b47a0f20ae878fe190) Importer(815301076,1909f56bfc062723c751e8b465ee728b)  -> (artifact id: 'c0ff1b52bbde19de33d9bf8b3c47729a') in 0.028957 seconds
Number of updated asset objects reloaded before import = 0
Number of asset objects unloaded after import = 139
========================================================================
Received Import Request.
  Time since last request: 7.833521 seconds.
  path: Assets/Prefabs/Chunks/Chunk5.prefab
  artifactKey: Guid(c05d91dbaf340c544b4e51a94290d254) Importer(815301076,1909f56bfc062723c751e8b465ee728b)
Start importing Assets/Prefabs/Chunks/Chunk5.prefab using Guid(c05d91dbaf340c544b4e51a94290d254) Importer(815301076,1909f56bfc062723c751e8b465ee728b)  -> (artifact id: '0462c3e1157378fd2c42e0a93d224b5b') in 0.033672 seconds
Number of updated asset objects reloaded before import = 0
Number of asset objects unloaded after import = 136
========================================================================
Received Import Request.
  Time since last request: 2.561713 seconds.
  path: Assets/Prefabs/Chunks/Chunk5.prefab
  artifactKey: Guid(c05d91dbaf340c544b4e51a94290d254) Importer(815301076,1909f56bfc062723c751e8b465ee728b)
Start importing Assets/Prefabs/Chunks/Chunk5.prefab using Guid(c05d91dbaf340c544b4e51a94290d254) Importer(815301076,1909f56bfc062723c751e8b465ee728b)  -> (artifact id: 'af675676a5d73cdb1613740ade1b1b56') in 0.034859 seconds
Number of updated asset objects reloaded before import = 0
Number of asset objects unloaded after import = 136
========================================================================
Received Import Request.
  Time since last request: 1.477153 seconds.
  path: Assets/Prefabs/Chunks/Chunk5.prefab
  artifactKey: Guid(c05d91dbaf340c544b4e51a94290d254) Importer(815301076,1909f56bfc062723c751e8b465ee728b)
Start importing Assets/Prefabs/Chunks/Chunk5.prefab using Guid(c05d91dbaf340c544b4e51a94290d254) Importer(815301076,1909f56bfc062723c751e8b465ee728b)  -> (artifact id: '5d6eb0eb0164b90497f26cf159e4fc54') in 0.033192 seconds
Number of updated asset objects reloaded before import = 0
Number of asset objects unloaded after import = 136
========================================================================
Received Import Request.
  Time since last request: 6.045675 seconds.
  path: Assets/Prefabs/Chunks/Chunk5.prefab
  artifactKey: Guid(c05d91dbaf340c544b4e51a94290d254) Importer(815301076,1909f56bfc062723c751e8b465ee728b)
Start importing Assets/Prefabs/Chunks/Chunk5.prefab using Guid(c05d91dbaf340c544b4e51a94290d254) Importer(815301076,1909f56bfc062723c751e8b465ee728b)  -> (artifact id: '2a2315dd12776926019f3bbf73fce6b4') in 0.033823 seconds
Number of updated asset objects reloaded before import = 0
Number of asset objects unloaded after import = 136
========================================================================
Received Import Request.
  Time since last request: 0.974360 seconds.
  path: Assets/Prefabs/Chunks/Chunk5.prefab
  artifactKey: Guid(c05d91dbaf340c544b4e51a94290d254) Importer(815301076,1909f56bfc062723c751e8b465ee728b)
Start importing Assets/Prefabs/Chunks/Chunk5.prefab using Guid(c05d91dbaf340c544b4e51a94290d254) Importer(815301076,1909f56bfc062723c751e8b465ee728b)  -> (artifact id: 'd3cccd4289f52972735790c0f7d3ede3') in 0.036891 seconds
Number of updated asset objects reloaded before import = 0
Number of asset objects unloaded after import = 136
========================================================================
Received Import Request.
  Time since last request: 0.775115 seconds.
  path: Assets/Prefabs/Chunks/Chunk5.prefab
  artifactKey: Guid(c05d91dbaf340c544b4e51a94290d254) Importer(815301076,1909f56bfc062723c751e8b465ee728b)
Start importing Assets/Prefabs/Chunks/Chunk5.prefab using Guid(c05d91dbaf340c544b4e51a94290d254) Importer(815301076,1909f56bfc062723c751e8b465ee728b)  -> (artifact id: '5964032fd6e3eafdeb4b010fc58fecdd') in 0.034138 seconds
Number of updated asset objects reloaded before import = 0
Number of asset objects unloaded after import = 137
========================================================================
Received Import Request.
  Time since last request: 3.736007 seconds.
  path: Assets/Prefabs/Chunks/Chunk5.prefab
  artifactKey: Guid(c05d91dbaf340c544b4e51a94290d254) Importer(815301076,1909f56bfc062723c751e8b465ee728b)
Start importing Assets/Prefabs/Chunks/Chunk5.prefab using Guid(c05d91dbaf340c544b4e51a94290d254) Importer(815301076,1909f56bfc062723c751e8b465ee728b)  -> (artifact id: '54b52b2f283e76e824568b4b8147c7fe') in 0.036651 seconds
Number of updated asset objects reloaded before import = 0
Number of asset objects unloaded after import = 137
========================================================================
Received Import Request.
  Time since last request: 0.543342 seconds.
  path: Assets/Prefabs/Chunks.fbx
  artifactKey: Guid(02bc44908f1b68f4fbd22bd6a72e0f8c) Importer(815301076,1909f56bfc062723c751e8b465ee728b)
Start importing Assets/Prefabs/Chunks.fbx using Guid(02bc44908f1b68f4fbd22bd6a72e0f8c) Importer(815301076,1909f56bfc062723c751e8b465ee728b)  -> (artifact id: '33b3156e2c8428ae6872ef7a383953a5') in 0.202297 seconds
Number of updated asset objects reloaded before import = 0
Number of asset objects unloaded after import = 61
========================================================================
Received Import Request.
  Time since last request: 4.707661 seconds.
  path: Assets/Prefabs/Chunks/Chunk5.prefab
  artifactKey: Guid(c05d91dbaf340c544b4e51a94290d254) Importer(815301076,1909f56bfc062723c751e8b465ee728b)
Start importing Assets/Prefabs/Chunks/Chunk5.prefab using Guid(c05d91dbaf340c544b4e51a94290d254) Importer(815301076,1909f56bfc062723c751e8b465ee728b)  -> (artifact id: '219de9922251a55b849d64639d12cdf5') in 0.034107 seconds
Number of updated asset objects reloaded before import = 0
Number of asset objects unloaded after import = 137
========================================================================
Received Import Request.
  Time since last request: 4.831315 seconds.
  path: Assets/Prefabs/Chunks/Chunk5.prefab
  artifactKey: Guid(c05d91dbaf340c544b4e51a94290d254) Importer(815301076,1909f56bfc062723c751e8b465ee728b)
Start importing Assets/Prefabs/Chunks/Chunk5.prefab using Guid(c05d91dbaf340c544b4e51a94290d254) Importer(815301076,1909f56bfc062723c751e8b465ee728b)  -> (artifact id: '0dbcc187dfe4943c9c0bf2d0c96efcb9') in 0.032645 seconds
Number of updated asset objects reloaded before import = 0
Number of asset objects unloaded after import = 138
========================================================================
Received Import Request.
  Time since last request: 8.986270 seconds.
  path: Assets/Prefabs/Chunks/Chunk1.prefab
  artifactKey: Guid(7dd7e313665aa8c41b6cb19f75e25859) Importer(815301076,1909f56bfc062723c751e8b465ee728b)
Start importing Assets/Prefabs/Chunks/Chunk1.prefab using Guid(7dd7e313665aa8c41b6cb19f75e25859) Importer(815301076,1909f56bfc062723c751e8b465ee728b)  -> (artifact id: '25fef6e3e31474ed3d40d9fd7ce2aa9a') in 0.029234 seconds
Number of updated asset objects reloaded before import = 0
Number of asset objects unloaded after import = 123
========================================================================
Received Import Request.
  Time since last request: 0.000029 seconds.
  path: Assets/Prefabs/Chunks/Chunk5.prefab
  artifactKey: Guid(c05d91dbaf340c544b4e51a94290d254) Importer(815301076,1909f56bfc062723c751e8b465ee728b)
Start importing Assets/Prefabs/Chunks/Chunk5.prefab using Guid(c05d91dbaf340c544b4e51a94290d254) Importer(815301076,1909f56bfc062723c751e8b465ee728b)  -> (artifact id: '8ed6efa982159f0f23cb2b87d69a3796') in 0.045498 seconds
Number of updated asset objects reloaded before import = 0
Number of asset objects unloaded after import = 138
========================================================================
Received Import Request.
  Time since last request: 7.929360 seconds.
  path: Assets/Prefabs/Chunks/Chunk5.prefab
  artifactKey: Guid(c05d91dbaf340c544b4e51a94290d254) Importer(815301076,1909f56bfc062723c751e8b465ee728b)
Start importing Assets/Prefabs/Chunks/Chunk5.prefab using Guid(c05d91dbaf340c544b4e51a94290d254) Importer(815301076,1909f56bfc062723c751e8b465ee728b)  -> (artifact id: '5b3fe8487c9bd0f58a2ab6eefd1540a0') in 0.034122 seconds
Number of updated asset objects reloaded before import = 0
Number of asset objects unloaded after import = 138
========================================================================
Received Import Request.
  Time since last request: 0.825821 seconds.
  path: Assets/Prefabs/Chunks.fbx
  artifactKey: Guid(02bc44908f1b68f4fbd22bd6a72e0f8c) Importer(815301076,1909f56bfc062723c751e8b465ee728b)
Start importing Assets/Prefabs/Chunks.fbx using Guid(02bc44908f1b68f4fbd22bd6a72e0f8c) Importer(815301076,1909f56bfc062723c751e8b465ee728b)  -> (artifact id: '74b9f42c13dbc82aea639fcc4a97694b') in 0.164975 seconds
Number of updated asset objects reloaded before import = 0
Number of asset objects unloaded after import = 61
========================================================================
Received Import Request.
  Time since last request: 1.432427 seconds.
  path: Assets/Prefabs/Chunks/Chunk5.prefab
  artifactKey: Guid(c05d91dbaf340c544b4e51a94290d254) Importer(815301076,1909f56bfc062723c751e8b465ee728b)
Start importing Assets/Prefabs/Chunks/Chunk5.prefab using Guid(c05d91dbaf340c544b4e51a94290d254) Importer(815301076,1909f56bfc062723c751e8b465ee728b)  -> (artifact id: 'a8292d1ce7c29e4b390200d4d46d8195') in 0.038639 seconds
Number of updated asset objects reloaded before import = 0
Number of asset objects unloaded after import = 138
========================================================================
Received Import Request.
  Time since last request: 18.620157 seconds.
  path: Assets/Prefabs/Chunks/Chunk5.prefab
  artifactKey: Guid(c05d91dbaf340c544b4e51a94290d254) Importer(815301076,1909f56bfc062723c751e8b465ee728b)
Start importing Assets/Prefabs/Chunks/Chunk5.prefab using Guid(c05d91dbaf340c544b4e51a94290d254) Importer(815301076,1909f56bfc062723c751e8b465ee728b)  -> (artifact id: 'd7f579136b8a698e89e1048cf4669da3') in 0.032971 seconds
Number of updated asset objects reloaded before import = 0
Number of asset objects unloaded after import = 138
========================================================================
Received Import Request.
  Time since last request: 7.642478 seconds.
  path: Assets/Prefabs/Chunks/Chunk5.prefab
  artifactKey: Guid(c05d91dbaf340c544b4e51a94290d254) Importer(815301076,1909f56bfc062723c751e8b465ee728b)
Start importing Assets/Prefabs/Chunks/Chunk5.prefab using Guid(c05d91dbaf340c544b4e51a94290d254) Importer(815301076,1909f56bfc062723c751e8b465ee728b)  -> (artifact id: '9d73cafde8a1d8740f3033690b42eda6') in 0.033339 seconds
Number of updated asset objects reloaded before import = 0
Number of asset objects unloaded after import = 138
========================================================================
Received Import Request.
  Time since last request: 2.045102 seconds.
  path: Assets/Prefabs/Chunks/Chunk5.prefab
  artifactKey: Guid(c05d91dbaf340c544b4e51a94290d254) Importer(815301076,1909f56bfc062723c751e8b465ee728b)
Start importing Assets/Prefabs/Chunks/Chunk5.prefab using Guid(c05d91dbaf340c544b4e51a94290d254) Importer(815301076,1909f56bfc062723c751e8b465ee728b)  -> (artifact id: '4258742c2615c3b8ebba36c6aa635a93') in 0.035220 seconds
Number of updated asset objects reloaded before import = 0
Number of asset objects unloaded after import = 139
========================================================================
Received Prepare
Begin MonoManager ReloadAssembly
Symbol file LoadedFromMemory doesn't match image D:\Uni work\GAM20003\ChromaShift\ChromaShift\Library\PackageCache\com.unity.visualscripting@1.8.0\Editor\VisualScripting.Core\Dependencies\YamlDotNet\Unity.VisualScripting.YamlDotNet.dll
Symbol file LoadedFromMemory doesn't match image D:\Uni work\GAM20003\ChromaShift\ChromaShift\Library\PackageCache\com.unity.visualscripting@1.8.0\Editor\VisualScripting.Core\Dependencies\DotNetZip\Unity.VisualScripting.IonicZip.dll
- Loaded All Assemblies, in  0.451 seconds
Refreshing native plugins compatible for Editor in 2.30 ms, found 3 plugins.
Native extension for WindowsStandalone target not found
Mono: successfully reloaded assembly
- Finished resetting the current domain, in  0.823 seconds
Domain Reload Profiling: 1275ms
	BeginReloadAssembly (162ms)
		ExecutionOrderSort (0ms)
		DisableScriptedObjects (5ms)
		BackupInstance (0ms)
		ReleaseScriptingObjects (0ms)
		CreateAndSetChildDomain (37ms)
	RebuildCommonClasses (34ms)
	RebuildNativeTypeToScriptingClass (12ms)
	initialDomainReloadingComplete (26ms)
	LoadAllAssembliesAndSetupDomain (218ms)
		LoadAssemblies (283ms)
		RebuildTransferFunctionScriptingTraits (0ms)
		AnalyzeDomain (25ms)
			TypeCache.Refresh (15ms)
				TypeCache.ScanAssembly (0ms)
			ScanForSourceGeneratedMonoScriptInfo (0ms)
			ResolveRequiredComponents (9ms)
	FinalizeReload (824ms)
		ReleaseScriptCaches (0ms)
		RebuildScriptCaches (0ms)
		SetupLoadedEditorAssemblies (436ms)
			LogAssemblyErrors (0ms)
			InitializePlatformSupportModulesInManaged (4ms)
			SetLoadedEditorAssemblies (5ms)
			RefreshPlugins (0ms)
			BeforeProcessingInitializeOnLoad (55ms)
			ProcessInitializeOnLoadAttributes (332ms)
			ProcessInitializeOnLoadMethodAttributes (36ms)
			AfterProcessingInitializeOnLoad (4ms)
			EditorAssembliesLoaded (0ms)
		ExecutionOrderSort2 (0ms)
		AwakeInstancesAfterBackupRestoration (11ms)
Refreshing native plugins compatible for Editor in 2.60 ms, found 3 plugins.
Preloading 0 native plugins for Editor in 0.00 ms.
Unloading 3078 Unused Serialized files (Serialized files now loaded: 0)
Unloading 22 unused Assets / (30.5 KB). Loaded Objects now: 3608.
Memory consumption went from 118.7 MB to 118.6 MB.
Total: 5.832400 ms (FindLiveObjects: 0.381900 ms CreateObjectMapping: 0.530900 ms MarkObjects: 4.857300 ms  DeleteObjects: 0.061200 ms)

Prepare: number of updated asset objects reloaded= 0
AssetImportParameters requested are different than current active one (requested -> active):
  custom:container-demuxer-ogg: 62fdf1f143b41e24485cea50d1cbac27 -> 
  custom:video-codec-MediaFoundation-h265: 746d11721c4dcdbdad8f713fa42b33f4 -> 
  custom:video-decoder-ogg-theora: a1e56fd34408186e4bbccfd4996cb3dc -> 
  custom:framework-win-MediaFoundation: 216162199b28c13a410421893ffa2e32 -> 
  custom:CustomObjectIndexerAttribute: 756ad292c208cfabdd7b50bc23989ffe -> 
  custom:container-demuxer-webm: 4f35f7cbe854078d1ac9338744f61a02 -> 
  custom:container-muxer-webm: aa71ff27fc2769a1b78a27578f13a17b -> 
  custom:video-decoder-webm-vp8: 9c59270c3fd7afecdb556c50c9e8de78 -> 
  custom:SearchIndexIgnoredProperties: e643bd26f0fe6173181afceb89e7c659 -> 
  custom:AudioImporter_EditorPlatform: d09bf68614088b80899f8185d706f6e7 -> 
  custom:video-encoder-webm-vp8: eb34c28f22e8b96e1ab97ce403110664 -> 
  custom:audio-decoder-ogg-vorbis: bf7c407c2cedff20999df2af8eb42d56 -> 
  custom:audio-encoder-webm-vorbis: bf7c407c2cedff20999df2af8eb42d56 -> 
========================================================================
Received Prepare
Begin MonoManager ReloadAssembly
Symbol file LoadedFromMemory doesn't match image D:\Uni work\GAM20003\ChromaShift\ChromaShift\Library\PackageCache\com.unity.visualscripting@1.8.0\Editor\VisualScripting.Core\Dependencies\YamlDotNet\Unity.VisualScripting.YamlDotNet.dll
Symbol file LoadedFromMemory doesn't match image D:\Uni work\GAM20003\ChromaShift\ChromaShift\Library\PackageCache\com.unity.visualscripting@1.8.0\Editor\VisualScripting.Core\Dependencies\DotNetZip\Unity.VisualScripting.IonicZip.dll
- Loaded All Assemblies, in  0.439 seconds
Refreshing native plugins compatible for Editor in 1.51 ms, found 3 plugins.
Native extension for WindowsStandalone target not found
Mono: successfully reloaded assembly
- Finished resetting the current domain, in  0.859 seconds
Domain Reload Profiling: 1299ms
	BeginReloadAssembly (163ms)
		ExecutionOrderSort (0ms)
		DisableScriptedObjects (6ms)
		BackupInstance (0ms)
		ReleaseScriptingObjects (0ms)
		CreateAndSetChildDomain (41ms)
	RebuildCommonClasses (34ms)
	RebuildNativeTypeToScriptingClass (12ms)
	initialDomainReloadingComplete (24ms)
	LoadAllAssembliesAndSetupDomain (206ms)
		LoadAssemblies (280ms)
		RebuildTransferFunctionScriptingTraits (0ms)
		AnalyzeDomain (12ms)
			TypeCache.Refresh (6ms)
				TypeCache.ScanAssembly (0ms)
			ScanForSourceGeneratedMonoScriptInfo (0ms)
			ResolveRequiredComponents (5ms)
	FinalizeReload (860ms)
		ReleaseScriptCaches (0ms)
		RebuildScriptCaches (0ms)
		SetupLoadedEditorAssemblies (471ms)
			LogAssemblyErrors (0ms)
			InitializePlatformSupportModulesInManaged (4ms)
			SetLoadedEditorAssemblies (5ms)
			RefreshPlugins (0ms)
			BeforeProcessingInitializeOnLoad (57ms)
			ProcessInitializeOnLoadAttributes (369ms)
			ProcessInitializeOnLoadMethodAttributes (33ms)
			AfterProcessingInitializeOnLoad (3ms)
			EditorAssembliesLoaded (0ms)
		ExecutionOrderSort2 (0ms)
		AwakeInstancesAfterBackupRestoration (13ms)
Refreshing native plugins compatible for Editor in 3.35 ms, found 3 plugins.
Preloading 0 native plugins for Editor in 0.00 ms.
Unloading 3079 Unused Serialized files (Serialized files now loaded: 0)
Unloading 22 unused Assets / (30.5 KB). Loaded Objects now: 3611.
Memory consumption went from 118.9 MB to 118.9 MB.
Total: 6.129700 ms (FindLiveObjects: 0.387500 ms CreateObjectMapping: 0.387000 ms MarkObjects: 5.294700 ms  DeleteObjects: 0.059300 ms)

Prepare: number of updated asset objects reloaded= 0
AssetImportParameters requested are different than current active one (requested -> active):
  custom:container-demuxer-ogg: 62fdf1f143b41e24485cea50d1cbac27 -> 
  custom:video-codec-MediaFoundation-h265: 746d11721c4dcdbdad8f713fa42b33f4 -> 
  custom:video-decoder-ogg-theora: a1e56fd34408186e4bbccfd4996cb3dc -> 
  custom:framework-win-MediaFoundation: 216162199b28c13a410421893ffa2e32 -> 
  custom:CustomObjectIndexerAttribute: 756ad292c208cfabdd7b50bc23989ffe -> 
  custom:container-demuxer-webm: 4f35f7cbe854078d1ac9338744f61a02 -> 
  custom:container-muxer-webm: aa71ff27fc2769a1b78a27578f13a17b -> 
  custom:video-decoder-webm-vp8: 9c59270c3fd7afecdb556c50c9e8de78 -> 
  custom:SearchIndexIgnoredProperties: e643bd26f0fe6173181afceb89e7c659 -> 
  custom:AudioImporter_EditorPlatform: d09bf68614088b80899f8185d706f6e7 -> 
  custom:video-encoder-webm-vp8: eb34c28f22e8b96e1ab97ce403110664 -> 
  custom:audio-decoder-ogg-vorbis: bf7c407c2cedff20999df2af8eb42d56 -> 
  custom:audio-encoder-webm-vorbis: bf7c407c2cedff20999df2af8eb42d56 -> 
========================================================================
Received Prepare
Begin MonoManager ReloadAssembly
Symbol file LoadedFromMemory doesn't match image D:\Uni work\GAM20003\ChromaShift\ChromaShift\Library\PackageCache\com.unity.visualscripting@1.8.0\Editor\VisualScripting.Core\Dependencies\YamlDotNet\Unity.VisualScripting.YamlDotNet.dll
Symbol file LoadedFromMemory doesn't match image D:\Uni work\GAM20003\ChromaShift\ChromaShift\Library\PackageCache\com.unity.visualscripting@1.8.0\Editor\VisualScripting.Core\Dependencies\DotNetZip\Unity.VisualScripting.IonicZip.dll
- Loaded All Assemblies, in  0.461 seconds
Refreshing native plugins compatible for Editor in 2.30 ms, found 3 plugins.
Native extension for WindowsStandalone target not found
Mono: successfully reloaded assembly
- Finished resetting the current domain, in  0.891 seconds
Domain Reload Profiling: 1353ms
	BeginReloadAssembly (163ms)
		ExecutionOrderSort (0ms)
		DisableScriptedObjects (7ms)
		BackupInstance (0ms)
		ReleaseScriptingObjects (0ms)
		CreateAndSetChildDomain (37ms)
	RebuildCommonClasses (48ms)
	RebuildNativeTypeToScriptingClass (12ms)
	initialDomainReloadingComplete (30ms)
	LoadAllAssembliesAndSetupDomain (208ms)
		LoadAssemblies (281ms)
		RebuildTransferFunctionScriptingTraits (0ms)
		AnalyzeDomain (17ms)
			TypeCache.Refresh (8ms)
				TypeCache.ScanAssembly (0ms)
			ScanForSourceGeneratedMonoScriptInfo (0ms)
			ResolveRequiredComponents (8ms)
	FinalizeReload (892ms)
		ReleaseScriptCaches (0ms)
		RebuildScriptCaches (0ms)
		SetupLoadedEditorAssemblies (483ms)
			LogAssemblyErrors (0ms)
			InitializePlatformSupportModulesInManaged (5ms)
			SetLoadedEditorAssemblies (5ms)
			RefreshPlugins (0ms)
			BeforeProcessingInitializeOnLoad (58ms)
			ProcessInitializeOnLoadAttributes (373ms)
			ProcessInitializeOnLoadMethodAttributes (37ms)
			AfterProcessingInitializeOnLoad (5ms)
			EditorAssembliesLoaded (0ms)
		ExecutionOrderSort2 (0ms)
		AwakeInstancesAfterBackupRestoration (13ms)
Refreshing native plugins compatible for Editor in 2.98 ms, found 3 plugins.
Preloading 0 native plugins for Editor in 0.00 ms.
Unloading 3079 Unused Serialized files (Serialized files now loaded: 0)
Unloading 22 unused Assets / (30.5 KB). Loaded Objects now: 3614.
Memory consumption went from 118.9 MB to 118.9 MB.
Total: 6.210300 ms (FindLiveObjects: 0.446800 ms CreateObjectMapping: 0.400200 ms MarkObjects: 5.298300 ms  DeleteObjects: 0.063400 ms)

Prepare: number of updated asset objects reloaded= 0
AssetImportParameters requested are different than current active one (requested -> active):
  custom:container-demuxer-ogg: 62fdf1f143b41e24485cea50d1cbac27 -> 
  custom:video-codec-MediaFoundation-h265: 746d11721c4dcdbdad8f713fa42b33f4 -> 
  custom:video-decoder-ogg-theora: a1e56fd34408186e4bbccfd4996cb3dc -> 
  custom:framework-win-MediaFoundation: 216162199b28c13a410421893ffa2e32 -> 
  custom:CustomObjectIndexerAttribute: 756ad292c208cfabdd7b50bc23989ffe -> 
  custom:container-demuxer-webm: 4f35f7cbe854078d1ac9338744f61a02 -> 
  custom:container-muxer-webm: aa71ff27fc2769a1b78a27578f13a17b -> 
  custom:video-decoder-webm-vp8: 9c59270c3fd7afecdb556c50c9e8de78 -> 
  custom:SearchIndexIgnoredProperties: e643bd26f0fe6173181afceb89e7c659 -> 
  custom:AudioImporter_EditorPlatform: d09bf68614088b80899f8185d706f6e7 -> 
  custom:video-encoder-webm-vp8: eb34c28f22e8b96e1ab97ce403110664 -> 
  custom:audio-decoder-ogg-vorbis: bf7c407c2cedff20999df2af8eb42d56 -> 
  custom:audio-encoder-webm-vorbis: bf7c407c2cedff20999df2af8eb42d56 -> 
========================================================================
Received Prepare
Begin MonoManager ReloadAssembly
Symbol file LoadedFromMemory doesn't match image D:\Uni work\GAM20003\ChromaShift\ChromaShift\Library\PackageCache\com.unity.visualscripting@1.8.0\Editor\VisualScripting.Core\Dependencies\YamlDotNet\Unity.VisualScripting.YamlDotNet.dll
Symbol file LoadedFromMemory doesn't match image D:\Uni work\GAM20003\ChromaShift\ChromaShift\Library\PackageCache\com.unity.visualscripting@1.8.0\Editor\VisualScripting.Core\Dependencies\DotNetZip\Unity.VisualScripting.IonicZip.dll
- Loaded All Assemblies, in  0.419 seconds
Refreshing native plugins compatible for Editor in 1.61 ms, found 3 plugins.
Native extension for WindowsStandalone target not found
Mono: successfully reloaded assembly
- Finished resetting the current domain, in  0.828 seconds
Domain Reload Profiling: 1247ms
	BeginReloadAssembly (161ms)
		ExecutionOrderSort (0ms)
		DisableScriptedObjects (6ms)
		BackupInstance (0ms)
		ReleaseScriptingObjects (0ms)
		CreateAndSetChildDomain (38ms)
	RebuildCommonClasses (35ms)
	RebuildNativeTypeToScriptingClass (12ms)
	initialDomainReloadingComplete (25ms)
	LoadAllAssembliesAndSetupDomain (185ms)
		LoadAssemblies (250ms)
		RebuildTransferFunctionScriptingTraits (0ms)
		AnalyzeDomain (13ms)
			TypeCache.Refresh (7ms)
				TypeCache.ScanAssembly (0ms)
			ScanForSourceGeneratedMonoScriptInfo (0ms)
			ResolveRequiredComponents (5ms)
	FinalizeReload (828ms)
		ReleaseScriptCaches (0ms)
		RebuildScriptCaches (0ms)
		SetupLoadedEditorAssemblies (437ms)
			LogAssemblyErrors (0ms)
			InitializePlatformSupportModulesInManaged (4ms)
			SetLoadedEditorAssemblies (5ms)
			RefreshPlugins (0ms)
			BeforeProcessingInitializeOnLoad (56ms)
			ProcessInitializeOnLoadAttributes (336ms)
			ProcessInitializeOnLoadMethodAttributes (32ms)
			AfterProcessingInitializeOnLoad (3ms)
			EditorAssembliesLoaded (0ms)
		ExecutionOrderSort2 (0ms)
		AwakeInstancesAfterBackupRestoration (10ms)
Refreshing native plugins compatible for Editor in 1.62 ms, found 3 plugins.
Preloading 0 native plugins for Editor in 0.00 ms.
Unloading 3079 Unused Serialized files (Serialized files now loaded: 0)
Unloading 22 unused Assets / (30.5 KB). Loaded Objects now: 3617.
Memory consumption went from 118.9 MB to 118.9 MB.
Total: 5.976600 ms (FindLiveObjects: 0.524600 ms CreateObjectMapping: 0.568200 ms MarkObjects: 4.793400 ms  DeleteObjects: 0.088600 ms)

Prepare: number of updated asset objects reloaded= 0
AssetImportParameters requested are different than current active one (requested -> active):
  custom:container-demuxer-ogg: 62fdf1f143b41e24485cea50d1cbac27 -> 
  custom:video-codec-MediaFoundation-h265: 746d11721c4dcdbdad8f713fa42b33f4 -> 
  custom:video-decoder-ogg-theora: a1e56fd34408186e4bbccfd4996cb3dc -> 
  custom:framework-win-MediaFoundation: 216162199b28c13a410421893ffa2e32 -> 
  custom:CustomObjectIndexerAttribute: 756ad292c208cfabdd7b50bc23989ffe -> 
  custom:container-demuxer-webm: 4f35f7cbe854078d1ac9338744f61a02 -> 
  custom:container-muxer-webm: aa71ff27fc2769a1b78a27578f13a17b -> 
  custom:video-decoder-webm-vp8: 9c59270c3fd7afecdb556c50c9e8de78 -> 
  custom:SearchIndexIgnoredProperties: e643bd26f0fe6173181afceb89e7c659 -> 
  custom:AudioImporter_EditorPlatform: d09bf68614088b80899f8185d706f6e7 -> 
  custom:video-encoder-webm-vp8: eb34c28f22e8b96e1ab97ce403110664 -> 
  custom:audio-decoder-ogg-vorbis: bf7c407c2cedff20999df2af8eb42d56 -> 
  custom:audio-encoder-webm-vorbis: bf7c407c2cedff20999df2af8eb42d56 -> 
========================================================================
Received Prepare
Begin MonoManager ReloadAssembly
Symbol file LoadedFromMemory doesn't match image D:\Uni work\GAM20003\ChromaShift\ChromaShift\Library\PackageCache\com.unity.visualscripting@1.8.0\Editor\VisualScripting.Core\Dependencies\YamlDotNet\Unity.VisualScripting.YamlDotNet.dll
Symbol file LoadedFromMemory doesn't match image D:\Uni work\GAM20003\ChromaShift\ChromaShift\Library\PackageCache\com.unity.visualscripting@1.8.0\Editor\VisualScripting.Core\Dependencies\DotNetZip\Unity.VisualScripting.IonicZip.dll
- Loaded All Assemblies, in  0.410 seconds
Refreshing native plugins compatible for Editor in 1.60 ms, found 3 plugins.
Native extension for WindowsStandalone target not found
Mono: successfully reloaded assembly
- Finished resetting the current domain, in  0.801 seconds
Domain Reload Profiling: 1210ms
	BeginReloadAssembly (151ms)
		ExecutionOrderSort (0ms)
		DisableScriptedObjects (6ms)
		BackupInstance (0ms)
		ReleaseScriptingObjects (0ms)
		CreateAndSetChildDomain (34ms)
	RebuildCommonClasses (33ms)
	RebuildNativeTypeToScriptingClass (12ms)
	initialDomainReloadingComplete (27ms)
	LoadAllAssembliesAndSetupDomain (186ms)
		LoadAssemblies (253ms)
		RebuildTransferFunctionScriptingTraits (0ms)
		AnalyzeDomain (14ms)
			TypeCache.Refresh (7ms)
				TypeCache.ScanAssembly (0ms)
			ScanForSourceGeneratedMonoScriptInfo (0ms)
			ResolveRequiredComponents (5ms)
	FinalizeReload (801ms)
		ReleaseScriptCaches (0ms)
		RebuildScriptCaches (0ms)
		SetupLoadedEditorAssemblies (427ms)
			LogAssemblyErrors (0ms)
			InitializePlatformSupportModulesInManaged (4ms)
			SetLoadedEditorAssemblies (4ms)
			RefreshPlugins (0ms)
			BeforeProcessingInitializeOnLoad (52ms)
			ProcessInitializeOnLoadAttributes (330ms)
			ProcessInitializeOnLoadMethodAttributes (32ms)
			AfterProcessingInitializeOnLoad (4ms)
			EditorAssembliesLoaded (0ms)
		ExecutionOrderSort2 (0ms)
		AwakeInstancesAfterBackupRestoration (11ms)
Refreshing native plugins compatible for Editor in 2.62 ms, found 3 plugins.
Preloading 0 native plugins for Editor in 0.00 ms.
Unloading 3079 Unused Serialized files (Serialized files now loaded: 0)
Unloading 22 unused Assets / (30.5 KB). Loaded Objects now: 3620.
Memory consumption went from 118.9 MB to 118.9 MB.
Total: 6.156100 ms (FindLiveObjects: 0.520100 ms CreateObjectMapping: 0.839900 ms MarkObjects: 4.703400 ms  DeleteObjects: 0.089500 ms)

Prepare: number of updated asset objects reloaded= 0
AssetImportParameters requested are different than current active one (requested -> active):
  custom:container-demuxer-ogg: 62fdf1f143b41e24485cea50d1cbac27 -> 
  custom:video-codec-MediaFoundation-h265: 746d11721c4dcdbdad8f713fa42b33f4 -> 
  custom:video-decoder-ogg-theora: a1e56fd34408186e4bbccfd4996cb3dc -> 
  custom:framework-win-MediaFoundation: 216162199b28c13a410421893ffa2e32 -> 
  custom:CustomObjectIndexerAttribute: 756ad292c208cfabdd7b50bc23989ffe -> 
  custom:container-demuxer-webm: 4f35f7cbe854078d1ac9338744f61a02 -> 
  custom:container-muxer-webm: aa71ff27fc2769a1b78a27578f13a17b -> 
  custom:video-decoder-webm-vp8: 9c59270c3fd7afecdb556c50c9e8de78 -> 
  custom:SearchIndexIgnoredProperties: e643bd26f0fe6173181afceb89e7c659 -> 
  custom:AudioImporter_EditorPlatform: d09bf68614088b80899f8185d706f6e7 -> 
  custom:video-encoder-webm-vp8: eb34c28f22e8b96e1ab97ce403110664 -> 
  custom:audio-decoder-ogg-vorbis: bf7c407c2cedff20999df2af8eb42d56 -> 
  custom:audio-encoder-webm-vorbis: bf7c407c2cedff20999df2af8eb42d56 -> 
========================================================================
Received Import Request.
  Time since last request: 230.856019 seconds.
  path: Assets/Prefabs/Chunks/Chunk1.prefab
  artifactKey: Guid(7dd7e313665aa8c41b6cb19f75e25859) Importer(815301076,1909f56bfc062723c751e8b465ee728b)
Start importing Assets/Prefabs/Chunks/Chunk1.prefab using Guid(7dd7e313665aa8c41b6cb19f75e25859) Importer(815301076,1909f56bfc062723c751e8b465ee728b)  -> (artifact id: '9153dbf9c3d1fa4ee69fe11774223f15') in 0.176758 seconds
Number of updated asset objects reloaded before import = 0
Number of asset objects unloaded after import = 123
========================================================================
Received Import Request.
  Time since last request: 0.000087 seconds.
  path: Assets/Prefabs/Chunks/Chunk5.prefab
  artifactKey: Guid(c05d91dbaf340c544b4e51a94290d254) Importer(815301076,1909f56bfc062723c751e8b465ee728b)
Start importing Assets/Prefabs/Chunks/Chunk5.prefab using Guid(c05d91dbaf340c544b4e51a94290d254) Importer(815301076,1909f56bfc062723c751e8b465ee728b)  -> (artifact id: '58d30ab8c4826c7ffaf158773f0c7094') in 0.043631 seconds
Number of updated asset objects reloaded before import = 0
Number of asset objects unloaded after import = 139
========================================================================
Received Import Request.
  Time since last request: 0.880334 seconds.
  path: Assets/Prefabs/Chunks.fbx
  artifactKey: Guid(02bc44908f1b68f4fbd22bd6a72e0f8c) Importer(815301076,1909f56bfc062723c751e8b465ee728b)
Start importing Assets/Prefabs/Chunks.fbx using Guid(02bc44908f1b68f4fbd22bd6a72e0f8c) Importer(815301076,1909f56bfc062723c751e8b465ee728b)  -> (artifact id: 'a8d5843360f26a62ea7e5207d90da525') in 0.213283 seconds
Number of updated asset objects reloaded before import = 0
Number of asset objects unloaded after import = 61
========================================================================
Received Import Request.
  Time since last request: 39.765555 seconds.
  path: Assets/Prefabs/Chunks/Chunk5.prefab
  artifactKey: Guid(c05d91dbaf340c544b4e51a94290d254) Importer(815301076,1909f56bfc062723c751e8b465ee728b)
Start importing Assets/Prefabs/Chunks/Chunk5.prefab using Guid(c05d91dbaf340c544b4e51a94290d254) Importer(815301076,1909f56bfc062723c751e8b465ee728b)  -> (artifact id: '6291eb22be9f2b62020ce7477b9ddca0') in 0.039912 seconds
Number of updated asset objects reloaded before import = 0
Number of asset objects unloaded after import = 139
========================================================================
Received Import Request.
  Time since last request: 13.751724 seconds.
  path: Assets/Prefabs/Chunks/Chunk1.prefab
  artifactKey: Guid(7dd7e313665aa8c41b6cb19f75e25859) Importer(815301076,1909f56bfc062723c751e8b465ee728b)
Start importing Assets/Prefabs/Chunks/Chunk1.prefab using Guid(7dd7e313665aa8c41b6cb19f75e25859) Importer(815301076,1909f56bfc062723c751e8b465ee728b)  -> (artifact id: 'd2cdb7b011d21367ea922664dbb8094e') in 0.033818 seconds
Number of updated asset objects reloaded before import = 0
Number of asset objects unloaded after import = 123
========================================================================
Received Import Request.
  Time since last request: 0.000017 seconds.
  path: Assets/Prefabs/Chunks/Chunk4.prefab
  artifactKey: Guid(b718ae92855b14b47a0f20ae878fe190) Importer(815301076,1909f56bfc062723c751e8b465ee728b)
Start importing Assets/Prefabs/Chunks/Chunk4.prefab using Guid(b718ae92855b14b47a0f20ae878fe190) Importer(815301076,1909f56bfc062723c751e8b465ee728b)  -> (artifact id: '1aa1619c288cf50210d6b561d13976f2') in 0.035301 seconds
Number of updated asset objects reloaded before import = 0
Number of asset objects unloaded after import = 139
========================================================================
Received Import Request.
  Time since last request: 1.049127 seconds.
  path: Assets/Prefabs/Chunks.fbx
  artifactKey: Guid(02bc44908f1b68f4fbd22bd6a72e0f8c) Importer(815301076,1909f56bfc062723c751e8b465ee728b)
Start importing Assets/Prefabs/Chunks.fbx using Guid(02bc44908f1b68f4fbd22bd6a72e0f8c) Importer(815301076,1909f56bfc062723c751e8b465ee728b)  -> (artifact id: 'd0583f259a83126ab5936d2cc00be57f') in 0.151594 seconds
Number of updated asset objects reloaded before import = 0
Number of asset objects unloaded after import = 61
========================================================================
Received Import Request.
  Time since last request: 1.223917 seconds.
  path: Assets/Prefabs/Chunks/Chunk5.prefab
  artifactKey: Guid(c05d91dbaf340c544b4e51a94290d254) Importer(815301076,1909f56bfc062723c751e8b465ee728b)
Start importing Assets/Prefabs/Chunks/Chunk5.prefab using Guid(c05d91dbaf340c544b4e51a94290d254) Importer(815301076,1909f56bfc062723c751e8b465ee728b)  -> (artifact id: '2a5fb0f8b659dcd38a566165104be0e4') in 0.036023 seconds
Number of updated asset objects reloaded before import = 0
Number of asset objects unloaded after import = 139
========================================================================
Received Import Request.
  Time since last request: 0.571345 seconds.
  path: Assets/Prefabs/Chunks/Chunk5.prefab
  artifactKey: Guid(c05d91dbaf340c544b4e51a94290d254) Importer(815301076,1909f56bfc062723c751e8b465ee728b)
Start importing Assets/Prefabs/Chunks/Chunk5.prefab using Guid(c05d91dbaf340c544b4e51a94290d254) Importer(815301076,1909f56bfc062723c751e8b465ee728b)  -> (artifact id: 'f28721e89899daf35f6b7e2fe050cdf6') in 0.034432 seconds
Number of updated asset objects reloaded before import = 0
Number of asset objects unloaded after import = 139
========================================================================
Received Import Request.
  Time since last request: 1.568941 seconds.
  path: Assets/Prefabs/Chunks/Chunk5.prefab
  artifactKey: Guid(c05d91dbaf340c544b4e51a94290d254) Importer(815301076,1909f56bfc062723c751e8b465ee728b)
Start importing Assets/Prefabs/Chunks/Chunk5.prefab using Guid(c05d91dbaf340c544b4e51a94290d254) Importer(815301076,1909f56bfc062723c751e8b465ee728b)  -> (artifact id: '458e666b14a99c5b560c8f3cd87eab0f') in 0.034396 seconds
Number of updated asset objects reloaded before import = 0
Number of asset objects unloaded after import = 139
========================================================================
Received Prepare
Begin MonoManager ReloadAssembly
Symbol file LoadedFromMemory doesn't match image D:\Uni work\GAM20003\ChromaShift\ChromaShift\Library\PackageCache\com.unity.visualscripting@1.8.0\Editor\VisualScripting.Core\Dependencies\YamlDotNet\Unity.VisualScripting.YamlDotNet.dll
Symbol file LoadedFromMemory doesn't match image D:\Uni work\GAM20003\ChromaShift\ChromaShift\Library\PackageCache\com.unity.visualscripting@1.8.0\Editor\VisualScripting.Core\Dependencies\DotNetZip\Unity.VisualScripting.IonicZip.dll
- Loaded All Assemblies, in  0.458 seconds
Refreshing native plugins compatible for Editor in 1.60 ms, found 3 plugins.
Native extension for WindowsStandalone target not found
Mono: successfully reloaded assembly
- Finished resetting the current domain, in  0.908 seconds
Domain Reload Profiling: 1367ms
	BeginReloadAssembly (162ms)
		ExecutionOrderSort (0ms)
		DisableScriptedObjects (5ms)
		BackupInstance (0ms)
		ReleaseScriptingObjects (0ms)
		CreateAndSetChildDomain (41ms)
	RebuildCommonClasses (42ms)
	RebuildNativeTypeToScriptingClass (13ms)
	initialDomainReloadingComplete (26ms)
	LoadAllAssembliesAndSetupDomain (216ms)
		LoadAssemblies (289ms)
		RebuildTransferFunctionScriptingTraits (0ms)
		AnalyzeDomain (14ms)
			TypeCache.Refresh (7ms)
				TypeCache.ScanAssembly (0ms)
			ScanForSourceGeneratedMonoScriptInfo (0ms)
			ResolveRequiredComponents (5ms)
	FinalizeReload (909ms)
		ReleaseScriptCaches (0ms)
		RebuildScriptCaches (0ms)
		SetupLoadedEditorAssemblies (450ms)
			LogAssemblyErrors (0ms)
			InitializePlatformSupportModulesInManaged (4ms)
			SetLoadedEditorAssemblies (4ms)
			RefreshPlugins (0ms)
			BeforeProcessingInitializeOnLoad (57ms)
			ProcessInitializeOnLoadAttributes (341ms)
			ProcessInitializeOnLoadMethodAttributes (40ms)
			AfterProcessingInitializeOnLoad (4ms)
			EditorAssembliesLoaded (0ms)
		ExecutionOrderSort2 (0ms)
		AwakeInstancesAfterBackupRestoration (12ms)
Refreshing native plugins compatible for Editor in 2.70 ms, found 3 plugins.
Preloading 0 native plugins for Editor in 0.00 ms.
Unloading 3078 Unused Serialized files (Serialized files now loaded: 0)
Unloading 22 unused Assets / (30.5 KB). Loaded Objects now: 3623.
Memory consumption went from 118.7 MB to 118.7 MB.
Total: 5.117100 ms (FindLiveObjects: 0.643000 ms CreateObjectMapping: 0.536900 ms MarkObjects: 3.877400 ms  DeleteObjects: 0.058500 ms)

Prepare: number of updated asset objects reloaded= 0
AssetImportParameters requested are different than current active one (requested -> active):
  custom:container-demuxer-ogg: 62fdf1f143b41e24485cea50d1cbac27 -> 
  custom:video-codec-MediaFoundation-h265: 746d11721c4dcdbdad8f713fa42b33f4 -> 
  custom:video-decoder-ogg-theora: a1e56fd34408186e4bbccfd4996cb3dc -> 
  custom:framework-win-MediaFoundation: 216162199b28c13a410421893ffa2e32 -> 
  custom:CustomObjectIndexerAttribute: 756ad292c208cfabdd7b50bc23989ffe -> 
  custom:container-demuxer-webm: 4f35f7cbe854078d1ac9338744f61a02 -> 
  custom:container-muxer-webm: aa71ff27fc2769a1b78a27578f13a17b -> 
  custom:video-decoder-webm-vp8: 9c59270c3fd7afecdb556c50c9e8de78 -> 
  custom:SearchIndexIgnoredProperties: e643bd26f0fe6173181afceb89e7c659 -> 
  custom:AudioImporter_EditorPlatform: d09bf68614088b80899f8185d706f6e7 -> 
  custom:video-encoder-webm-vp8: eb34c28f22e8b96e1ab97ce403110664 -> 
  custom:audio-decoder-ogg-vorbis: bf7c407c2cedff20999df2af8eb42d56 -> 
  custom:audio-encoder-webm-vorbis: bf7c407c2cedff20999df2af8eb42d56 -> 
========================================================================
Received Import Request.
  Time since last request: 83.209786 seconds.
  path: Assets/Prefabs/Chunks/Chunk5.prefab
  artifactKey: Guid(c05d91dbaf340c544b4e51a94290d254) Importer(815301076,1909f56bfc062723c751e8b465ee728b)
Start importing Assets/Prefabs/Chunks/Chunk5.prefab using Guid(c05d91dbaf340c544b4e51a94290d254) Importer(815301076,1909f56bfc062723c751e8b465ee728b)  -> (artifact id: 'ca168f35bcde2a8c570c363cb0164ce2') in 0.137688 seconds
Number of updated asset objects reloaded before import = 0
Number of asset objects unloaded after import = 139
========================================================================
Received Import Request.
  Time since last request: 6.044932 seconds.
  path: Assets/Prefabs/Chunks/Chunk5.prefab
  artifactKey: Guid(c05d91dbaf340c544b4e51a94290d254) Importer(815301076,1909f56bfc062723c751e8b465ee728b)
Start importing Assets/Prefabs/Chunks/Chunk5.prefab using Guid(c05d91dbaf340c544b4e51a94290d254) Importer(815301076,1909f56bfc062723c751e8b465ee728b)  -> (artifact id: 'c1147a8ab9a5da546823adab1dc034aa') in 0.032553 seconds
Number of updated asset objects reloaded before import = 0
Number of asset objects unloaded after import = 139
========================================================================
Received Import Request.
  Time since last request: 2.336844 seconds.
  path: Assets/Prefabs/Chunks/Chunk5.prefab
  artifactKey: Guid(c05d91dbaf340c544b4e51a94290d254) Importer(815301076,1909f56bfc062723c751e8b465ee728b)
Start importing Assets/Prefabs/Chunks/Chunk5.prefab using Guid(c05d91dbaf340c544b4e51a94290d254) Importer(815301076,1909f56bfc062723c751e8b465ee728b)  -> (artifact id: 'a4693f73d1aa45449b38b142f8dc3223') in 0.030982 seconds
Number of updated asset objects reloaded before import = 0
Number of asset objects unloaded after import = 139
========================================================================
Received Import Request.
  Time since last request: 15.999711 seconds.
  path: Assets/Prefabs/Chunks/Chunk1.prefab
  artifactKey: Guid(7dd7e313665aa8c41b6cb19f75e25859) Importer(815301076,1909f56bfc062723c751e8b465ee728b)
Start importing Assets/Prefabs/Chunks/Chunk1.prefab using Guid(7dd7e313665aa8c41b6cb19f75e25859) Importer(815301076,1909f56bfc062723c751e8b465ee728b)  -> (artifact id: '35a50b53bf32778623a93658b0b616e2') in 0.035140 seconds
Number of updated asset objects reloaded before import = 0
Number of asset objects unloaded after import = 123
========================================================================
Received Import Request.
  Time since last request: 0.000029 seconds.
  path: Assets/Prefabs/Chunks/Chunk5.prefab
  artifactKey: Guid(c05d91dbaf340c544b4e51a94290d254) Importer(815301076,1909f56bfc062723c751e8b465ee728b)
Start importing Assets/Prefabs/Chunks/Chunk5.prefab using Guid(c05d91dbaf340c544b4e51a94290d254) Importer(815301076,1909f56bfc062723c751e8b465ee728b)  -> (artifact id: 'e6e2bd1b5322dbf9ed3f83d1592be1a4') in 0.051282 seconds
Number of updated asset objects reloaded before import = 0
Number of asset objects unloaded after import = 139
========================================================================
Received Import Request.
  Time since last request: 0.000289 seconds.
  path: Assets/Prefabs/Chunks/Chunk3.prefab
  artifactKey: Guid(627cefbbdae7e5849bec296d532ebbad) Importer(815301076,1909f56bfc062723c751e8b465ee728b)
Start importing Assets/Prefabs/Chunks/Chunk3.prefab using Guid(627cefbbdae7e5849bec296d532ebbad) Importer(815301076,1909f56bfc062723c751e8b465ee728b)  -> (artifact id: 'df1bcec51ba1593604cc04fe5884ec52') in 0.038969 seconds
Number of updated asset objects reloaded before import = 0
Number of asset objects unloaded after import = 121
========================================================================
Received Import Request.
  Time since last request: 0.000021 seconds.
  path: Assets/Prefabs/Chunks/Chunk4.prefab
  artifactKey: Guid(b718ae92855b14b47a0f20ae878fe190) Importer(815301076,1909f56bfc062723c751e8b465ee728b)
Start importing Assets/Prefabs/Chunks/Chunk4.prefab using Guid(b718ae92855b14b47a0f20ae878fe190) Importer(815301076,1909f56bfc062723c751e8b465ee728b)  -> (artifact id: 'b8b1aba7ebf0d877e3206e980658ee44') in 0.034258 seconds
Number of updated asset objects reloaded before import = 0
Number of asset objects unloaded after import = 139
========================================================================
Received Import Request.
  Time since last request: 2.790858 seconds.
  path: Assets/Prefabs/Chunks/Chunk5.prefab
  artifactKey: Guid(c05d91dbaf340c544b4e51a94290d254) Importer(815301076,1909f56bfc062723c751e8b465ee728b)
Start importing Assets/Prefabs/Chunks/Chunk5.prefab using Guid(c05d91dbaf340c544b4e51a94290d254) Importer(815301076,1909f56bfc062723c751e8b465ee728b)  -> (artifact id: '9f00eb8771984ceb63d8dfad57cc02d3') in 0.038503 seconds
Number of updated asset objects reloaded before import = 0
Number of asset objects unloaded after import = 139
========================================================================
Received Prepare
Begin MonoManager ReloadAssembly
Symbol file LoadedFromMemory doesn't match image D:\Uni work\GAM20003\ChromaShift\ChromaShift\Library\PackageCache\com.unity.visualscripting@1.8.0\Editor\VisualScripting.Core\Dependencies\YamlDotNet\Unity.VisualScripting.YamlDotNet.dll
Symbol file LoadedFromMemory doesn't match image D:\Uni work\GAM20003\ChromaShift\ChromaShift\Library\PackageCache\com.unity.visualscripting@1.8.0\Editor\VisualScripting.Core\Dependencies\DotNetZip\Unity.VisualScripting.IonicZip.dll
- Loaded All Assemblies, in  0.451 seconds
Refreshing native plugins compatible for Editor in 1.51 ms, found 3 plugins.
Native extension for WindowsStandalone target not found
Mono: successfully reloaded assembly
- Finished resetting the current domain, in  0.839 seconds
Domain Reload Profiling: 1290ms
	BeginReloadAssembly (173ms)
		ExecutionOrderSort (0ms)
		DisableScriptedObjects (7ms)
		BackupInstance (0ms)
		ReleaseScriptingObjects (0ms)
		CreateAndSetChildDomain (51ms)
	RebuildCommonClasses (34ms)
	RebuildNativeTypeToScriptingClass (12ms)
	initialDomainReloadingComplete (24ms)
	LoadAllAssembliesAndSetupDomain (207ms)
		LoadAssemblies (269ms)
		RebuildTransferFunctionScriptingTraits (0ms)
		AnalyzeDomain (18ms)
			TypeCache.Refresh (11ms)
				TypeCache.ScanAssembly (0ms)
			ScanForSourceGeneratedMonoScriptInfo (0ms)
			ResolveRequiredComponents (6ms)
	FinalizeReload (840ms)
		ReleaseScriptCaches (0ms)
		RebuildScriptCaches (0ms)
		SetupLoadedEditorAssemblies (439ms)
			LogAssemblyErrors (0ms)
			InitializePlatformSupportModulesInManaged (4ms)
			SetLoadedEditorAssemblies (5ms)
			RefreshPlugins (0ms)
			BeforeProcessingInitializeOnLoad (53ms)
			ProcessInitializeOnLoadAttributes (340ms)
			ProcessInitializeOnLoadMethodAttributes (34ms)
			AfterProcessingInitializeOnLoad (3ms)
			EditorAssembliesLoaded (0ms)
		ExecutionOrderSort2 (0ms)
		AwakeInstancesAfterBackupRestoration (12ms)
Refreshing native plugins compatible for Editor in 3.05 ms, found 3 plugins.
Preloading 0 native plugins for Editor in 0.00 ms.
Unloading 3078 Unused Serialized files (Serialized files now loaded: 0)
Unloading 22 unused Assets / (30.5 KB). Loaded Objects now: 3626.
Memory consumption went from 118.8 MB to 118.7 MB.
Total: 6.264500 ms (FindLiveObjects: 0.501000 ms CreateObjectMapping: 0.680000 ms MarkObjects: 4.965300 ms  DeleteObjects: 0.116200 ms)

Prepare: number of updated asset objects reloaded= 0
AssetImportParameters requested are different than current active one (requested -> active):
  custom:container-demuxer-ogg: 62fdf1f143b41e24485cea50d1cbac27 -> 
  custom:video-codec-MediaFoundation-h265: 746d11721c4dcdbdad8f713fa42b33f4 -> 
  custom:video-decoder-ogg-theora: a1e56fd34408186e4bbccfd4996cb3dc -> 
  custom:framework-win-MediaFoundation: 216162199b28c13a410421893ffa2e32 -> 
  custom:CustomObjectIndexerAttribute: 756ad292c208cfabdd7b50bc23989ffe -> 
  custom:container-demuxer-webm: 4f35f7cbe854078d1ac9338744f61a02 -> 
  custom:container-muxer-webm: aa71ff27fc2769a1b78a27578f13a17b -> 
  custom:video-decoder-webm-vp8: 9c59270c3fd7afecdb556c50c9e8de78 -> 
  custom:SearchIndexIgnoredProperties: e643bd26f0fe6173181afceb89e7c659 -> 
  custom:AudioImporter_EditorPlatform: d09bf68614088b80899f8185d706f6e7 -> 
  custom:video-encoder-webm-vp8: eb34c28f22e8b96e1ab97ce403110664 -> 
  custom:audio-decoder-ogg-vorbis: bf7c407c2cedff20999df2af8eb42d56 -> 
  custom:audio-encoder-webm-vorbis: bf7c407c2cedff20999df2af8eb42d56 -> 
========================================================================
Received Import Request.
  Time since last request: 104.969148 seconds.
  path: Assets/Materials/Gate.mat
  artifactKey: Guid(43231b68c12268442aae88fff8611ed7) Importer(815301076,1909f56bfc062723c751e8b465ee728b)
Start importing Assets/Materials/Gate.mat using Guid(43231b68c12268442aae88fff8611ed7) Importer(815301076,1909f56bfc062723c751e8b465ee728b)  -> (artifact id: 'd957552edd0dbd10eeca36f30a447789') in 0.110558 seconds
Number of updated asset objects reloaded before import = 0
Number of asset objects unloaded after import = 1
========================================================================
Received Import Request.
  Time since last request: 12.284890 seconds.
  path: Assets/Prefabs/Chunks.fbx
  artifactKey: Guid(02bc44908f1b68f4fbd22bd6a72e0f8c) Importer(815301076,1909f56bfc062723c751e8b465ee728b)
Start importing Assets/Prefabs/Chunks.fbx using Guid(02bc44908f1b68f4fbd22bd6a72e0f8c) Importer(815301076,1909f56bfc062723c751e8b465ee728b)  -> (artifact id: '9cb25dfef580c9e9bfe5572c6b4cedc8') in 0.155311 seconds
Number of updated asset objects reloaded before import = 0
Number of asset objects unloaded after import = 61
========================================================================
Received Import Request.
  Time since last request: 24.216731 seconds.
  path: Assets/Prefabs/Chunks/Chunk1.prefab
  artifactKey: Guid(7dd7e313665aa8c41b6cb19f75e25859) Importer(815301076,1909f56bfc062723c751e8b465ee728b)
Start importing Assets/Prefabs/Chunks/Chunk1.prefab using Guid(7dd7e313665aa8c41b6cb19f75e25859) Importer(815301076,1909f56bfc062723c751e8b465ee728b)  -> (artifact id: 'ca5d662ea6f1b957a878bc771d250a92') in 0.027087 seconds
Number of updated asset objects reloaded before import = 0
Number of asset objects unloaded after import = 124
========================================================================
Received Import Request.
  Time since last request: 6.436702 seconds.
  path: Assets/Prefabs/Chunks/Chunk2.prefab
  artifactKey: Guid(a0f673562352fb447bf7e46368607089) Importer(815301076,1909f56bfc062723c751e8b465ee728b)
Start importing Assets/Prefabs/Chunks/Chunk2.prefab using Guid(a0f673562352fb447bf7e46368607089) Importer(815301076,1909f56bfc062723c751e8b465ee728b)  -> (artifact id: '8dd0bd88a358d3e5268de83d3ea0fae6') in 0.022897 seconds
Number of updated asset objects reloaded before import = 0
Number of asset objects unloaded after import = 116
========================================================================
Received Import Request.
  Time since last request: 6.247538 seconds.
  path: Assets/Prefabs/Chunks/Chunk3.prefab
  artifactKey: Guid(627cefbbdae7e5849bec296d532ebbad) Importer(815301076,1909f56bfc062723c751e8b465ee728b)
Start importing Assets/Prefabs/Chunks/Chunk3.prefab using Guid(627cefbbdae7e5849bec296d532ebbad) Importer(815301076,1909f56bfc062723c751e8b465ee728b)  -> (artifact id: '4f5003d7366eed09e0c70017f1cef582') in 0.035306 seconds
Number of updated asset objects reloaded before import = 0
Number of asset objects unloaded after import = 122
========================================================================
Received Import Request.
  Time since last request: 5.678203 seconds.
  path: Assets/Prefabs/Chunks/Chunk4.prefab
  artifactKey: Guid(b718ae92855b14b47a0f20ae878fe190) Importer(815301076,1909f56bfc062723c751e8b465ee728b)
Start importing Assets/Prefabs/Chunks/Chunk4.prefab using Guid(b718ae92855b14b47a0f20ae878fe190) Importer(815301076,1909f56bfc062723c751e8b465ee728b)  -> (artifact id: '8c1b370fedb88ee34184b59391a9f1b8') in 0.032370 seconds
Number of updated asset objects reloaded before import = 0
Number of asset objects unloaded after import = 140
========================================================================
Received Prepare
Begin MonoManager ReloadAssembly
Symbol file LoadedFromMemory doesn't match image D:\Uni work\GAM20003\ChromaShift\ChromaShift\Library\PackageCache\com.unity.visualscripting@1.8.0\Editor\VisualScripting.Core\Dependencies\YamlDotNet\Unity.VisualScripting.YamlDotNet.dll
Symbol file LoadedFromMemory doesn't match image D:\Uni work\GAM20003\ChromaShift\ChromaShift\Library\PackageCache\com.unity.visualscripting@1.8.0\Editor\VisualScripting.Core\Dependencies\DotNetZip\Unity.VisualScripting.IonicZip.dll
- Loaded All Assemblies, in  0.440 seconds
Refreshing native plugins compatible for Editor in 1.71 ms, found 3 plugins.
Native extension for WindowsStandalone target not found
Mono: successfully reloaded assembly
- Finished resetting the current domain, in  0.700 seconds
Domain Reload Profiling: 1141ms
	BeginReloadAssembly (173ms)
		ExecutionOrderSort (0ms)
		DisableScriptedObjects (4ms)
		BackupInstance (0ms)
		ReleaseScriptingObjects (0ms)
		CreateAndSetChildDomain (39ms)
	RebuildCommonClasses (43ms)
	RebuildNativeTypeToScriptingClass (12ms)
	initialDomainReloadingComplete (24ms)
	LoadAllAssembliesAndSetupDomain (187ms)
		LoadAssemblies (270ms)
		RebuildTransferFunctionScriptingTraits (0ms)
		AnalyzeDomain (13ms)
			TypeCache.Refresh (7ms)
				TypeCache.ScanAssembly (0ms)
			ScanForSourceGeneratedMonoScriptInfo (0ms)
			ResolveRequiredComponents (5ms)
	FinalizeReload (701ms)
		ReleaseScriptCaches (0ms)
		RebuildScriptCaches (0ms)
		SetupLoadedEditorAssemblies (327ms)
			LogAssemblyErrors (0ms)
			InitializePlatformSupportModulesInManaged (4ms)
			SetLoadedEditorAssemblies (5ms)
			RefreshPlugins (0ms)
			BeforeProcessingInitializeOnLoad (53ms)
			ProcessInitializeOnLoadAttributes (243ms)
			ProcessInitializeOnLoadMethodAttributes (19ms)
			AfterProcessingInitializeOnLoad (3ms)
			EditorAssembliesLoaded (0ms)
		ExecutionOrderSort2 (0ms)
		AwakeInstancesAfterBackupRestoration (8ms)
Refreshing native plugins compatible for Editor in 1.71 ms, found 3 plugins.
Preloading 0 native plugins for Editor in 0.00 ms.
Unloading 3078 Unused Serialized files (Serialized files now loaded: 0)
Unloading 22 unused Assets / (30.5 KB). Loaded Objects now: 3629.
Memory consumption went from 118.8 MB to 118.7 MB.
Total: 2.781600 ms (FindLiveObjects: 0.253600 ms CreateObjectMapping: 0.214100 ms MarkObjects: 2.270200 ms  DeleteObjects: 0.042900 ms)

Prepare: number of updated asset objects reloaded= 0
AssetImportParameters requested are different than current active one (requested -> active):
  custom:container-demuxer-ogg: 62fdf1f143b41e24485cea50d1cbac27 -> 
  custom:video-codec-MediaFoundation-h265: 746d11721c4dcdbdad8f713fa42b33f4 -> 
  custom:video-decoder-ogg-theora: a1e56fd34408186e4bbccfd4996cb3dc -> 
  custom:framework-win-MediaFoundation: 216162199b28c13a410421893ffa2e32 -> 
  custom:CustomObjectIndexerAttribute: 756ad292c208cfabdd7b50bc23989ffe -> 
  custom:container-demuxer-webm: 4f35f7cbe854078d1ac9338744f61a02 -> 
  custom:container-muxer-webm: aa71ff27fc2769a1b78a27578f13a17b -> 
  custom:video-decoder-webm-vp8: 9c59270c3fd7afecdb556c50c9e8de78 -> 
  custom:SearchIndexIgnoredProperties: e643bd26f0fe6173181afceb89e7c659 -> 
  custom:AudioImporter_EditorPlatform: d09bf68614088b80899f8185d706f6e7 -> 
  custom:video-encoder-webm-vp8: eb34c28f22e8b96e1ab97ce403110664 -> 
  custom:audio-decoder-ogg-vorbis: bf7c407c2cedff20999df2af8eb42d56 -> 
  custom:audio-encoder-webm-vorbis: bf7c407c2cedff20999df2af8eb42d56 -> 
========================================================================
Received Prepare
Begin MonoManager ReloadAssembly
Symbol file LoadedFromMemory doesn't match image D:\Uni work\GAM20003\ChromaShift\ChromaShift\Library\PackageCache\com.unity.visualscripting@1.8.0\Editor\VisualScripting.Core\Dependencies\YamlDotNet\Unity.VisualScripting.YamlDotNet.dll
Symbol file LoadedFromMemory doesn't match image D:\Uni work\GAM20003\ChromaShift\ChromaShift\Library\PackageCache\com.unity.visualscripting@1.8.0\Editor\VisualScripting.Core\Dependencies\DotNetZip\Unity.VisualScripting.IonicZip.dll
- Loaded All Assemblies, in  0.432 seconds
Refreshing native plugins compatible for Editor in 1.51 ms, found 3 plugins.
Native extension for WindowsStandalone target not found
Mono: successfully reloaded assembly
- Finished resetting the current domain, in  0.813 seconds
Domain Reload Profiling: 1246ms
	BeginReloadAssembly (175ms)
		ExecutionOrderSort (0ms)
		DisableScriptedObjects (6ms)
		BackupInstance (0ms)
		ReleaseScriptingObjects (0ms)
		CreateAndSetChildDomain (33ms)
	RebuildCommonClasses (33ms)
	RebuildNativeTypeToScriptingClass (12ms)
	initialDomainReloadingComplete (23ms)
	LoadAllAssembliesAndSetupDomain (188ms)
		LoadAssemblies (278ms)
		RebuildTransferFunctionScriptingTraits (0ms)
		AnalyzeDomain (13ms)
			TypeCache.Refresh (7ms)
				TypeCache.ScanAssembly (0ms)
			ScanForSourceGeneratedMonoScriptInfo (0ms)
			ResolveRequiredComponents (5ms)
	FinalizeReload (814ms)
		ReleaseScriptCaches (0ms)
		RebuildScriptCaches (0ms)
		SetupLoadedEditorAssemblies (426ms)
			LogAssemblyErrors (0ms)
			InitializePlatformSupportModulesInManaged (4ms)
			SetLoadedEditorAssemblies (5ms)
			RefreshPlugins (0ms)
			BeforeProcessingInitializeOnLoad (53ms)
			ProcessInitializeOnLoadAttributes (328ms)
			ProcessInitializeOnLoadMethodAttributes (32ms)
			AfterProcessingInitializeOnLoad (3ms)
			EditorAssembliesLoaded (0ms)
		ExecutionOrderSort2 (0ms)
		AwakeInstancesAfterBackupRestoration (14ms)
Refreshing native plugins compatible for Editor in 2.38 ms, found 3 plugins.
Preloading 0 native plugins for Editor in 0.00 ms.
Unloading 3079 Unused Serialized files (Serialized files now loaded: 0)
Unloading 22 unused Assets / (30.5 KB). Loaded Objects now: 3632.
Memory consumption went from 119.0 MB to 119.0 MB.
Total: 5.252000 ms (FindLiveObjects: 0.636100 ms CreateObjectMapping: 0.806300 ms MarkObjects: 3.642000 ms  DeleteObjects: 0.165700 ms)

Prepare: number of updated asset objects reloaded= 0
AssetImportParameters requested are different than current active one (requested -> active):
  custom:container-demuxer-ogg: 62fdf1f143b41e24485cea50d1cbac27 -> 
  custom:video-codec-MediaFoundation-h265: 746d11721c4dcdbdad8f713fa42b33f4 -> 
  custom:video-decoder-ogg-theora: a1e56fd34408186e4bbccfd4996cb3dc -> 
  custom:framework-win-MediaFoundation: 216162199b28c13a410421893ffa2e32 -> 
  custom:CustomObjectIndexerAttribute: 756ad292c208cfabdd7b50bc23989ffe -> 
  custom:container-demuxer-webm: 4f35f7cbe854078d1ac9338744f61a02 -> 
  custom:container-muxer-webm: aa71ff27fc2769a1b78a27578f13a17b -> 
  custom:video-decoder-webm-vp8: 9c59270c3fd7afecdb556c50c9e8de78 -> 
  custom:SearchIndexIgnoredProperties: e643bd26f0fe6173181afceb89e7c659 -> 
  custom:AudioImporter_EditorPlatform: d09bf68614088b80899f8185d706f6e7 -> 
  custom:video-encoder-webm-vp8: eb34c28f22e8b96e1ab97ce403110664 -> 
  custom:audio-decoder-ogg-vorbis: bf7c407c2cedff20999df2af8eb42d56 -> 
  custom:audio-encoder-webm-vorbis: bf7c407c2cedff20999df2af8eb42d56 -> 
========================================================================
Received Import Request.
  Time since last request: 392.908783 seconds.
  path: Assets/Prefabs/Chunks/Chunk5.prefab
  artifactKey: Guid(c05d91dbaf340c544b4e51a94290d254) Importer(815301076,1909f56bfc062723c751e8b465ee728b)
Start importing Assets/Prefabs/Chunks/Chunk5.prefab using Guid(c05d91dbaf340c544b4e51a94290d254) Importer(815301076,1909f56bfc062723c751e8b465ee728b)  -> (artifact id: '3229f51dab9dfb169962c57102077605') in 0.129480 seconds
Number of updated asset objects reloaded before import = 0
Number of asset objects unloaded after import = 140
========================================================================
Received Import Request.
  Time since last request: 23.272470 seconds.
  path: Assets/Prefabs/Chunks/Chunk5.prefab
  artifactKey: Guid(c05d91dbaf340c544b4e51a94290d254) Importer(815301076,1909f56bfc062723c751e8b465ee728b)
Start importing Assets/Prefabs/Chunks/Chunk5.prefab using Guid(c05d91dbaf340c544b4e51a94290d254) Importer(815301076,1909f56bfc062723c751e8b465ee728b)  -> (artifact id: '160595bc154c8aabd953c0f405c5bd0c') in 0.035335 seconds
Number of updated asset objects reloaded before import = 0
Number of asset objects unloaded after import = 140
========================================================================
Received Import Request.
  Time since last request: 2.155308 seconds.
  path: Assets/Prefabs/Chunks/Chunk5.prefab
  artifactKey: Guid(c05d91dbaf340c544b4e51a94290d254) Importer(815301076,1909f56bfc062723c751e8b465ee728b)
Start importing Assets/Prefabs/Chunks/Chunk5.prefab using Guid(c05d91dbaf340c544b4e51a94290d254) Importer(815301076,1909f56bfc062723c751e8b465ee728b)  -> (artifact id: '62d28a6f52c81c60df9f0fc5a43010e2') in 0.036724 seconds
Number of updated asset objects reloaded before import = 0
Number of asset objects unloaded after import = 140
========================================================================
Received Import Request.
  Time since last request: 7.656857 seconds.
  path: Assets/Prefabs/Chunks/Chunk5.prefab
  artifactKey: Guid(c05d91dbaf340c544b4e51a94290d254) Importer(815301076,1909f56bfc062723c751e8b465ee728b)
Start importing Assets/Prefabs/Chunks/Chunk5.prefab using Guid(c05d91dbaf340c544b4e51a94290d254) Importer(815301076,1909f56bfc062723c751e8b465ee728b)  -> (artifact id: 'c53729e1146f3b4c0769e871568baf44') in 0.032430 seconds
Number of updated asset objects reloaded before import = 0
Number of asset objects unloaded after import = 141
========================================================================
Received Import Request.
  Time since last request: 5.173497 seconds.
  path: Assets/Prefabs/Chunks/Chunk5.prefab
  artifactKey: Guid(c05d91dbaf340c544b4e51a94290d254) Importer(815301076,1909f56bfc062723c751e8b465ee728b)
Start importing Assets/Prefabs/Chunks/Chunk5.prefab using Guid(c05d91dbaf340c544b4e51a94290d254) Importer(815301076,1909f56bfc062723c751e8b465ee728b)  -> (artifact id: 'b2a03a72272cb9924fe19ed671f87523') in 1.692555 seconds
Number of updated asset objects reloaded before import = 0
Number of asset objects unloaded after import = 141
========================================================================
Received Import Request.
  Time since last request: 9.645942 seconds.
  path: Assets/Prefabs/Chunks/Chunk5.prefab
  artifactKey: Guid(c05d91dbaf340c544b4e51a94290d254) Importer(815301076,1909f56bfc062723c751e8b465ee728b)
Start importing Assets/Prefabs/Chunks/Chunk5.prefab using Guid(c05d91dbaf340c544b4e51a94290d254) Importer(815301076,1909f56bfc062723c751e8b465ee728b)  -> (artifact id: '6fa2637925ada65ead7584d05d3f1555') in 0.034691 seconds
Number of updated asset objects reloaded before import = 0
Number of asset objects unloaded after import = 141
========================================================================
Received Prepare
Begin MonoManager ReloadAssembly
Symbol file LoadedFromMemory doesn't match image D:\Uni work\GAM20003\ChromaShift\ChromaShift\Library\PackageCache\com.unity.visualscripting@1.8.0\Editor\VisualScripting.Core\Dependencies\YamlDotNet\Unity.VisualScripting.YamlDotNet.dll
Symbol file LoadedFromMemory doesn't match image D:\Uni work\GAM20003\ChromaShift\ChromaShift\Library\PackageCache\com.unity.visualscripting@1.8.0\Editor\VisualScripting.Core\Dependencies\DotNetZip\Unity.VisualScripting.IonicZip.dll
- Loaded All Assemblies, in  0.422 seconds
Refreshing native plugins compatible for Editor in 1.52 ms, found 3 plugins.
Native extension for WindowsStandalone target not found
Mono: successfully reloaded assembly
- Finished resetting the current domain, in  0.814 seconds
Domain Reload Profiling: 1236ms
	BeginReloadAssembly (157ms)
		ExecutionOrderSort (0ms)
		DisableScriptedObjects (6ms)
		BackupInstance (0ms)
		ReleaseScriptingObjects (0ms)
		CreateAndSetChildDomain (36ms)
	RebuildCommonClasses (43ms)
	RebuildNativeTypeToScriptingClass (12ms)
	initialDomainReloadingComplete (25ms)
	LoadAllAssembliesAndSetupDomain (185ms)
		LoadAssemblies (256ms)
		RebuildTransferFunctionScriptingTraits (0ms)
		AnalyzeDomain (12ms)
			TypeCache.Refresh (5ms)
				TypeCache.ScanAssembly (0ms)
			ScanForSourceGeneratedMonoScriptInfo (0ms)
			ResolveRequiredComponents (5ms)
	FinalizeReload (815ms)
		ReleaseScriptCaches (0ms)
		RebuildScriptCaches (0ms)
		SetupLoadedEditorAssemblies (434ms)
			LogAssemblyErrors (0ms)
			InitializePlatformSupportModulesInManaged (4ms)
			SetLoadedEditorAssemblies (5ms)
			RefreshPlugins (0ms)
			BeforeProcessingInitializeOnLoad (55ms)
			ProcessInitializeOnLoadAttributes (332ms)
			ProcessInitializeOnLoadMethodAttributes (34ms)
			AfterProcessingInitializeOnLoad (3ms)
			EditorAssembliesLoaded (0ms)
		ExecutionOrderSort2 (0ms)
		AwakeInstancesAfterBackupRestoration (12ms)
Refreshing native plugins compatible for Editor in 2.70 ms, found 3 plugins.
Preloading 0 native plugins for Editor in 0.00 ms.
Unloading 3078 Unused Serialized files (Serialized files now loaded: 0)
Unloading 22 unused Assets / (30.5 KB). Loaded Objects now: 3635.
Memory consumption went from 118.8 MB to 118.8 MB.
Total: 5.561100 ms (FindLiveObjects: 0.576700 ms CreateObjectMapping: 0.334300 ms MarkObjects: 4.422100 ms  DeleteObjects: 0.223900 ms)

Prepare: number of updated asset objects reloaded= 0
AssetImportParameters requested are different than current active one (requested -> active):
  custom:container-demuxer-ogg: 62fdf1f143b41e24485cea50d1cbac27 -> 
  custom:video-codec-MediaFoundation-h265: 746d11721c4dcdbdad8f713fa42b33f4 -> 
  custom:video-decoder-ogg-theora: a1e56fd34408186e4bbccfd4996cb3dc -> 
  custom:framework-win-MediaFoundation: 216162199b28c13a410421893ffa2e32 -> 
  custom:CustomObjectIndexerAttribute: 756ad292c208cfabdd7b50bc23989ffe -> 
  custom:container-demuxer-webm: 4f35f7cbe854078d1ac9338744f61a02 -> 
  custom:container-muxer-webm: aa71ff27fc2769a1b78a27578f13a17b -> 
  custom:video-decoder-webm-vp8: 9c59270c3fd7afecdb556c50c9e8de78 -> 
  custom:SearchIndexIgnoredProperties: e643bd26f0fe6173181afceb89e7c659 -> 
  custom:AudioImporter_EditorPlatform: d09bf68614088b80899f8185d706f6e7 -> 
  custom:video-encoder-webm-vp8: eb34c28f22e8b96e1ab97ce403110664 -> 
  custom:audio-decoder-ogg-vorbis: bf7c407c2cedff20999df2af8eb42d56 -> 
  custom:audio-encoder-webm-vorbis: bf7c407c2cedff20999df2af8eb42d56 -> 
========================================================================
Received Prepare
Begin MonoManager ReloadAssembly
Symbol file LoadedFromMemory doesn't match image D:\Uni work\GAM20003\ChromaShift\ChromaShift\Library\PackageCache\com.unity.visualscripting@1.8.0\Editor\VisualScripting.Core\Dependencies\YamlDotNet\Unity.VisualScripting.YamlDotNet.dll
Symbol file LoadedFromMemory doesn't match image D:\Uni work\GAM20003\ChromaShift\ChromaShift\Library\PackageCache\com.unity.visualscripting@1.8.0\Editor\VisualScripting.Core\Dependencies\DotNetZip\Unity.VisualScripting.IonicZip.dll
- Loaded All Assemblies, in  0.418 seconds
Refreshing native plugins compatible for Editor in 1.60 ms, found 3 plugins.
Native extension for WindowsStandalone target not found
Mono: successfully reloaded assembly
- Finished resetting the current domain, in  0.748 seconds
Domain Reload Profiling: 1166ms
	BeginReloadAssembly (150ms)
		ExecutionOrderSort (0ms)
		DisableScriptedObjects (6ms)
		BackupInstance (0ms)
		ReleaseScriptingObjects (0ms)
		CreateAndSetChildDomain (35ms)
	RebuildCommonClasses (33ms)
	RebuildNativeTypeToScriptingClass (12ms)
	initialDomainReloadingComplete (25ms)
	LoadAllAssembliesAndSetupDomain (197ms)
		LoadAssemblies (264ms)
		RebuildTransferFunctionScriptingTraits (0ms)
		AnalyzeDomain (14ms)
			TypeCache.Refresh (7ms)
				TypeCache.ScanAssembly (0ms)
			ScanForSourceGeneratedMonoScriptInfo (0ms)
			ResolveRequiredComponents (5ms)
	FinalizeReload (749ms)
		ReleaseScriptCaches (0ms)
		RebuildScriptCaches (0ms)
		SetupLoadedEditorAssemblies (379ms)
			LogAssemblyErrors (0ms)
			InitializePlatformSupportModulesInManaged (4ms)
			SetLoadedEditorAssemblies (5ms)
			RefreshPlugins (0ms)
			BeforeProcessingInitializeOnLoad (53ms)
			ProcessInitializeOnLoadAttributes (295ms)
			ProcessInitializeOnLoadMethodAttributes (20ms)
			AfterProcessingInitializeOnLoad (2ms)
			EditorAssembliesLoaded (0ms)
		ExecutionOrderSort2 (0ms)
		AwakeInstancesAfterBackupRestoration (7ms)
Refreshing native plugins compatible for Editor in 1.50 ms, found 3 plugins.
Preloading 0 native plugins for Editor in 0.00 ms.
Unloading 3079 Unused Serialized files (Serialized files now loaded: 0)
Unloading 22 unused Assets / (30.5 KB). Loaded Objects now: 3638.
Memory consumption went from 119.1 MB to 119.0 MB.
Total: 3.047100 ms (FindLiveObjects: 0.248200 ms CreateObjectMapping: 0.183900 ms MarkObjects: 2.572200 ms  DeleteObjects: 0.041800 ms)

Prepare: number of updated asset objects reloaded= 0
AssetImportParameters requested are different than current active one (requested -> active):
  custom:container-demuxer-ogg: 62fdf1f143b41e24485cea50d1cbac27 -> 
  custom:video-codec-MediaFoundation-h265: 746d11721c4dcdbdad8f713fa42b33f4 -> 
  custom:video-decoder-ogg-theora: a1e56fd34408186e4bbccfd4996cb3dc -> 
  custom:framework-win-MediaFoundation: 216162199b28c13a410421893ffa2e32 -> 
  custom:CustomObjectIndexerAttribute: 756ad292c208cfabdd7b50bc23989ffe -> 
  custom:container-demuxer-webm: 4f35f7cbe854078d1ac9338744f61a02 -> 
  custom:container-muxer-webm: aa71ff27fc2769a1b78a27578f13a17b -> 
  custom:video-decoder-webm-vp8: 9c59270c3fd7afecdb556c50c9e8de78 -> 
  custom:SearchIndexIgnoredProperties: e643bd26f0fe6173181afceb89e7c659 -> 
  custom:AudioImporter_EditorPlatform: d09bf68614088b80899f8185d706f6e7 -> 
  custom:video-encoder-webm-vp8: eb34c28f22e8b96e1ab97ce403110664 -> 
  custom:audio-decoder-ogg-vorbis: bf7c407c2cedff20999df2af8eb42d56 -> 
  custom:audio-encoder-webm-vorbis: bf7c407c2cedff20999df2af8eb42d56 -> 
========================================================================
Received Prepare
Begin MonoManager ReloadAssembly
Symbol file LoadedFromMemory doesn't match image D:\Uni work\GAM20003\ChromaShift\ChromaShift\Library\PackageCache\com.unity.visualscripting@1.8.0\Editor\VisualScripting.Core\Dependencies\YamlDotNet\Unity.VisualScripting.YamlDotNet.dll
Symbol file LoadedFromMemory doesn't match image D:\Uni work\GAM20003\ChromaShift\ChromaShift\Library\PackageCache\com.unity.visualscripting@1.8.0\Editor\VisualScripting.Core\Dependencies\DotNetZip\Unity.VisualScripting.IonicZip.dll
- Loaded All Assemblies, in  0.422 seconds
Refreshing native plugins compatible for Editor in 1.64 ms, found 3 plugins.
Native extension for WindowsStandalone target not found
Mono: successfully reloaded assembly
- Finished resetting the current domain, in  0.807 seconds
Domain Reload Profiling: 1230ms
	BeginReloadAssembly (158ms)
		ExecutionOrderSort (0ms)
		DisableScriptedObjects (11ms)
		BackupInstance (0ms)
		ReleaseScriptingObjects (0ms)
		CreateAndSetChildDomain (33ms)
	RebuildCommonClasses (33ms)
	RebuildNativeTypeToScriptingClass (12ms)
	initialDomainReloadingComplete (25ms)
	LoadAllAssembliesAndSetupDomain (193ms)
		LoadAssemblies (261ms)
		RebuildTransferFunctionScriptingTraits (0ms)
		AnalyzeDomain (14ms)
			TypeCache.Refresh (7ms)
				TypeCache.ScanAssembly (0ms)
			ScanForSourceGeneratedMonoScriptInfo (0ms)
			ResolveRequiredComponents (5ms)
	FinalizeReload (808ms)
		ReleaseScriptCaches (0ms)
		RebuildScriptCaches (0ms)
		SetupLoadedEditorAssemblies (423ms)
			LogAssemblyErrors (0ms)
			InitializePlatformSupportModulesInManaged (5ms)
			SetLoadedEditorAssemblies (5ms)
			RefreshPlugins (0ms)
			BeforeProcessingInitializeOnLoad (84ms)
			ProcessInitializeOnLoadAttributes (298ms)
			ProcessInitializeOnLoadMethodAttributes (28ms)
			AfterProcessingInitializeOnLoad (3ms)
			EditorAssembliesLoaded (0ms)
		ExecutionOrderSort2 (0ms)
		AwakeInstancesAfterBackupRestoration (10ms)
Refreshing native plugins compatible for Editor in 1.76 ms, found 3 plugins.
Preloading 0 native plugins for Editor in 0.00 ms.
Unloading 3079 Unused Serialized files (Serialized files now loaded: 0)
Unloading 22 unused Assets / (30.5 KB). Loaded Objects now: 3641.
Memory consumption went from 119.1 MB to 119.0 MB.
Total: 3.727900 ms (FindLiveObjects: 0.267600 ms CreateObjectMapping: 0.208100 ms MarkObjects: 3.191300 ms  DeleteObjects: 0.059700 ms)

Prepare: number of updated asset objects reloaded= 0
AssetImportParameters requested are different than current active one (requested -> active):
  custom:container-demuxer-ogg: 62fdf1f143b41e24485cea50d1cbac27 -> 
  custom:video-codec-MediaFoundation-h265: 746d11721c4dcdbdad8f713fa42b33f4 -> 
  custom:video-decoder-ogg-theora: a1e56fd34408186e4bbccfd4996cb3dc -> 
  custom:framework-win-MediaFoundation: 216162199b28c13a410421893ffa2e32 -> 
  custom:CustomObjectIndexerAttribute: 756ad292c208cfabdd7b50bc23989ffe -> 
  custom:container-demuxer-webm: 4f35f7cbe854078d1ac9338744f61a02 -> 
  custom:container-muxer-webm: aa71ff27fc2769a1b78a27578f13a17b -> 
  custom:video-decoder-webm-vp8: 9c59270c3fd7afecdb556c50c9e8de78 -> 
  custom:SearchIndexIgnoredProperties: e643bd26f0fe6173181afceb89e7c659 -> 
  custom:AudioImporter_EditorPlatform: d09bf68614088b80899f8185d706f6e7 -> 
  custom:video-encoder-webm-vp8: eb34c28f22e8b96e1ab97ce403110664 -> 
  custom:audio-decoder-ogg-vorbis: bf7c407c2cedff20999df2af8eb42d56 -> 
  custom:audio-encoder-webm-vorbis: bf7c407c2cedff20999df2af8eb42d56 -> 
========================================================================
Received Prepare
Begin MonoManager ReloadAssembly
Symbol file LoadedFromMemory doesn't match image D:\Uni work\GAM20003\ChromaShift\ChromaShift\Library\PackageCache\com.unity.visualscripting@1.8.0\Editor\VisualScripting.Core\Dependencies\YamlDotNet\Unity.VisualScripting.YamlDotNet.dll
Symbol file LoadedFromMemory doesn't match image D:\Uni work\GAM20003\ChromaShift\ChromaShift\Library\PackageCache\com.unity.visualscripting@1.8.0\Editor\VisualScripting.Core\Dependencies\DotNetZip\Unity.VisualScripting.IonicZip.dll
- Loaded All Assemblies, in  0.409 seconds
Refreshing native plugins compatible for Editor in 1.64 ms, found 3 plugins.
Native extension for WindowsStandalone target not found
Mono: successfully reloaded assembly
- Finished resetting the current domain, in  0.729 seconds
Domain Reload Profiling: 1138ms
	BeginReloadAssembly (150ms)
		ExecutionOrderSort (0ms)
		DisableScriptedObjects (6ms)
		BackupInstance (0ms)
		ReleaseScriptingObjects (0ms)
		CreateAndSetChildDomain (37ms)
	RebuildCommonClasses (33ms)
	RebuildNativeTypeToScriptingClass (12ms)
	initialDomainReloadingComplete (23ms)
	LoadAllAssembliesAndSetupDomain (190ms)
		LoadAssemblies (257ms)
		RebuildTransferFunctionScriptingTraits (0ms)
		AnalyzeDomain (12ms)
			TypeCache.Refresh (5ms)
				TypeCache.ScanAssembly (0ms)
			ScanForSourceGeneratedMonoScriptInfo (0ms)
			ResolveRequiredComponents (5ms)
	FinalizeReload (729ms)
		ReleaseScriptCaches (0ms)
		RebuildScriptCaches (0ms)
		SetupLoadedEditorAssemblies (346ms)
			LogAssemblyErrors (0ms)
			InitializePlatformSupportModulesInManaged (5ms)
			SetLoadedEditorAssemblies (5ms)
			RefreshPlugins (0ms)
			BeforeProcessingInitializeOnLoad (54ms)
			ProcessInitializeOnLoadAttributes (253ms)
			ProcessInitializeOnLoadMethodAttributes (25ms)
			AfterProcessingInitializeOnLoad (3ms)
			EditorAssembliesLoaded (0ms)
		ExecutionOrderSort2 (0ms)
		AwakeInstancesAfterBackupRestoration (9ms)
Refreshing native plugins compatible for Editor in 1.52 ms, found 3 plugins.
Preloading 0 native plugins for Editor in 0.00 ms.
Unloading 3079 Unused Serialized files (Serialized files now loaded: 0)
Unloading 22 unused Assets / (30.5 KB). Loaded Objects now: 3644.
Memory consumption went from 119.1 MB to 119.0 MB.
Total: 6.741900 ms (FindLiveObjects: 0.319700 ms CreateObjectMapping: 0.248100 ms MarkObjects: 6.052100 ms  DeleteObjects: 0.120400 ms)

Prepare: number of updated asset objects reloaded= 0
AssetImportParameters requested are different than current active one (requested -> active):
  custom:container-demuxer-ogg: 62fdf1f143b41e24485cea50d1cbac27 -> 
  custom:video-codec-MediaFoundation-h265: 746d11721c4dcdbdad8f713fa42b33f4 -> 
  custom:video-decoder-ogg-theora: a1e56fd34408186e4bbccfd4996cb3dc -> 
  custom:framework-win-MediaFoundation: 216162199b28c13a410421893ffa2e32 -> 
  custom:CustomObjectIndexerAttribute: 756ad292c208cfabdd7b50bc23989ffe -> 
  custom:container-demuxer-webm: 4f35f7cbe854078d1ac9338744f61a02 -> 
  custom:container-muxer-webm: aa71ff27fc2769a1b78a27578f13a17b -> 
  custom:video-decoder-webm-vp8: 9c59270c3fd7afecdb556c50c9e8de78 -> 
  custom:SearchIndexIgnoredProperties: e643bd26f0fe6173181afceb89e7c659 -> 
  custom:AudioImporter_EditorPlatform: d09bf68614088b80899f8185d706f6e7 -> 
  custom:video-encoder-webm-vp8: eb34c28f22e8b96e1ab97ce403110664 -> 
  custom:audio-decoder-ogg-vorbis: bf7c407c2cedff20999df2af8eb42d56 -> 
  custom:audio-encoder-webm-vorbis: bf7c407c2cedff20999df2af8eb42d56 -> 
========================================================================
Received Prepare
Begin MonoManager ReloadAssembly
Symbol file LoadedFromMemory doesn't match image D:\Uni work\GAM20003\ChromaShift\ChromaShift\Library\PackageCache\com.unity.visualscripting@1.8.0\Editor\VisualScripting.Core\Dependencies\YamlDotNet\Unity.VisualScripting.YamlDotNet.dll
Symbol file LoadedFromMemory doesn't match image D:\Uni work\GAM20003\ChromaShift\ChromaShift\Library\PackageCache\com.unity.visualscripting@1.8.0\Editor\VisualScripting.Core\Dependencies\DotNetZip\Unity.VisualScripting.IonicZip.dll
- Loaded All Assemblies, in  0.404 seconds
Refreshing native plugins compatible for Editor in 1.68 ms, found 3 plugins.
Native extension for WindowsStandalone target not found
Mono: successfully reloaded assembly
- Finished resetting the current domain, in  0.865 seconds
Domain Reload Profiling: 1269ms
	BeginReloadAssembly (151ms)
		ExecutionOrderSort (0ms)
		DisableScriptedObjects (10ms)
		BackupInstance (0ms)
		ReleaseScriptingObjects (0ms)
		CreateAndSetChildDomain (31ms)
	RebuildCommonClasses (33ms)
	RebuildNativeTypeToScriptingClass (12ms)
	initialDomainReloadingComplete (24ms)
	LoadAllAssembliesAndSetupDomain (184ms)
		LoadAssemblies (252ms)
		RebuildTransferFunctionScriptingTraits (0ms)
		AnalyzeDomain (13ms)
			TypeCache.Refresh (7ms)
				TypeCache.ScanAssembly (0ms)
			ScanForSourceGeneratedMonoScriptInfo (0ms)
			ResolveRequiredComponents (5ms)
	FinalizeReload (866ms)
		ReleaseScriptCaches (0ms)
		RebuildScriptCaches (0ms)
		SetupLoadedEditorAssemblies (487ms)
			LogAssemblyErrors (0ms)
			InitializePlatformSupportModulesInManaged (6ms)
			SetLoadedEditorAssemblies (10ms)
			RefreshPlugins (0ms)
			BeforeProcessingInitializeOnLoad (89ms)
			ProcessInitializeOnLoadAttributes (347ms)
			ProcessInitializeOnLoadMethodAttributes (30ms)
			AfterProcessingInitializeOnLoad (4ms)
			EditorAssembliesLoaded (0ms)
		ExecutionOrderSort2 (0ms)
		AwakeInstancesAfterBackupRestoration (11ms)
Refreshing native plugins compatible for Editor in 2.45 ms, found 3 plugins.
Preloading 0 native plugins for Editor in 0.00 ms.
Unloading 3079 Unused Serialized files (Serialized files now loaded: 0)
Unloading 22 unused Assets / (30.5 KB). Loaded Objects now: 3647.
Memory consumption went from 119.1 MB to 119.0 MB.
Total: 4.569100 ms (FindLiveObjects: 0.364700 ms CreateObjectMapping: 0.294500 ms MarkObjects: 3.664300 ms  DeleteObjects: 0.241700 ms)

Prepare: number of updated asset objects reloaded= 0
AssetImportParameters requested are different than current active one (requested -> active):
  custom:container-demuxer-ogg: 62fdf1f143b41e24485cea50d1cbac27 -> 
  custom:video-codec-MediaFoundation-h265: 746d11721c4dcdbdad8f713fa42b33f4 -> 
  custom:video-decoder-ogg-theora: a1e56fd34408186e4bbccfd4996cb3dc -> 
  custom:framework-win-MediaFoundation: 216162199b28c13a410421893ffa2e32 -> 
  custom:CustomObjectIndexerAttribute: 756ad292c208cfabdd7b50bc23989ffe -> 
  custom:container-demuxer-webm: 4f35f7cbe854078d1ac9338744f61a02 -> 
  custom:container-muxer-webm: aa71ff27fc2769a1b78a27578f13a17b -> 
  custom:video-decoder-webm-vp8: 9c59270c3fd7afecdb556c50c9e8de78 -> 
  custom:SearchIndexIgnoredProperties: e643bd26f0fe6173181afceb89e7c659 -> 
  custom:AudioImporter_EditorPlatform: d09bf68614088b80899f8185d706f6e7 -> 
  custom:video-encoder-webm-vp8: eb34c28f22e8b96e1ab97ce403110664 -> 
  custom:audio-decoder-ogg-vorbis: bf7c407c2cedff20999df2af8eb42d56 -> 
  custom:audio-encoder-webm-vorbis: bf7c407c2cedff20999df2af8eb42d56 -> 
========================================================================
Received Prepare
Begin MonoManager ReloadAssembly
Symbol file LoadedFromMemory doesn't match image D:\Uni work\GAM20003\ChromaShift\ChromaShift\Library\PackageCache\com.unity.visualscripting@1.8.0\Editor\VisualScripting.Core\Dependencies\YamlDotNet\Unity.VisualScripting.YamlDotNet.dll
Symbol file LoadedFromMemory doesn't match image D:\Uni work\GAM20003\ChromaShift\ChromaShift\Library\PackageCache\com.unity.visualscripting@1.8.0\Editor\VisualScripting.Core\Dependencies\DotNetZip\Unity.VisualScripting.IonicZip.dll
- Loaded All Assemblies, in  0.404 seconds
Refreshing native plugins compatible for Editor in 1.89 ms, found 3 plugins.
Native extension for WindowsStandalone target not found
Mono: successfully reloaded assembly
- Finished resetting the current domain, in  0.717 seconds
Domain Reload Profiling: 1121ms
	BeginReloadAssembly (148ms)
		ExecutionOrderSort (0ms)
		DisableScriptedObjects (6ms)
		BackupInstance (0ms)
		ReleaseScriptingObjects (0ms)
		CreateAndSetChildDomain (32ms)
	RebuildCommonClasses (37ms)
	RebuildNativeTypeToScriptingClass (12ms)
	initialDomainReloadingComplete (25ms)
	LoadAllAssembliesAndSetupDomain (182ms)
		LoadAssemblies (249ms)
		RebuildTransferFunctionScriptingTraits (0ms)
		AnalyzeDomain (14ms)
			TypeCache.Refresh (7ms)
				TypeCache.ScanAssembly (0ms)
			ScanForSourceGeneratedMonoScriptInfo (0ms)
			ResolveRequiredComponents (5ms)
	FinalizeReload (718ms)
		ReleaseScriptCaches (0ms)
		RebuildScriptCaches (0ms)
		SetupLoadedEditorAssemblies (348ms)
			LogAssemblyErrors (0ms)
			InitializePlatformSupportModulesInManaged (4ms)
			SetLoadedEditorAssemblies (5ms)
			RefreshPlugins (0ms)
			BeforeProcessingInitializeOnLoad (56ms)
			ProcessInitializeOnLoadAttributes (260ms)
			ProcessInitializeOnLoadMethodAttributes (19ms)
			AfterProcessingInitializeOnLoad (2ms)
			EditorAssembliesLoaded (0ms)
		ExecutionOrderSort2 (0ms)
		AwakeInstancesAfterBackupRestoration (7ms)
Refreshing native plugins compatible for Editor in 1.95 ms, found 3 plugins.
Preloading 0 native plugins for Editor in 0.00 ms.
Unloading 3079 Unused Serialized files (Serialized files now loaded: 0)
Unloading 22 unused Assets / (30.6 KB). Loaded Objects now: 3650.
Memory consumption went from 119.1 MB to 119.0 MB.
Total: 5.246000 ms (FindLiveObjects: 0.346900 ms CreateObjectMapping: 0.398000 ms MarkObjects: 4.443300 ms  DeleteObjects: 0.056900 ms)

Prepare: number of updated asset objects reloaded= 0
AssetImportParameters requested are different than current active one (requested -> active):
  custom:container-demuxer-ogg: 62fdf1f143b41e24485cea50d1cbac27 -> 
  custom:video-codec-MediaFoundation-h265: 746d11721c4dcdbdad8f713fa42b33f4 -> 
  custom:video-decoder-ogg-theora: a1e56fd34408186e4bbccfd4996cb3dc -> 
  custom:framework-win-MediaFoundation: 216162199b28c13a410421893ffa2e32 -> 
  custom:CustomObjectIndexerAttribute: 756ad292c208cfabdd7b50bc23989ffe -> 
  custom:container-demuxer-webm: 4f35f7cbe854078d1ac9338744f61a02 -> 
  custom:container-muxer-webm: aa71ff27fc2769a1b78a27578f13a17b -> 
  custom:video-decoder-webm-vp8: 9c59270c3fd7afecdb556c50c9e8de78 -> 
  custom:SearchIndexIgnoredProperties: e643bd26f0fe6173181afceb89e7c659 -> 
  custom:AudioImporter_EditorPlatform: d09bf68614088b80899f8185d706f6e7 -> 
  custom:video-encoder-webm-vp8: eb34c28f22e8b96e1ab97ce403110664 -> 
  custom:audio-decoder-ogg-vorbis: bf7c407c2cedff20999df2af8eb42d56 -> 
  custom:audio-encoder-webm-vorbis: bf7c407c2cedff20999df2af8eb42d56 -> 
========================================================================
Received Import Request.
  Time since last request: 143.624995 seconds.
  path: Assets/Prefabs/Chunks/Chunk5.prefab
  artifactKey: Guid(c05d91dbaf340c544b4e51a94290d254) Importer(815301076,1909f56bfc062723c751e8b465ee728b)
Start importing Assets/Prefabs/Chunks/Chunk5.prefab using Guid(c05d91dbaf340c544b4e51a94290d254) Importer(815301076,1909f56bfc062723c751e8b465ee728b)  -> (artifact id: 'e38ae6b121c15e280b2400bfa1c3a8a1') in 0.122688 seconds
Number of updated asset objects reloaded before import = 0
Number of asset objects unloaded after import = 141
========================================================================
Received Prepare
Begin MonoManager ReloadAssembly
Symbol file LoadedFromMemory doesn't match image D:\Uni work\GAM20003\ChromaShift\ChromaShift\Library\PackageCache\com.unity.visualscripting@1.8.0\Editor\VisualScripting.Core\Dependencies\YamlDotNet\Unity.VisualScripting.YamlDotNet.dll
Symbol file LoadedFromMemory doesn't match image D:\Uni work\GAM20003\ChromaShift\ChromaShift\Library\PackageCache\com.unity.visualscripting@1.8.0\Editor\VisualScripting.Core\Dependencies\DotNetZip\Unity.VisualScripting.IonicZip.dll
- Loaded All Assemblies, in  0.432 seconds
Refreshing native plugins compatible for Editor in 1.54 ms, found 3 plugins.
Native extension for WindowsStandalone target not found
Mono: successfully reloaded assembly
- Finished resetting the current domain, in  0.842 seconds
Domain Reload Profiling: 1274ms
	BeginReloadAssembly (159ms)
		ExecutionOrderSort (0ms)
		DisableScriptedObjects (5ms)
		BackupInstance (0ms)
		ReleaseScriptingObjects (0ms)
		CreateAndSetChildDomain (35ms)
	RebuildCommonClasses (35ms)
	RebuildNativeTypeToScriptingClass (18ms)
	initialDomainReloadingComplete (29ms)
	LoadAllAssembliesAndSetupDomain (191ms)
		LoadAssemblies (269ms)
		RebuildTransferFunctionScriptingTraits (0ms)
		AnalyzeDomain (12ms)
			TypeCache.Refresh (5ms)
				TypeCache.ScanAssembly (0ms)
			ScanForSourceGeneratedMonoScriptInfo (0ms)
			ResolveRequiredComponents (5ms)
	FinalizeReload (842ms)
		ReleaseScriptCaches (0ms)
		RebuildScriptCaches (0ms)
		SetupLoadedEditorAssemblies (458ms)
			LogAssemblyErrors (0ms)
			InitializePlatformSupportModulesInManaged (4ms)
			SetLoadedEditorAssemblies (5ms)
			RefreshPlugins (0ms)
			BeforeProcessingInitializeOnLoad (62ms)
			ProcessInitializeOnLoadAttributes (347ms)
			ProcessInitializeOnLoadMethodAttributes (36ms)
			AfterProcessingInitializeOnLoad (3ms)
			EditorAssembliesLoaded (0ms)
		ExecutionOrderSort2 (0ms)
		AwakeInstancesAfterBackupRestoration (11ms)
Refreshing native plugins compatible for Editor in 2.68 ms, found 3 plugins.
Preloading 0 native plugins for Editor in 0.00 ms.
Unloading 3078 Unused Serialized files (Serialized files now loaded: 0)
Unloading 22 unused Assets / (30.5 KB). Loaded Objects now: 3653.
Memory consumption went from 118.8 MB to 118.8 MB.
Total: 5.618600 ms (FindLiveObjects: 0.542900 ms CreateObjectMapping: 0.682400 ms MarkObjects: 4.300700 ms  DeleteObjects: 0.090800 ms)

Prepare: number of updated asset objects reloaded= 0
AssetImportParameters requested are different than current active one (requested -> active):
  custom:container-demuxer-ogg: 62fdf1f143b41e24485cea50d1cbac27 -> 
  custom:video-codec-MediaFoundation-h265: 746d11721c4dcdbdad8f713fa42b33f4 -> 
  custom:video-decoder-ogg-theora: a1e56fd34408186e4bbccfd4996cb3dc -> 
  custom:framework-win-MediaFoundation: 216162199b28c13a410421893ffa2e32 -> 
  custom:CustomObjectIndexerAttribute: 756ad292c208cfabdd7b50bc23989ffe -> 
  custom:container-demuxer-webm: 4f35f7cbe854078d1ac9338744f61a02 -> 
  custom:container-muxer-webm: aa71ff27fc2769a1b78a27578f13a17b -> 
  custom:video-decoder-webm-vp8: 9c59270c3fd7afecdb556c50c9e8de78 -> 
  custom:SearchIndexIgnoredProperties: e643bd26f0fe6173181afceb89e7c659 -> 
  custom:AudioImporter_EditorPlatform: d09bf68614088b80899f8185d706f6e7 -> 
  custom:video-encoder-webm-vp8: eb34c28f22e8b96e1ab97ce403110664 -> 
  custom:audio-decoder-ogg-vorbis: bf7c407c2cedff20999df2af8eb42d56 -> 
  custom:audio-encoder-webm-vorbis: bf7c407c2cedff20999df2af8eb42d56 -> 
========================================================================
Received Import Request.
  Time since last request: 29.084849 seconds.
  path: Assets/Prefabs/Chunks/Chunk5.prefab
  artifactKey: Guid(c05d91dbaf340c544b4e51a94290d254) Importer(815301076,1909f56bfc062723c751e8b465ee728b)
Start importing Assets/Prefabs/Chunks/Chunk5.prefab using Guid(c05d91dbaf340c544b4e51a94290d254) Importer(815301076,1909f56bfc062723c751e8b465ee728b)  -> (artifact id: '54ea0809d1c9d97923076af55276d5e8') in 0.136630 seconds
Number of updated asset objects reloaded before import = 0
Number of asset objects unloaded after import = 141
========================================================================
Received Prepare
Begin MonoManager ReloadAssembly
Symbol file LoadedFromMemory doesn't match image D:\Uni work\GAM20003\ChromaShift\ChromaShift\Library\PackageCache\com.unity.visualscripting@1.8.0\Editor\VisualScripting.Core\Dependencies\YamlDotNet\Unity.VisualScripting.YamlDotNet.dll
Symbol file LoadedFromMemory doesn't match image D:\Uni work\GAM20003\ChromaShift\ChromaShift\Library\PackageCache\com.unity.visualscripting@1.8.0\Editor\VisualScripting.Core\Dependencies\DotNetZip\Unity.VisualScripting.IonicZip.dll
- Loaded All Assemblies, in  0.415 seconds
Refreshing native plugins compatible for Editor in 1.59 ms, found 3 plugins.
Native extension for WindowsStandalone target not found
Mono: successfully reloaded assembly
- Finished resetting the current domain, in  0.846 seconds
Domain Reload Profiling: 1261ms
	BeginReloadAssembly (153ms)
		ExecutionOrderSort (0ms)
		DisableScriptedObjects (5ms)
		BackupInstance (0ms)
		ReleaseScriptingObjects (0ms)
		CreateAndSetChildDomain (34ms)
	RebuildCommonClasses (34ms)
	RebuildNativeTypeToScriptingClass (12ms)
	initialDomainReloadingComplete (24ms)
	LoadAllAssembliesAndSetupDomain (191ms)
		LoadAssemblies (262ms)
		RebuildTransferFunctionScriptingTraits (0ms)
		AnalyzeDomain (14ms)
			TypeCache.Refresh (7ms)
				TypeCache.ScanAssembly (0ms)
			ScanForSourceGeneratedMonoScriptInfo (0ms)
			ResolveRequiredComponents (5ms)
	FinalizeReload (847ms)
		ReleaseScriptCaches (0ms)
		RebuildScriptCaches (0ms)
		SetupLoadedEditorAssemblies (458ms)
			LogAssemblyErrors (0ms)
			InitializePlatformSupportModulesInManaged (4ms)
			SetLoadedEditorAssemblies (5ms)
			RefreshPlugins (0ms)
			BeforeProcessingInitializeOnLoad (54ms)
			ProcessInitializeOnLoadAttributes (358ms)
			ProcessInitializeOnLoadMethodAttributes (33ms)
			AfterProcessingInitializeOnLoad (3ms)
			EditorAssembliesLoaded (0ms)
		ExecutionOrderSort2 (0ms)
		AwakeInstancesAfterBackupRestoration (11ms)
Refreshing native plugins compatible for Editor in 2.02 ms, found 3 plugins.
Preloading 0 native plugins for Editor in 0.00 ms.
Unloading 3078 Unused Serialized files (Serialized files now loaded: 0)
Unloading 22 unused Assets / (30.5 KB). Loaded Objects now: 3656.
Memory consumption went from 118.8 MB to 118.8 MB.
Total: 5.720500 ms (FindLiveObjects: 0.386400 ms CreateObjectMapping: 0.430900 ms MarkObjects: 4.839800 ms  DeleteObjects: 0.060200 ms)

Prepare: number of updated asset objects reloaded= 0
AssetImportParameters requested are different than current active one (requested -> active):
  custom:container-demuxer-ogg: 62fdf1f143b41e24485cea50d1cbac27 -> 
  custom:video-codec-MediaFoundation-h265: 746d11721c4dcdbdad8f713fa42b33f4 -> 
  custom:video-decoder-ogg-theora: a1e56fd34408186e4bbccfd4996cb3dc -> 
  custom:framework-win-MediaFoundation: 216162199b28c13a410421893ffa2e32 -> 
  custom:CustomObjectIndexerAttribute: 756ad292c208cfabdd7b50bc23989ffe -> 
  custom:container-demuxer-webm: 4f35f7cbe854078d1ac9338744f61a02 -> 
  custom:container-muxer-webm: aa71ff27fc2769a1b78a27578f13a17b -> 
  custom:video-decoder-webm-vp8: 9c59270c3fd7afecdb556c50c9e8de78 -> 
  custom:SearchIndexIgnoredProperties: e643bd26f0fe6173181afceb89e7c659 -> 
  custom:AudioImporter_EditorPlatform: d09bf68614088b80899f8185d706f6e7 -> 
  custom:video-encoder-webm-vp8: eb34c28f22e8b96e1ab97ce403110664 -> 
  custom:audio-decoder-ogg-vorbis: bf7c407c2cedff20999df2af8eb42d56 -> 
  custom:audio-encoder-webm-vorbis: bf7c407c2cedff20999df2af8eb42d56 -> 
========================================================================
Received Prepare
Begin MonoManager ReloadAssembly
Symbol file LoadedFromMemory doesn't match image D:\Uni work\GAM20003\ChromaShift\ChromaShift\Library\PackageCache\com.unity.visualscripting@1.8.0\Editor\VisualScripting.Core\Dependencies\YamlDotNet\Unity.VisualScripting.YamlDotNet.dll
Symbol file LoadedFromMemory doesn't match image D:\Uni work\GAM20003\ChromaShift\ChromaShift\Library\PackageCache\com.unity.visualscripting@1.8.0\Editor\VisualScripting.Core\Dependencies\DotNetZip\Unity.VisualScripting.IonicZip.dll
- Loaded All Assemblies, in  0.417 seconds
Refreshing native plugins compatible for Editor in 1.55 ms, found 3 plugins.
Native extension for WindowsStandalone target not found
Mono: successfully reloaded assembly
- Finished resetting the current domain, in  0.832 seconds
Domain Reload Profiling: 1249ms
	BeginReloadAssembly (156ms)
		ExecutionOrderSort (0ms)
		DisableScriptedObjects (6ms)
		BackupInstance (0ms)
		ReleaseScriptingObjects (0ms)
		CreateAndSetChildDomain (34ms)
	RebuildCommonClasses (33ms)
	RebuildNativeTypeToScriptingClass (12ms)
	initialDomainReloadingComplete (26ms)
	LoadAllAssembliesAndSetupDomain (189ms)
		LoadAssemblies (262ms)
		RebuildTransferFunctionScriptingTraits (0ms)
		AnalyzeDomain (15ms)
			TypeCache.Refresh (8ms)
				TypeCache.ScanAssembly (0ms)
			ScanForSourceGeneratedMonoScriptInfo (0ms)
			ResolveRequiredComponents (5ms)
	FinalizeReload (833ms)
		ReleaseScriptCaches (0ms)
		RebuildScriptCaches (0ms)
		SetupLoadedEditorAssemblies (451ms)
			LogAssemblyErrors (0ms)
			InitializePlatformSupportModulesInManaged (4ms)
			SetLoadedEditorAssemblies (5ms)
			RefreshPlugins (0ms)
			BeforeProcessingInitializeOnLoad (54ms)
			ProcessInitializeOnLoadAttributes (352ms)
			ProcessInitializeOnLoadMethodAttributes (32ms)
			AfterProcessingInitializeOnLoad (3ms)
			EditorAssembliesLoaded (0ms)
		ExecutionOrderSort2 (0ms)
		AwakeInstancesAfterBackupRestoration (13ms)
Refreshing native plugins compatible for Editor in 1.77 ms, found 3 plugins.
Preloading 0 native plugins for Editor in 0.00 ms.
Unloading 3079 Unused Serialized files (Serialized files now loaded: 0)
Unloading 22 unused Assets / (30.5 KB). Loaded Objects now: 3659.
Memory consumption went from 119.1 MB to 119.0 MB.
Total: 4.039300 ms (FindLiveObjects: 0.342500 ms CreateObjectMapping: 0.431500 ms MarkObjects: 3.218700 ms  DeleteObjects: 0.045700 ms)

Prepare: number of updated asset objects reloaded= 0
AssetImportParameters requested are different than current active one (requested -> active):
  custom:container-demuxer-ogg: 62fdf1f143b41e24485cea50d1cbac27 -> 
  custom:video-codec-MediaFoundation-h265: 746d11721c4dcdbdad8f713fa42b33f4 -> 
  custom:video-decoder-ogg-theora: a1e56fd34408186e4bbccfd4996cb3dc -> 
  custom:framework-win-MediaFoundation: 216162199b28c13a410421893ffa2e32 -> 
  custom:CustomObjectIndexerAttribute: 756ad292c208cfabdd7b50bc23989ffe -> 
  custom:container-demuxer-webm: 4f35f7cbe854078d1ac9338744f61a02 -> 
  custom:container-muxer-webm: aa71ff27fc2769a1b78a27578f13a17b -> 
  custom:video-decoder-webm-vp8: 9c59270c3fd7afecdb556c50c9e8de78 -> 
  custom:SearchIndexIgnoredProperties: e643bd26f0fe6173181afceb89e7c659 -> 
  custom:AudioImporter_EditorPlatform: d09bf68614088b80899f8185d706f6e7 -> 
  custom:video-encoder-webm-vp8: eb34c28f22e8b96e1ab97ce403110664 -> 
  custom:audio-decoder-ogg-vorbis: bf7c407c2cedff20999df2af8eb42d56 -> 
  custom:audio-encoder-webm-vorbis: bf7c407c2cedff20999df2af8eb42d56 -> 
========================================================================
Received Import Request.
  Time since last request: 114.885607 seconds.
  path: Assets/Prefabs/Chunks/Chunk5.prefab
  artifactKey: Guid(c05d91dbaf340c544b4e51a94290d254) Importer(815301076,1909f56bfc062723c751e8b465ee728b)
Start importing Assets/Prefabs/Chunks/Chunk5.prefab using Guid(c05d91dbaf340c544b4e51a94290d254) Importer(815301076,1909f56bfc062723c751e8b465ee728b)  -> (artifact id: '7d3bf255e89dd82f47df23a0254a14d5') in 0.127293 seconds
Number of updated asset objects reloaded before import = 0
Number of asset objects unloaded after import = 140
========================================================================
Received Prepare
Begin MonoManager ReloadAssembly
Symbol file LoadedFromMemory doesn't match image D:\Uni work\GAM20003\ChromaShift\ChromaShift\Library\PackageCache\com.unity.visualscripting@1.8.0\Editor\VisualScripting.Core\Dependencies\YamlDotNet\Unity.VisualScripting.YamlDotNet.dll
Symbol file LoadedFromMemory doesn't match image D:\Uni work\GAM20003\ChromaShift\ChromaShift\Library\PackageCache\com.unity.visualscripting@1.8.0\Editor\VisualScripting.Core\Dependencies\DotNetZip\Unity.VisualScripting.IonicZip.dll
- Loaded All Assemblies, in  0.399 seconds
Refreshing native plugins compatible for Editor in 1.70 ms, found 3 plugins.
Native extension for WindowsStandalone target not found
Mono: successfully reloaded assembly
- Finished resetting the current domain, in  0.698 seconds
Domain Reload Profiling: 1098ms
	BeginReloadAssembly (154ms)
		ExecutionOrderSort (0ms)
		DisableScriptedObjects (7ms)
		BackupInstance (0ms)
		ReleaseScriptingObjects (0ms)
		CreateAndSetChildDomain (39ms)
	RebuildCommonClasses (33ms)
	RebuildNativeTypeToScriptingClass (12ms)
	initialDomainReloadingComplete (24ms)
	LoadAllAssembliesAndSetupDomain (176ms)
		LoadAssemblies (241ms)
		RebuildTransferFunctionScriptingTraits (0ms)
		AnalyzeDomain (15ms)
			TypeCache.Refresh (7ms)
				TypeCache.ScanAssembly (0ms)
			ScanForSourceGeneratedMonoScriptInfo (0ms)
			ResolveRequiredComponents (5ms)
	FinalizeReload (699ms)
		ReleaseScriptCaches (0ms)
		RebuildScriptCaches (0ms)
		SetupLoadedEditorAssemblies (321ms)
			LogAssemblyErrors (0ms)
			InitializePlatformSupportModulesInManaged (5ms)
			SetLoadedEditorAssemblies (6ms)
			RefreshPlugins (0ms)
			BeforeProcessingInitializeOnLoad (56ms)
			ProcessInitializeOnLoadAttributes (231ms)
			ProcessInitializeOnLoadMethodAttributes (21ms)
			AfterProcessingInitializeOnLoad (2ms)
			EditorAssembliesLoaded (0ms)
		ExecutionOrderSort2 (0ms)
		AwakeInstancesAfterBackupRestoration (8ms)
Refreshing native plugins compatible for Editor in 2.45 ms, found 3 plugins.
Preloading 0 native plugins for Editor in 0.00 ms.
Unloading 3078 Unused Serialized files (Serialized files now loaded: 0)
Unloading 22 unused Assets / (30.5 KB). Loaded Objects now: 3662.
Memory consumption went from 118.8 MB to 118.8 MB.
Total: 6.850000 ms (FindLiveObjects: 0.525700 ms CreateObjectMapping: 0.468000 ms MarkObjects: 5.795500 ms  DeleteObjects: 0.059000 ms)

Prepare: number of updated asset objects reloaded= 0
AssetImportParameters requested are different than current active one (requested -> active):
  custom:container-demuxer-ogg: 62fdf1f143b41e24485cea50d1cbac27 -> 
  custom:video-codec-MediaFoundation-h265: 746d11721c4dcdbdad8f713fa42b33f4 -> 
  custom:video-decoder-ogg-theora: a1e56fd34408186e4bbccfd4996cb3dc -> 
  custom:framework-win-MediaFoundation: 216162199b28c13a410421893ffa2e32 -> 
  custom:CustomObjectIndexerAttribute: 756ad292c208cfabdd7b50bc23989ffe -> 
  custom:container-demuxer-webm: 4f35f7cbe854078d1ac9338744f61a02 -> 
  custom:container-muxer-webm: aa71ff27fc2769a1b78a27578f13a17b -> 
  custom:video-decoder-webm-vp8: 9c59270c3fd7afecdb556c50c9e8de78 -> 
  custom:SearchIndexIgnoredProperties: e643bd26f0fe6173181afceb89e7c659 -> 
  custom:AudioImporter_EditorPlatform: d09bf68614088b80899f8185d706f6e7 -> 
  custom:video-encoder-webm-vp8: eb34c28f22e8b96e1ab97ce403110664 -> 
  custom:audio-decoder-ogg-vorbis: bf7c407c2cedff20999df2af8eb42d56 -> 
  custom:audio-encoder-webm-vorbis: bf7c407c2cedff20999df2af8eb42d56 -> 
========================================================================
Received Prepare
Begin MonoManager ReloadAssembly
Symbol file LoadedFromMemory doesn't match image D:\Uni work\GAM20003\ChromaShift\ChromaShift\Library\PackageCache\com.unity.visualscripting@1.8.0\Editor\VisualScripting.Core\Dependencies\YamlDotNet\Unity.VisualScripting.YamlDotNet.dll
Symbol file LoadedFromMemory doesn't match image D:\Uni work\GAM20003\ChromaShift\ChromaShift\Library\PackageCache\com.unity.visualscripting@1.8.0\Editor\VisualScripting.Core\Dependencies\DotNetZip\Unity.VisualScripting.IonicZip.dll
- Loaded All Assemblies, in  0.406 seconds
Refreshing native plugins compatible for Editor in 1.52 ms, found 3 plugins.
Native extension for WindowsStandalone target not found
Mono: successfully reloaded assembly
- Finished resetting the current domain, in  0.688 seconds
Domain Reload Profiling: 1094ms
	BeginReloadAssembly (158ms)
		ExecutionOrderSort (0ms)
		DisableScriptedObjects (11ms)
		BackupInstance (0ms)
		ReleaseScriptingObjects (0ms)
		CreateAndSetChildDomain (33ms)
	RebuildCommonClasses (33ms)
	RebuildNativeTypeToScriptingClass (12ms)
	initialDomainReloadingComplete (23ms)
	LoadAllAssembliesAndSetupDomain (179ms)
		LoadAssemblies (244ms)
		RebuildTransferFunctionScriptingTraits (0ms)
		AnalyzeDomain (12ms)
			TypeCache.Refresh (5ms)
				TypeCache.ScanAssembly (0ms)
			ScanForSourceGeneratedMonoScriptInfo (0ms)
			ResolveRequiredComponents (5ms)
	FinalizeReload (688ms)
		ReleaseScriptCaches (0ms)
		RebuildScriptCaches (0ms)
		SetupLoadedEditorAssemblies (331ms)
			LogAssemblyErrors (0ms)
			InitializePlatformSupportModulesInManaged (4ms)
			SetLoadedEditorAssemblies (5ms)
			RefreshPlugins (0ms)
			BeforeProcessingInitializeOnLoad (62ms)
			ProcessInitializeOnLoadAttributes (239ms)
			ProcessInitializeOnLoadMethodAttributes (19ms)
			AfterProcessingInitializeOnLoad (2ms)
			EditorAssembliesLoaded (0ms)
		ExecutionOrderSort2 (0ms)
		AwakeInstancesAfterBackupRestoration (7ms)
Refreshing native plugins compatible for Editor in 2.76 ms, found 3 plugins.
Preloading 0 native plugins for Editor in 0.00 ms.
Unloading 3079 Unused Serialized files (Serialized files now loaded: 0)
Unloading 22 unused Assets / (30.5 KB). Loaded Objects now: 3665.
Memory consumption went from 119.1 MB to 119.0 MB.
Total: 5.627200 ms (FindLiveObjects: 0.833200 ms CreateObjectMapping: 0.489700 ms MarkObjects: 4.222100 ms  DeleteObjects: 0.080500 ms)

Prepare: number of updated asset objects reloaded= 0
AssetImportParameters requested are different than current active one (requested -> active):
  custom:container-demuxer-ogg: 62fdf1f143b41e24485cea50d1cbac27 -> 
  custom:video-codec-MediaFoundation-h265: 746d11721c4dcdbdad8f713fa42b33f4 -> 
  custom:video-decoder-ogg-theora: a1e56fd34408186e4bbccfd4996cb3dc -> 
  custom:framework-win-MediaFoundation: 216162199b28c13a410421893ffa2e32 -> 
  custom:CustomObjectIndexerAttribute: 756ad292c208cfabdd7b50bc23989ffe -> 
  custom:container-demuxer-webm: 4f35f7cbe854078d1ac9338744f61a02 -> 
  custom:container-muxer-webm: aa71ff27fc2769a1b78a27578f13a17b -> 
  custom:video-decoder-webm-vp8: 9c59270c3fd7afecdb556c50c9e8de78 -> 
  custom:SearchIndexIgnoredProperties: e643bd26f0fe6173181afceb89e7c659 -> 
  custom:AudioImporter_EditorPlatform: d09bf68614088b80899f8185d706f6e7 -> 
  custom:video-encoder-webm-vp8: eb34c28f22e8b96e1ab97ce403110664 -> 
  custom:audio-decoder-ogg-vorbis: bf7c407c2cedff20999df2af8eb42d56 -> 
  custom:audio-encoder-webm-vorbis: bf7c407c2cedff20999df2af8eb42d56 -> 
========================================================================
Received Import Request.
  Time since last request: 427.806214 seconds.
  path: Assets/Materials/Physic/NoFriction.physicMaterial
  artifactKey: Guid(02948ebda63c7d94ebdb22566b0c53b5) Importer(815301076,1909f56bfc062723c751e8b465ee728b)
Start importing Assets/Materials/Physic/NoFriction.physicMaterial using Guid(02948ebda63c7d94ebdb22566b0c53b5) Importer(815301076,1909f56bfc062723c751e8b465ee728b)  -> (artifact id: '53f4cbd3752085697849f69bf6b8fd7f') in 0.018197 seconds
Number of updated asset objects reloaded before import = 0
Number of asset objects unloaded after import = 1
========================================================================
Received Prepare
Begin MonoManager ReloadAssembly
Symbol file LoadedFromMemory doesn't match image D:\Uni work\GAM20003\ChromaShift\ChromaShift\Library\PackageCache\com.unity.visualscripting@1.8.0\Editor\VisualScripting.Core\Dependencies\YamlDotNet\Unity.VisualScripting.YamlDotNet.dll
Symbol file LoadedFromMemory doesn't match image D:\Uni work\GAM20003\ChromaShift\ChromaShift\Library\PackageCache\com.unity.visualscripting@1.8.0\Editor\VisualScripting.Core\Dependencies\DotNetZip\Unity.VisualScripting.IonicZip.dll
- Loaded All Assemblies, in  0.408 seconds
Refreshing native plugins compatible for Editor in 2.37 ms, found 3 plugins.
Native extension for WindowsStandalone target not found
Mono: successfully reloaded assembly
- Finished resetting the current domain, in  0.697 seconds
Domain Reload Profiling: 1105ms
	BeginReloadAssembly (149ms)
		ExecutionOrderSort (0ms)
		DisableScriptedObjects (6ms)
		BackupInstance (0ms)
		ReleaseScriptingObjects (0ms)
		CreateAndSetChildDomain (34ms)
	RebuildCommonClasses (34ms)
	RebuildNativeTypeToScriptingClass (12ms)
	initialDomainReloadingComplete (24ms)
	LoadAllAssembliesAndSetupDomain (188ms)
		LoadAssemblies (252ms)
		RebuildTransferFunctionScriptingTraits (0ms)
		AnalyzeDomain (15ms)
			TypeCache.Refresh (8ms)
				TypeCache.ScanAssembly (0ms)
			ScanForSourceGeneratedMonoScriptInfo (0ms)
			ResolveRequiredComponents (6ms)
	FinalizeReload (697ms)
		ReleaseScriptCaches (0ms)
		RebuildScriptCaches (0ms)
		SetupLoadedEditorAssemblies (329ms)
			LogAssemblyErrors (0ms)
			InitializePlatformSupportModulesInManaged (5ms)
			SetLoadedEditorAssemblies (5ms)
			RefreshPlugins (0ms)
			BeforeProcessingInitializeOnLoad (55ms)
			ProcessInitializeOnLoadAttributes (240ms)
			ProcessInitializeOnLoadMethodAttributes (22ms)
			AfterProcessingInitializeOnLoad (2ms)
			EditorAssembliesLoaded (0ms)
		ExecutionOrderSort2 (0ms)
		AwakeInstancesAfterBackupRestoration (7ms)
Refreshing native plugins compatible for Editor in 3.28 ms, found 3 plugins.
Preloading 0 native plugins for Editor in 0.00 ms.
Unloading 3078 Unused Serialized files (Serialized files now loaded: 0)
Unloading 22 unused Assets / (30.5 KB). Loaded Objects now: 3668.
Memory consumption went from 118.8 MB to 118.8 MB.
Total: 4.926000 ms (FindLiveObjects: 0.740200 ms CreateObjectMapping: 0.891900 ms MarkObjects: 3.200300 ms  DeleteObjects: 0.091900 ms)

Prepare: number of updated asset objects reloaded= 0
AssetImportParameters requested are different than current active one (requested -> active):
  custom:container-demuxer-ogg: 62fdf1f143b41e24485cea50d1cbac27 -> 
  custom:video-codec-MediaFoundation-h265: 746d11721c4dcdbdad8f713fa42b33f4 -> 
  custom:video-decoder-ogg-theora: a1e56fd34408186e4bbccfd4996cb3dc -> 
  custom:framework-win-MediaFoundation: 216162199b28c13a410421893ffa2e32 -> 
  custom:CustomObjectIndexerAttribute: 756ad292c208cfabdd7b50bc23989ffe -> 
  custom:container-demuxer-webm: 4f35f7cbe854078d1ac9338744f61a02 -> 
  custom:container-muxer-webm: aa71ff27fc2769a1b78a27578f13a17b -> 
  custom:video-decoder-webm-vp8: 9c59270c3fd7afecdb556c50c9e8de78 -> 
  custom:SearchIndexIgnoredProperties: e643bd26f0fe6173181afceb89e7c659 -> 
  custom:AudioImporter_EditorPlatform: d09bf68614088b80899f8185d706f6e7 -> 
  custom:video-encoder-webm-vp8: eb34c28f22e8b96e1ab97ce403110664 -> 
  custom:audio-decoder-ogg-vorbis: bf7c407c2cedff20999df2af8eb42d56 -> 
  custom:audio-encoder-webm-vorbis: bf7c407c2cedff20999df2af8eb42d56 -> 
========================================================================
Received Prepare
Begin MonoManager ReloadAssembly
Symbol file LoadedFromMemory doesn't match image D:\Uni work\GAM20003\ChromaShift\ChromaShift\Library\PackageCache\com.unity.visualscripting@1.8.0\Editor\VisualScripting.Core\Dependencies\YamlDotNet\Unity.VisualScripting.YamlDotNet.dll
Symbol file LoadedFromMemory doesn't match image D:\Uni work\GAM20003\ChromaShift\ChromaShift\Library\PackageCache\com.unity.visualscripting@1.8.0\Editor\VisualScripting.Core\Dependencies\DotNetZip\Unity.VisualScripting.IonicZip.dll
- Loaded All Assemblies, in  0.402 seconds
Refreshing native plugins compatible for Editor in 1.53 ms, found 3 plugins.
Native extension for WindowsStandalone target not found
Mono: successfully reloaded assembly
- Finished resetting the current domain, in  0.679 seconds
Domain Reload Profiling: 1080ms
	BeginReloadAssembly (150ms)
		ExecutionOrderSort (0ms)
		DisableScriptedObjects (6ms)
		BackupInstance (0ms)
		ReleaseScriptingObjects (0ms)
		CreateAndSetChildDomain (35ms)
	RebuildCommonClasses (34ms)
	RebuildNativeTypeToScriptingClass (12ms)
	initialDomainReloadingComplete (23ms)
	LoadAllAssembliesAndSetupDomain (182ms)
		LoadAssemblies (248ms)
		RebuildTransferFunctionScriptingTraits (0ms)
		AnalyzeDomain (13ms)
			TypeCache.Refresh (6ms)
				TypeCache.ScanAssembly (0ms)
			ScanForSourceGeneratedMonoScriptInfo (0ms)
			ResolveRequiredComponents (5ms)
	FinalizeReload (679ms)
		ReleaseScriptCaches (0ms)
		RebuildScriptCaches (0ms)
		SetupLoadedEditorAssemblies (316ms)
			LogAssemblyErrors (0ms)
			InitializePlatformSupportModulesInManaged (4ms)
			SetLoadedEditorAssemblies (5ms)
			RefreshPlugins (0ms)
			BeforeProcessingInitializeOnLoad (56ms)
			ProcessInitializeOnLoadAttributes (228ms)
			ProcessInitializeOnLoadMethodAttributes (20ms)
			AfterProcessingInitializeOnLoad (2ms)
			EditorAssembliesLoaded (0ms)
		ExecutionOrderSort2 (0ms)
		AwakeInstancesAfterBackupRestoration (7ms)
Refreshing native plugins compatible for Editor in 2.91 ms, found 3 plugins.
Preloading 0 native plugins for Editor in 0.00 ms.
Unloading 3079 Unused Serialized files (Serialized files now loaded: 0)
Unloading 22 unused Assets / (30.5 KB). Loaded Objects now: 3671.
Memory consumption went from 119.1 MB to 119.1 MB.
Total: 6.054900 ms (FindLiveObjects: 0.358600 ms CreateObjectMapping: 0.364700 ms MarkObjects: 5.245800 ms  DeleteObjects: 0.083200 ms)

Prepare: number of updated asset objects reloaded= 0
AssetImportParameters requested are different than current active one (requested -> active):
  custom:container-demuxer-ogg: 62fdf1f143b41e24485cea50d1cbac27 -> 
  custom:video-codec-MediaFoundation-h265: 746d11721c4dcdbdad8f713fa42b33f4 -> 
  custom:video-decoder-ogg-theora: a1e56fd34408186e4bbccfd4996cb3dc -> 
  custom:framework-win-MediaFoundation: 216162199b28c13a410421893ffa2e32 -> 
  custom:CustomObjectIndexerAttribute: 756ad292c208cfabdd7b50bc23989ffe -> 
  custom:container-demuxer-webm: 4f35f7cbe854078d1ac9338744f61a02 -> 
  custom:container-muxer-webm: aa71ff27fc2769a1b78a27578f13a17b -> 
  custom:video-decoder-webm-vp8: 9c59270c3fd7afecdb556c50c9e8de78 -> 
  custom:SearchIndexIgnoredProperties: e643bd26f0fe6173181afceb89e7c659 -> 
  custom:AudioImporter_EditorPlatform: d09bf68614088b80899f8185d706f6e7 -> 
  custom:video-encoder-webm-vp8: eb34c28f22e8b96e1ab97ce403110664 -> 
  custom:audio-decoder-ogg-vorbis: bf7c407c2cedff20999df2af8eb42d56 -> 
  custom:audio-encoder-webm-vorbis: bf7c407c2cedff20999df2af8eb42d56 -> 
========================================================================
Received Import Request.
  Time since last request: 390.535821 seconds.
  path: Assets/Prefabs/Chunks/Chunk1.prefab
  artifactKey: Guid(7dd7e313665aa8c41b6cb19f75e25859) Importer(815301076,1909f56bfc062723c751e8b465ee728b)
Start importing Assets/Prefabs/Chunks/Chunk1.prefab using Guid(7dd7e313665aa8c41b6cb19f75e25859) Importer(815301076,1909f56bfc062723c751e8b465ee728b)  -> (artifact id: 'a6e935cf22126c085377cf4b1aea3456') in 0.193855 seconds
Number of updated asset objects reloaded before import = 0
Number of asset objects unloaded after import = 124
========================================================================
Received Import Request.
  Time since last request: 0.000110 seconds.
  path: Assets/Prefabs/Chunks/Chunk5.prefab
  artifactKey: Guid(c05d91dbaf340c544b4e51a94290d254) Importer(815301076,1909f56bfc062723c751e8b465ee728b)
Start importing Assets/Prefabs/Chunks/Chunk5.prefab using Guid(c05d91dbaf340c544b4e51a94290d254) Importer(815301076,1909f56bfc062723c751e8b465ee728b)  -> (artifact id: '43307df3fd50ca056c07320ce2254073') in 0.047994 seconds
Number of updated asset objects reloaded before import = 0
Number of asset objects unloaded after import = 140
========================================================================
Received Import Request.
  Time since last request: 0.000023 seconds.
  path: Assets/Prefabs/Chunks/Chunk3.prefab
  artifactKey: Guid(627cefbbdae7e5849bec296d532ebbad) Importer(815301076,1909f56bfc062723c751e8b465ee728b)
Start importing Assets/Prefabs/Chunks/Chunk3.prefab using Guid(627cefbbdae7e5849bec296d532ebbad) Importer(815301076,1909f56bfc062723c751e8b465ee728b)  -> (artifact id: 'ea2a649fc12ad707e3b22cf0c0950a37') in 0.039795 seconds
Number of updated asset objects reloaded before import = 0
Number of asset objects unloaded after import = 122
========================================================================
Received Import Request.
  Time since last request: 9.328820 seconds.
  path: Assets/Prefabs/Chunks/Chunk5.prefab
  artifactKey: Guid(c05d91dbaf340c544b4e51a94290d254) Importer(815301076,1909f56bfc062723c751e8b465ee728b)
Start importing Assets/Prefabs/Chunks/Chunk5.prefab using Guid(c05d91dbaf340c544b4e51a94290d254) Importer(815301076,1909f56bfc062723c751e8b465ee728b)  -> (artifact id: 'e0cbdeb8e70611a84d3e62bfe1e9d038') in 0.038440 seconds
Number of updated asset objects reloaded before import = 0
Number of asset objects unloaded after import = 139
========================================================================
Received Import Request.
  Time since last request: 4.378472 seconds.
  path: Assets/Prefabs/Chunks/Chunk5.prefab
  artifactKey: Guid(c05d91dbaf340c544b4e51a94290d254) Importer(815301076,1909f56bfc062723c751e8b465ee728b)
Start importing Assets/Prefabs/Chunks/Chunk5.prefab using Guid(c05d91dbaf340c544b4e51a94290d254) Importer(815301076,1909f56bfc062723c751e8b465ee728b)  -> (artifact id: 'c5181727be2dd7f660c6d52b2ca2fe2a') in 0.035375 seconds
Number of updated asset objects reloaded before import = 0
Number of asset objects unloaded after import = 140
========================================================================
Received Import Request.
  Time since last request: 1.466257 seconds.
  path: Assets/Prefabs/Chunks.fbx
  artifactKey: Guid(02bc44908f1b68f4fbd22bd6a72e0f8c) Importer(815301076,1909f56bfc062723c751e8b465ee728b)
Start importing Assets/Prefabs/Chunks.fbx using Guid(02bc44908f1b68f4fbd22bd6a72e0f8c) Importer(815301076,1909f56bfc062723c751e8b465ee728b)  -> (artifact id: '1423328a12e6bc3b1dbb8bfeab66e034') in 0.193685 seconds
Number of updated asset objects reloaded before import = 0
Number of asset objects unloaded after import = 61
========================================================================
Received Import Request.
  Time since last request: 1.325543 seconds.
  path: Assets/Prefabs/Chunks/Chunk5.prefab
  artifactKey: Guid(c05d91dbaf340c544b4e51a94290d254) Importer(815301076,1909f56bfc062723c751e8b465ee728b)
Start importing Assets/Prefabs/Chunks/Chunk5.prefab using Guid(c05d91dbaf340c544b4e51a94290d254) Importer(815301076,1909f56bfc062723c751e8b465ee728b)  -> (artifact id: 'fce55e459b9239b2378dccf533981317') in 0.030795 seconds
Number of updated asset objects reloaded before import = 0
Number of asset objects unloaded after import = 140
========================================================================
Received Import Request.
  Time since last request: 6.828048 seconds.
  path: Assets/Prefabs/Chunks/Chunk5.prefab
  artifactKey: Guid(c05d91dbaf340c544b4e51a94290d254) Importer(815301076,1909f56bfc062723c751e8b465ee728b)
Start importing Assets/Prefabs/Chunks/Chunk5.prefab using Guid(c05d91dbaf340c544b4e51a94290d254) Importer(815301076,1909f56bfc062723c751e8b465ee728b)  -> (artifact id: 'a033b371d69cd30bd8fe8aadfbd01452') in 0.099535 seconds
Number of updated asset objects reloaded before import = 0
Number of asset objects unloaded after import = 141
========================================================================
Received Prepare
Begin MonoManager ReloadAssembly
Symbol file LoadedFromMemory doesn't match image D:\Uni work\GAM20003\ChromaShift\ChromaShift\Library\PackageCache\com.unity.visualscripting@1.8.0\Editor\VisualScripting.Core\Dependencies\YamlDotNet\Unity.VisualScripting.YamlDotNet.dll
Symbol file LoadedFromMemory doesn't match image D:\Uni work\GAM20003\ChromaShift\ChromaShift\Library\PackageCache\com.unity.visualscripting@1.8.0\Editor\VisualScripting.Core\Dependencies\DotNetZip\Unity.VisualScripting.IonicZip.dll
- Loaded All Assemblies, in  0.490 seconds
Refreshing native plugins compatible for Editor in 1.53 ms, found 3 plugins.
Native extension for WindowsStandalone target not found
Mono: successfully reloaded assembly
- Finished resetting the current domain, in  0.900 seconds
Domain Reload Profiling: 1391ms
	BeginReloadAssembly (170ms)
		ExecutionOrderSort (0ms)
		DisableScriptedObjects (4ms)
		BackupInstance (0ms)
		ReleaseScriptingObjects (0ms)
		CreateAndSetChildDomain (35ms)
	RebuildCommonClasses (39ms)
	RebuildNativeTypeToScriptingClass (22ms)
	initialDomainReloadingComplete (25ms)
	LoadAllAssembliesAndSetupDomain (233ms)
		LoadAssemblies (311ms)
		RebuildTransferFunctionScriptingTraits (0ms)
		AnalyzeDomain (16ms)
			TypeCache.Refresh (9ms)
				TypeCache.ScanAssembly (0ms)
			ScanForSourceGeneratedMonoScriptInfo (0ms)
			ResolveRequiredComponents (5ms)
	FinalizeReload (902ms)
		ReleaseScriptCaches (0ms)
		RebuildScriptCaches (0ms)
		SetupLoadedEditorAssemblies (477ms)
			LogAssemblyErrors (0ms)
			InitializePlatformSupportModulesInManaged (6ms)
			SetLoadedEditorAssemblies (5ms)
			RefreshPlugins (0ms)
			BeforeProcessingInitializeOnLoad (54ms)
			ProcessInitializeOnLoadAttributes (374ms)
			ProcessInitializeOnLoadMethodAttributes (34ms)
			AfterProcessingInitializeOnLoad (3ms)
			EditorAssembliesLoaded (0ms)
		ExecutionOrderSort2 (0ms)
		AwakeInstancesAfterBackupRestoration (12ms)
Refreshing native plugins compatible for Editor in 2.65 ms, found 3 plugins.
Preloading 0 native plugins for Editor in 0.00 ms.
Unloading 3078 Unused Serialized files (Serialized files now loaded: 0)
Unloading 22 unused Assets / (30.5 KB). Loaded Objects now: 3674.
Memory consumption went from 118.8 MB to 118.8 MB.
Total: 7.440800 ms (FindLiveObjects: 1.082900 ms CreateObjectMapping: 0.554600 ms MarkObjects: 5.728200 ms  DeleteObjects: 0.073100 ms)

Prepare: number of updated asset objects reloaded= 0
AssetImportParameters requested are different than current active one (requested -> active):
  custom:container-demuxer-ogg: 62fdf1f143b41e24485cea50d1cbac27 -> 
  custom:video-codec-MediaFoundation-h265: 746d11721c4dcdbdad8f713fa42b33f4 -> 
  custom:video-decoder-ogg-theora: a1e56fd34408186e4bbccfd4996cb3dc -> 
  custom:framework-win-MediaFoundation: 216162199b28c13a410421893ffa2e32 -> 
  custom:CustomObjectIndexerAttribute: 756ad292c208cfabdd7b50bc23989ffe -> 
  custom:container-demuxer-webm: 4f35f7cbe854078d1ac9338744f61a02 -> 
  custom:container-muxer-webm: aa71ff27fc2769a1b78a27578f13a17b -> 
  custom:video-decoder-webm-vp8: 9c59270c3fd7afecdb556c50c9e8de78 -> 
  custom:SearchIndexIgnoredProperties: e643bd26f0fe6173181afceb89e7c659 -> 
  custom:AudioImporter_EditorPlatform: d09bf68614088b80899f8185d706f6e7 -> 
  custom:video-encoder-webm-vp8: eb34c28f22e8b96e1ab97ce403110664 -> 
  custom:audio-decoder-ogg-vorbis: bf7c407c2cedff20999df2af8eb42d56 -> 
  custom:audio-encoder-webm-vorbis: bf7c407c2cedff20999df2af8eb42d56 -> 
========================================================================
Received Import Request.
  Time since last request: 58.051765 seconds.
  path: Assets/Prefabs/Chunks/Chunk5.prefab
  artifactKey: Guid(c05d91dbaf340c544b4e51a94290d254) Importer(815301076,1909f56bfc062723c751e8b465ee728b)
Start importing Assets/Prefabs/Chunks/Chunk5.prefab using Guid(c05d91dbaf340c544b4e51a94290d254) Importer(815301076,1909f56bfc062723c751e8b465ee728b)  -> (artifact id: 'ec0a395f5097879b64403eb5a4cd4333') in 0.131242 seconds
Number of updated asset objects reloaded before import = 0
Number of asset objects unloaded after import = 140
========================================================================
Received Prepare
Begin MonoManager ReloadAssembly
Symbol file LoadedFromMemory doesn't match image D:\Uni work\GAM20003\ChromaShift\ChromaShift\Library\PackageCache\com.unity.visualscripting@1.8.0\Editor\VisualScripting.Core\Dependencies\YamlDotNet\Unity.VisualScripting.YamlDotNet.dll
Symbol file LoadedFromMemory doesn't match image D:\Uni work\GAM20003\ChromaShift\ChromaShift\Library\PackageCache\com.unity.visualscripting@1.8.0\Editor\VisualScripting.Core\Dependencies\DotNetZip\Unity.VisualScripting.IonicZip.dll
- Loaded All Assemblies, in  0.417 seconds
Refreshing native plugins compatible for Editor in 1.51 ms, found 3 plugins.
Native extension for WindowsStandalone target not found
Mono: successfully reloaded assembly
- Finished resetting the current domain, in  0.842 seconds
Domain Reload Profiling: 1259ms
	BeginReloadAssembly (151ms)
		ExecutionOrderSort (0ms)
		DisableScriptedObjects (5ms)
		BackupInstance (0ms)
		ReleaseScriptingObjects (0ms)
		CreateAndSetChildDomain (32ms)
	RebuildCommonClasses (35ms)
	RebuildNativeTypeToScriptingClass (12ms)
	initialDomainReloadingComplete (25ms)
	LoadAllAssembliesAndSetupDomain (193ms)
		LoadAssemblies (263ms)
		RebuildTransferFunctionScriptingTraits (0ms)
		AnalyzeDomain (16ms)
			TypeCache.Refresh (9ms)
				TypeCache.ScanAssembly (0ms)
			ScanForSourceGeneratedMonoScriptInfo (0ms)
			ResolveRequiredComponents (5ms)
	FinalizeReload (843ms)
		ReleaseScriptCaches (0ms)
		RebuildScriptCaches (0ms)
		SetupLoadedEditorAssemblies (434ms)
			LogAssemblyErrors (0ms)
			InitializePlatformSupportModulesInManaged (4ms)
			SetLoadedEditorAssemblies (5ms)
			RefreshPlugins (0ms)
			BeforeProcessingInitializeOnLoad (53ms)
			ProcessInitializeOnLoadAttributes (337ms)
			ProcessInitializeOnLoadMethodAttributes (31ms)
			AfterProcessingInitializeOnLoad (3ms)
			EditorAssembliesLoaded (0ms)
		ExecutionOrderSort2 (0ms)
		AwakeInstancesAfterBackupRestoration (10ms)
Refreshing native plugins compatible for Editor in 1.68 ms, found 3 plugins.
Preloading 0 native plugins for Editor in 0.00 ms.
Unloading 3078 Unused Serialized files (Serialized files now loaded: 0)
Unloading 22 unused Assets / (30.5 KB). Loaded Objects now: 3677.
Memory consumption went from 118.8 MB to 118.8 MB.
Total: 5.894000 ms (FindLiveObjects: 0.933100 ms CreateObjectMapping: 0.836800 ms MarkObjects: 4.053900 ms  DeleteObjects: 0.068800 ms)

Prepare: number of updated asset objects reloaded= 0
AssetImportParameters requested are different than current active one (requested -> active):
  custom:container-demuxer-ogg: 62fdf1f143b41e24485cea50d1cbac27 -> 
  custom:video-codec-MediaFoundation-h265: 746d11721c4dcdbdad8f713fa42b33f4 -> 
  custom:video-decoder-ogg-theora: a1e56fd34408186e4bbccfd4996cb3dc -> 
  custom:framework-win-MediaFoundation: 216162199b28c13a410421893ffa2e32 -> 
  custom:CustomObjectIndexerAttribute: 756ad292c208cfabdd7b50bc23989ffe -> 
  custom:container-demuxer-webm: 4f35f7cbe854078d1ac9338744f61a02 -> 
  custom:container-muxer-webm: aa71ff27fc2769a1b78a27578f13a17b -> 
  custom:video-decoder-webm-vp8: 9c59270c3fd7afecdb556c50c9e8de78 -> 
  custom:SearchIndexIgnoredProperties: e643bd26f0fe6173181afceb89e7c659 -> 
  custom:AudioImporter_EditorPlatform: d09bf68614088b80899f8185d706f6e7 -> 
  custom:video-encoder-webm-vp8: eb34c28f22e8b96e1ab97ce403110664 -> 
  custom:audio-decoder-ogg-vorbis: bf7c407c2cedff20999df2af8eb42d56 -> 
  custom:audio-encoder-webm-vorbis: bf7c407c2cedff20999df2af8eb42d56 -> 
========================================================================
Received Prepare
Begin MonoManager ReloadAssembly
Symbol file LoadedFromMemory doesn't match image D:\Uni work\GAM20003\ChromaShift\ChromaShift\Library\PackageCache\com.unity.visualscripting@1.8.0\Editor\VisualScripting.Core\Dependencies\YamlDotNet\Unity.VisualScripting.YamlDotNet.dll
Symbol file LoadedFromMemory doesn't match image D:\Uni work\GAM20003\ChromaShift\ChromaShift\Library\PackageCache\com.unity.visualscripting@1.8.0\Editor\VisualScripting.Core\Dependencies\DotNetZip\Unity.VisualScripting.IonicZip.dll
- Loaded All Assemblies, in  0.422 seconds
Refreshing native plugins compatible for Editor in 1.60 ms, found 3 plugins.
Native extension for WindowsStandalone target not found
Mono: successfully reloaded assembly
- Finished resetting the current domain, in  0.812 seconds
Domain Reload Profiling: 1234ms
	BeginReloadAssembly (166ms)
		ExecutionOrderSort (0ms)
		DisableScriptedObjects (6ms)
		BackupInstance (0ms)
		ReleaseScriptingObjects (0ms)
		CreateAndSetChildDomain (38ms)
	RebuildCommonClasses (34ms)
	RebuildNativeTypeToScriptingClass (12ms)
	initialDomainReloadingComplete (24ms)
	LoadAllAssembliesAndSetupDomain (186ms)
		LoadAssemblies (262ms)
		RebuildTransferFunctionScriptingTraits (0ms)
		AnalyzeDomain (13ms)
			TypeCache.Refresh (7ms)
				TypeCache.ScanAssembly (0ms)
			ScanForSourceGeneratedMonoScriptInfo (0ms)
			ResolveRequiredComponents (5ms)
	FinalizeReload (813ms)
		ReleaseScriptCaches (0ms)
		RebuildScriptCaches (0ms)
		SetupLoadedEditorAssemblies (446ms)
			LogAssemblyErrors (0ms)
			InitializePlatformSupportModulesInManaged (4ms)
			SetLoadedEditorAssemblies (5ms)
			RefreshPlugins (0ms)
			BeforeProcessingInitializeOnLoad (56ms)
			ProcessInitializeOnLoadAttributes (345ms)
			ProcessInitializeOnLoadMethodAttributes (32ms)
			AfterProcessingInitializeOnLoad (3ms)
			EditorAssembliesLoaded (0ms)
		ExecutionOrderSort2 (0ms)
		AwakeInstancesAfterBackupRestoration (11ms)
Refreshing native plugins compatible for Editor in 2.31 ms, found 3 plugins.
Preloading 0 native plugins for Editor in 0.00 ms.
Unloading 3079 Unused Serialized files (Serialized files now loaded: 0)
Unloading 22 unused Assets / (30.6 KB). Loaded Objects now: 3680.
Memory consumption went from 119.1 MB to 119.1 MB.
Total: 3.581800 ms (FindLiveObjects: 0.371000 ms CreateObjectMapping: 0.329500 ms MarkObjects: 2.826700 ms  DeleteObjects: 0.053200 ms)

Prepare: number of updated asset objects reloaded= 0
AssetImportParameters requested are different than current active one (requested -> active):
  custom:container-demuxer-ogg: 62fdf1f143b41e24485cea50d1cbac27 -> 
  custom:video-codec-MediaFoundation-h265: 746d11721c4dcdbdad8f713fa42b33f4 -> 
  custom:video-decoder-ogg-theora: a1e56fd34408186e4bbccfd4996cb3dc -> 
  custom:framework-win-MediaFoundation: 216162199b28c13a410421893ffa2e32 -> 
  custom:CustomObjectIndexerAttribute: 756ad292c208cfabdd7b50bc23989ffe -> 
  custom:container-demuxer-webm: 4f35f7cbe854078d1ac9338744f61a02 -> 
  custom:container-muxer-webm: aa71ff27fc2769a1b78a27578f13a17b -> 
  custom:video-decoder-webm-vp8: 9c59270c3fd7afecdb556c50c9e8de78 -> 
  custom:SearchIndexIgnoredProperties: e643bd26f0fe6173181afceb89e7c659 -> 
  custom:AudioImporter_EditorPlatform: d09bf68614088b80899f8185d706f6e7 -> 
  custom:video-encoder-webm-vp8: eb34c28f22e8b96e1ab97ce403110664 -> 
  custom:audio-decoder-ogg-vorbis: bf7c407c2cedff20999df2af8eb42d56 -> 
  custom:audio-encoder-webm-vorbis: bf7c407c2cedff20999df2af8eb42d56 -> 
========================================================================
Received Prepare
Begin MonoManager ReloadAssembly
Symbol file LoadedFromMemory doesn't match image D:\Uni work\GAM20003\ChromaShift\ChromaShift\Library\PackageCache\com.unity.visualscripting@1.8.0\Editor\VisualScripting.Core\Dependencies\YamlDotNet\Unity.VisualScripting.YamlDotNet.dll
Symbol file LoadedFromMemory doesn't match image D:\Uni work\GAM20003\ChromaShift\ChromaShift\Library\PackageCache\com.unity.visualscripting@1.8.0\Editor\VisualScripting.Core\Dependencies\DotNetZip\Unity.VisualScripting.IonicZip.dll
- Loaded All Assemblies, in  0.426 seconds
Refreshing native plugins compatible for Editor in 1.61 ms, found 3 plugins.
Native extension for WindowsStandalone target not found
Mono: successfully reloaded assembly
- Finished resetting the current domain, in  0.860 seconds
Domain Reload Profiling: 1286ms
	BeginReloadAssembly (148ms)
		ExecutionOrderSort (0ms)
		DisableScriptedObjects (7ms)
		BackupInstance (0ms)
		ReleaseScriptingObjects (0ms)
		CreateAndSetChildDomain (30ms)
	RebuildCommonClasses (35ms)
	RebuildNativeTypeToScriptingClass (12ms)
	initialDomainReloadingComplete (34ms)
	LoadAllAssembliesAndSetupDomain (197ms)
		LoadAssemblies (265ms)
		RebuildTransferFunctionScriptingTraits (0ms)
		AnalyzeDomain (15ms)
			TypeCache.Refresh (8ms)
				TypeCache.ScanAssembly (0ms)
			ScanForSourceGeneratedMonoScriptInfo (0ms)
			ResolveRequiredComponents (5ms)
	FinalizeReload (861ms)
		ReleaseScriptCaches (0ms)
		RebuildScriptCaches (0ms)
		SetupLoadedEditorAssemblies (465ms)
			LogAssemblyErrors (0ms)
			InitializePlatformSupportModulesInManaged (5ms)
			SetLoadedEditorAssemblies (5ms)
			RefreshPlugins (0ms)
			BeforeProcessingInitializeOnLoad (65ms)
			ProcessInitializeOnLoadAttributes (354ms)
			ProcessInitializeOnLoadMethodAttributes (32ms)
			AfterProcessingInitializeOnLoad (3ms)
			EditorAssembliesLoaded (0ms)
		ExecutionOrderSort2 (0ms)
		AwakeInstancesAfterBackupRestoration (13ms)
Refreshing native plugins compatible for Editor in 2.21 ms, found 3 plugins.
Preloading 0 native plugins for Editor in 0.00 ms.
Unloading 3079 Unused Serialized files (Serialized files now loaded: 0)
Unloading 22 unused Assets / (30.5 KB). Loaded Objects now: 3683.
Memory consumption went from 119.1 MB to 119.1 MB.
Total: 4.125800 ms (FindLiveObjects: 0.437700 ms CreateObjectMapping: 0.226700 ms MarkObjects: 3.403600 ms  DeleteObjects: 0.055800 ms)

Prepare: number of updated asset objects reloaded= 0
AssetImportParameters requested are different than current active one (requested -> active):
  custom:container-demuxer-ogg: 62fdf1f143b41e24485cea50d1cbac27 -> 
  custom:video-codec-MediaFoundation-h265: 746d11721c4dcdbdad8f713fa42b33f4 -> 
  custom:video-decoder-ogg-theora: a1e56fd34408186e4bbccfd4996cb3dc -> 
  custom:framework-win-MediaFoundation: 216162199b28c13a410421893ffa2e32 -> 
  custom:CustomObjectIndexerAttribute: 756ad292c208cfabdd7b50bc23989ffe -> 
  custom:container-demuxer-webm: 4f35f7cbe854078d1ac9338744f61a02 -> 
  custom:container-muxer-webm: aa71ff27fc2769a1b78a27578f13a17b -> 
  custom:video-decoder-webm-vp8: 9c59270c3fd7afecdb556c50c9e8de78 -> 
  custom:SearchIndexIgnoredProperties: e643bd26f0fe6173181afceb89e7c659 -> 
  custom:AudioImporter_EditorPlatform: d09bf68614088b80899f8185d706f6e7 -> 
  custom:video-encoder-webm-vp8: eb34c28f22e8b96e1ab97ce403110664 -> 
  custom:audio-decoder-ogg-vorbis: bf7c407c2cedff20999df2af8eb42d56 -> 
  custom:audio-encoder-webm-vorbis: bf7c407c2cedff20999df2af8eb42d56 -> 
========================================================================
Received Prepare
Begin MonoManager ReloadAssembly
Symbol file LoadedFromMemory doesn't match image D:\Uni work\GAM20003\ChromaShift\ChromaShift\Library\PackageCache\com.unity.visualscripting@1.8.0\Editor\VisualScripting.Core\Dependencies\YamlDotNet\Unity.VisualScripting.YamlDotNet.dll
Symbol file LoadedFromMemory doesn't match image D:\Uni work\GAM20003\ChromaShift\ChromaShift\Library\PackageCache\com.unity.visualscripting@1.8.0\Editor\VisualScripting.Core\Dependencies\DotNetZip\Unity.VisualScripting.IonicZip.dll
- Loaded All Assemblies, in  0.405 seconds
Refreshing native plugins compatible for Editor in 1.55 ms, found 3 plugins.
Native extension for WindowsStandalone target not found
Mono: successfully reloaded assembly
- Finished resetting the current domain, in  0.802 seconds
Domain Reload Profiling: 1207ms
	BeginReloadAssembly (148ms)
		ExecutionOrderSort (0ms)
		DisableScriptedObjects (6ms)
		BackupInstance (0ms)
		ReleaseScriptingObjects (0ms)
		CreateAndSetChildDomain (30ms)
	RebuildCommonClasses (33ms)
	RebuildNativeTypeToScriptingClass (12ms)
	initialDomainReloadingComplete (24ms)
	LoadAllAssembliesAndSetupDomain (188ms)
		LoadAssemblies (257ms)
		RebuildTransferFunctionScriptingTraits (0ms)
		AnalyzeDomain (14ms)
			TypeCache.Refresh (7ms)
				TypeCache.ScanAssembly (0ms)
			ScanForSourceGeneratedMonoScriptInfo (0ms)
			ResolveRequiredComponents (5ms)
	FinalizeReload (803ms)
		ReleaseScriptCaches (0ms)
		RebuildScriptCaches (0ms)
		SetupLoadedEditorAssemblies (415ms)
			LogAssemblyErrors (0ms)
			InitializePlatformSupportModulesInManaged (4ms)
			SetLoadedEditorAssemblies (5ms)
			RefreshPlugins (0ms)
			BeforeProcessingInitializeOnLoad (52ms)
			ProcessInitializeOnLoadAttributes (320ms)
			ProcessInitializeOnLoadMethodAttributes (31ms)
			AfterProcessingInitializeOnLoad (3ms)
			EditorAssembliesLoaded (0ms)
		ExecutionOrderSort2 (0ms)
		AwakeInstancesAfterBackupRestoration (12ms)
Refreshing native plugins compatible for Editor in 1.72 ms, found 3 plugins.
Preloading 0 native plugins for Editor in 0.00 ms.
Unloading 3079 Unused Serialized files (Serialized files now loaded: 0)
Unloading 22 unused Assets / (30.5 KB). Loaded Objects now: 3686.
Memory consumption went from 119.1 MB to 119.1 MB.
Total: 4.185000 ms (FindLiveObjects: 0.346500 ms CreateObjectMapping: 0.283800 ms MarkObjects: 3.487000 ms  DeleteObjects: 0.066400 ms)

Prepare: number of updated asset objects reloaded= 0
AssetImportParameters requested are different than current active one (requested -> active):
  custom:container-demuxer-ogg: 62fdf1f143b41e24485cea50d1cbac27 -> 
  custom:video-codec-MediaFoundation-h265: 746d11721c4dcdbdad8f713fa42b33f4 -> 
  custom:video-decoder-ogg-theora: a1e56fd34408186e4bbccfd4996cb3dc -> 
  custom:framework-win-MediaFoundation: 216162199b28c13a410421893ffa2e32 -> 
  custom:CustomObjectIndexerAttribute: 756ad292c208cfabdd7b50bc23989ffe -> 
  custom:container-demuxer-webm: 4f35f7cbe854078d1ac9338744f61a02 -> 
  custom:container-muxer-webm: aa71ff27fc2769a1b78a27578f13a17b -> 
  custom:video-decoder-webm-vp8: 9c59270c3fd7afecdb556c50c9e8de78 -> 
  custom:SearchIndexIgnoredProperties: e643bd26f0fe6173181afceb89e7c659 -> 
  custom:AudioImporter_EditorPlatform: d09bf68614088b80899f8185d706f6e7 -> 
  custom:video-encoder-webm-vp8: eb34c28f22e8b96e1ab97ce403110664 -> 
  custom:audio-decoder-ogg-vorbis: bf7c407c2cedff20999df2af8eb42d56 -> 
  custom:audio-encoder-webm-vorbis: bf7c407c2cedff20999df2af8eb42d56 -> 
========================================================================
Received Import Request.
  Time since last request: 101.857961 seconds.
  path: Assets/Prefabs/Chunks/Chunk5.prefab
  artifactKey: Guid(c05d91dbaf340c544b4e51a94290d254) Importer(815301076,1909f56bfc062723c751e8b465ee728b)
Start importing Assets/Prefabs/Chunks/Chunk5.prefab using Guid(c05d91dbaf340c544b4e51a94290d254) Importer(815301076,1909f56bfc062723c751e8b465ee728b)  -> (artifact id: 'daf45b411ca957d9d6b10e2104d7d79b') in 0.132464 seconds
Number of updated asset objects reloaded before import = 0
Number of asset objects unloaded after import = 141
========================================================================
Received Import Request.
  Time since last request: 1.987186 seconds.
  path: Assets/Prefabs/Chunks/Chunk5.prefab
  artifactKey: Guid(c05d91dbaf340c544b4e51a94290d254) Importer(815301076,1909f56bfc062723c751e8b465ee728b)
Start importing Assets/Prefabs/Chunks/Chunk5.prefab using Guid(c05d91dbaf340c544b4e51a94290d254) Importer(815301076,1909f56bfc062723c751e8b465ee728b)  -> (artifact id: '101b8e4eaf65092d9f2454e2326378d9') in 0.034864 seconds
Number of updated asset objects reloaded before import = 0
Number of asset objects unloaded after import = 141
========================================================================
Received Prepare
Begin MonoManager ReloadAssembly
Symbol file LoadedFromMemory doesn't match image D:\Uni work\GAM20003\ChromaShift\ChromaShift\Library\PackageCache\com.unity.visualscripting@1.8.0\Editor\VisualScripting.Core\Dependencies\YamlDotNet\Unity.VisualScripting.YamlDotNet.dll
Symbol file LoadedFromMemory doesn't match image D:\Uni work\GAM20003\ChromaShift\ChromaShift\Library\PackageCache\com.unity.visualscripting@1.8.0\Editor\VisualScripting.Core\Dependencies\DotNetZip\Unity.VisualScripting.IonicZip.dll
- Loaded All Assemblies, in  0.398 seconds
Refreshing native plugins compatible for Editor in 1.53 ms, found 3 plugins.
Native extension for WindowsStandalone target not found
Mono: successfully reloaded assembly
- Finished resetting the current domain, in  0.726 seconds
Domain Reload Profiling: 1124ms
	BeginReloadAssembly (150ms)
		ExecutionOrderSort (0ms)
		DisableScriptedObjects (5ms)
		BackupInstance (0ms)
		ReleaseScriptingObjects (0ms)
		CreateAndSetChildDomain (33ms)
	RebuildCommonClasses (33ms)
	RebuildNativeTypeToScriptingClass (12ms)
	initialDomainReloadingComplete (23ms)
	LoadAllAssembliesAndSetupDomain (180ms)
		LoadAssemblies (246ms)
		RebuildTransferFunctionScriptingTraits (0ms)
		AnalyzeDomain (17ms)
			TypeCache.Refresh (7ms)
				TypeCache.ScanAssembly (0ms)
			ScanForSourceGeneratedMonoScriptInfo (0ms)
			ResolveRequiredComponents (5ms)
	FinalizeReload (726ms)
		ReleaseScriptCaches (0ms)
		RebuildScriptCaches (0ms)
		SetupLoadedEditorAssemblies (331ms)
			LogAssemblyErrors (0ms)
			InitializePlatformSupportModulesInManaged (5ms)
			SetLoadedEditorAssemblies (5ms)
			RefreshPlugins (0ms)
			BeforeProcessingInitializeOnLoad (59ms)
			ProcessInitializeOnLoadAttributes (238ms)
			ProcessInitializeOnLoadMethodAttributes (21ms)
			AfterProcessingInitializeOnLoad (3ms)
			EditorAssembliesLoaded (0ms)
		ExecutionOrderSort2 (0ms)
		AwakeInstancesAfterBackupRestoration (8ms)
Refreshing native plugins compatible for Editor in 2.87 ms, found 3 plugins.
Preloading 0 native plugins for Editor in 0.00 ms.
Unloading 3078 Unused Serialized files (Serialized files now loaded: 0)
Unloading 22 unused Assets / (30.6 KB). Loaded Objects now: 3689.
Memory consumption went from 118.8 MB to 118.8 MB.
Total: 4.289300 ms (FindLiveObjects: 0.337500 ms CreateObjectMapping: 0.327900 ms MarkObjects: 3.472700 ms  DeleteObjects: 0.149800 ms)

Prepare: number of updated asset objects reloaded= 0
AssetImportParameters requested are different than current active one (requested -> active):
  custom:container-demuxer-ogg: 62fdf1f143b41e24485cea50d1cbac27 -> 
  custom:video-codec-MediaFoundation-h265: 746d11721c4dcdbdad8f713fa42b33f4 -> 
  custom:video-decoder-ogg-theora: a1e56fd34408186e4bbccfd4996cb3dc -> 
  custom:framework-win-MediaFoundation: 216162199b28c13a410421893ffa2e32 -> 
  custom:CustomObjectIndexerAttribute: 756ad292c208cfabdd7b50bc23989ffe -> 
  custom:container-demuxer-webm: 4f35f7cbe854078d1ac9338744f61a02 -> 
  custom:container-muxer-webm: aa71ff27fc2769a1b78a27578f13a17b -> 
  custom:video-decoder-webm-vp8: 9c59270c3fd7afecdb556c50c9e8de78 -> 
  custom:SearchIndexIgnoredProperties: e643bd26f0fe6173181afceb89e7c659 -> 
  custom:AudioImporter_EditorPlatform: d09bf68614088b80899f8185d706f6e7 -> 
  custom:video-encoder-webm-vp8: eb34c28f22e8b96e1ab97ce403110664 -> 
  custom:audio-decoder-ogg-vorbis: bf7c407c2cedff20999df2af8eb42d56 -> 
  custom:audio-encoder-webm-vorbis: bf7c407c2cedff20999df2af8eb42d56 -> 
========================================================================
Received Prepare
Begin MonoManager ReloadAssembly
Symbol file LoadedFromMemory doesn't match image D:\Uni work\GAM20003\ChromaShift\ChromaShift\Library\PackageCache\com.unity.visualscripting@1.8.0\Editor\VisualScripting.Core\Dependencies\YamlDotNet\Unity.VisualScripting.YamlDotNet.dll
Symbol file LoadedFromMemory doesn't match image D:\Uni work\GAM20003\ChromaShift\ChromaShift\Library\PackageCache\com.unity.visualscripting@1.8.0\Editor\VisualScripting.Core\Dependencies\DotNetZip\Unity.VisualScripting.IonicZip.dll
- Loaded All Assemblies, in  0.408 seconds
Refreshing native plugins compatible for Editor in 1.71 ms, found 3 plugins.
Native extension for WindowsStandalone target not found
Mono: successfully reloaded assembly
- Finished resetting the current domain, in  0.692 seconds
Domain Reload Profiling: 1101ms
	BeginReloadAssembly (149ms)
		ExecutionOrderSort (0ms)
		DisableScriptedObjects (7ms)
		BackupInstance (0ms)
		ReleaseScriptingObjects (0ms)
		CreateAndSetChildDomain (32ms)
	RebuildCommonClasses (33ms)
	RebuildNativeTypeToScriptingClass (13ms)
	initialDomainReloadingComplete (32ms)
	LoadAllAssembliesAndSetupDomain (181ms)
		LoadAssemblies (247ms)
		RebuildTransferFunctionScriptingTraits (0ms)
		AnalyzeDomain (14ms)
			TypeCache.Refresh (7ms)
				TypeCache.ScanAssembly (0ms)
			ScanForSourceGeneratedMonoScriptInfo (0ms)
			ResolveRequiredComponents (5ms)
	FinalizeReload (693ms)
		ReleaseScriptCaches (0ms)
		RebuildScriptCaches (0ms)
		SetupLoadedEditorAssemblies (327ms)
			LogAssemblyErrors (0ms)
			InitializePlatformSupportModulesInManaged (5ms)
			SetLoadedEditorAssemblies (5ms)
			RefreshPlugins (0ms)
			BeforeProcessingInitializeOnLoad (61ms)
			ProcessInitializeOnLoadAttributes (231ms)
			ProcessInitializeOnLoadMethodAttributes (23ms)
			AfterProcessingInitializeOnLoad (2ms)
			EditorAssembliesLoaded (0ms)
		ExecutionOrderSort2 (0ms)
		AwakeInstancesAfterBackupRestoration (7ms)
Refreshing native plugins compatible for Editor in 1.92 ms, found 3 plugins.
Preloading 0 native plugins for Editor in 0.00 ms.
Unloading 3079 Unused Serialized files (Serialized files now loaded: 0)
Unloading 22 unused Assets / (30.6 KB). Loaded Objects now: 3692.
Memory consumption went from 119.1 MB to 119.1 MB.
Total: 7.132100 ms (FindLiveObjects: 0.710400 ms CreateObjectMapping: 1.187200 ms MarkObjects: 5.167000 ms  DeleteObjects: 0.065800 ms)

Prepare: number of updated asset objects reloaded= 0
AssetImportParameters requested are different than current active one (requested -> active):
  custom:container-demuxer-ogg: 62fdf1f143b41e24485cea50d1cbac27 -> 
  custom:video-codec-MediaFoundation-h265: 746d11721c4dcdbdad8f713fa42b33f4 -> 
  custom:video-decoder-ogg-theora: a1e56fd34408186e4bbccfd4996cb3dc -> 
  custom:framework-win-MediaFoundation: 216162199b28c13a410421893ffa2e32 -> 
  custom:CustomObjectIndexerAttribute: 756ad292c208cfabdd7b50bc23989ffe -> 
  custom:container-demuxer-webm: 4f35f7cbe854078d1ac9338744f61a02 -> 
  custom:container-muxer-webm: aa71ff27fc2769a1b78a27578f13a17b -> 
  custom:video-decoder-webm-vp8: 9c59270c3fd7afecdb556c50c9e8de78 -> 
  custom:SearchIndexIgnoredProperties: e643bd26f0fe6173181afceb89e7c659 -> 
  custom:AudioImporter_EditorPlatform: d09bf68614088b80899f8185d706f6e7 -> 
  custom:video-encoder-webm-vp8: eb34c28f22e8b96e1ab97ce403110664 -> 
  custom:audio-decoder-ogg-vorbis: bf7c407c2cedff20999df2af8eb42d56 -> 
  custom:audio-encoder-webm-vorbis: bf7c407c2cedff20999df2af8eb42d56 -> 
========================================================================
Received Prepare
Begin MonoManager ReloadAssembly
Symbol file LoadedFromMemory doesn't match image D:\Uni work\GAM20003\ChromaShift\ChromaShift\Library\PackageCache\com.unity.visualscripting@1.8.0\Editor\VisualScripting.Core\Dependencies\YamlDotNet\Unity.VisualScripting.YamlDotNet.dll
Symbol file LoadedFromMemory doesn't match image D:\Uni work\GAM20003\ChromaShift\ChromaShift\Library\PackageCache\com.unity.visualscripting@1.8.0\Editor\VisualScripting.Core\Dependencies\DotNetZip\Unity.VisualScripting.IonicZip.dll
- Loaded All Assemblies, in  0.411 seconds
Refreshing native plugins compatible for Editor in 1.47 ms, found 3 plugins.
Native extension for WindowsStandalone target not found
Mono: successfully reloaded assembly
- Finished resetting the current domain, in  0.700 seconds
Domain Reload Profiling: 1111ms
	BeginReloadAssembly (152ms)
		ExecutionOrderSort (0ms)
		DisableScriptedObjects (6ms)
		BackupInstance (0ms)
		ReleaseScriptingObjects (0ms)
		CreateAndSetChildDomain (33ms)
	RebuildCommonClasses (35ms)
	RebuildNativeTypeToScriptingClass (12ms)
	initialDomainReloadingComplete (25ms)
	LoadAllAssembliesAndSetupDomain (186ms)
		LoadAssemblies (253ms)
		RebuildTransferFunctionScriptingTraits (0ms)
		AnalyzeDomain (16ms)
			TypeCache.Refresh (7ms)
				TypeCache.ScanAssembly (0ms)
			ScanForSourceGeneratedMonoScriptInfo (0ms)
			ResolveRequiredComponents (7ms)
	FinalizeReload (700ms)
		ReleaseScriptCaches (0ms)
		RebuildScriptCaches (0ms)
		SetupLoadedEditorAssemblies (338ms)
			LogAssemblyErrors (0ms)
			InitializePlatformSupportModulesInManaged (4ms)
			SetLoadedEditorAssemblies (5ms)
			RefreshPlugins (0ms)
			BeforeProcessingInitializeOnLoad (57ms)
			ProcessInitializeOnLoadAttributes (250ms)
			ProcessInitializeOnLoadMethodAttributes (19ms)
			AfterProcessingInitializeOnLoad (2ms)
			EditorAssembliesLoaded (0ms)
		ExecutionOrderSort2 (0ms)
		AwakeInstancesAfterBackupRestoration (7ms)
Refreshing native plugins compatible for Editor in 1.61 ms, found 3 plugins.
Preloading 0 native plugins for Editor in 0.00 ms.
Unloading 3079 Unused Serialized files (Serialized files now loaded: 0)
Unloading 22 unused Assets / (30.6 KB). Loaded Objects now: 3695.
Memory consumption went from 119.1 MB to 119.1 MB.
Total: 5.981700 ms (FindLiveObjects: 0.964000 ms CreateObjectMapping: 0.530800 ms MarkObjects: 4.376200 ms  DeleteObjects: 0.108600 ms)

Prepare: number of updated asset objects reloaded= 0
AssetImportParameters requested are different than current active one (requested -> active):
  custom:container-demuxer-ogg: 62fdf1f143b41e24485cea50d1cbac27 -> 
  custom:video-codec-MediaFoundation-h265: 746d11721c4dcdbdad8f713fa42b33f4 -> 
  custom:video-decoder-ogg-theora: a1e56fd34408186e4bbccfd4996cb3dc -> 
  custom:framework-win-MediaFoundation: 216162199b28c13a410421893ffa2e32 -> 
  custom:CustomObjectIndexerAttribute: 756ad292c208cfabdd7b50bc23989ffe -> 
  custom:container-demuxer-webm: 4f35f7cbe854078d1ac9338744f61a02 -> 
  custom:container-muxer-webm: aa71ff27fc2769a1b78a27578f13a17b -> 
  custom:video-decoder-webm-vp8: 9c59270c3fd7afecdb556c50c9e8de78 -> 
  custom:SearchIndexIgnoredProperties: e643bd26f0fe6173181afceb89e7c659 -> 
  custom:AudioImporter_EditorPlatform: d09bf68614088b80899f8185d706f6e7 -> 
  custom:video-encoder-webm-vp8: eb34c28f22e8b96e1ab97ce403110664 -> 
  custom:audio-decoder-ogg-vorbis: bf7c407c2cedff20999df2af8eb42d56 -> 
  custom:audio-encoder-webm-vorbis: bf7c407c2cedff20999df2af8eb42d56 -> 
========================================================================
Received Prepare
Begin MonoManager ReloadAssembly
Symbol file LoadedFromMemory doesn't match image D:\Uni work\GAM20003\ChromaShift\ChromaShift\Library\PackageCache\com.unity.visualscripting@1.8.0\Editor\VisualScripting.Core\Dependencies\YamlDotNet\Unity.VisualScripting.YamlDotNet.dll
Symbol file LoadedFromMemory doesn't match image D:\Uni work\GAM20003\ChromaShift\ChromaShift\Library\PackageCache\com.unity.visualscripting@1.8.0\Editor\VisualScripting.Core\Dependencies\DotNetZip\Unity.VisualScripting.IonicZip.dll
- Loaded All Assemblies, in  0.393 seconds
Refreshing native plugins compatible for Editor in 1.55 ms, found 3 plugins.
Native extension for WindowsStandalone target not found
Mono: successfully reloaded assembly
- Finished resetting the current domain, in  0.684 seconds
Domain Reload Profiling: 1077ms
	BeginReloadAssembly (146ms)
		ExecutionOrderSort (0ms)
		DisableScriptedObjects (6ms)
		BackupInstance (0ms)
		ReleaseScriptingObjects (0ms)
		CreateAndSetChildDomain (33ms)
	RebuildCommonClasses (33ms)
	RebuildNativeTypeToScriptingClass (12ms)
	initialDomainReloadingComplete (27ms)
	LoadAllAssembliesAndSetupDomain (175ms)
		LoadAssemblies (240ms)
		RebuildTransferFunctionScriptingTraits (0ms)
		AnalyzeDomain (13ms)
			TypeCache.Refresh (7ms)
				TypeCache.ScanAssembly (0ms)
			ScanForSourceGeneratedMonoScriptInfo (0ms)
			ResolveRequiredComponents (5ms)
	FinalizeReload (685ms)
		ReleaseScriptCaches (0ms)
		RebuildScriptCaches (0ms)
		SetupLoadedEditorAssemblies (316ms)
			LogAssemblyErrors (0ms)
			InitializePlatformSupportModulesInManaged (4ms)
			SetLoadedEditorAssemblies (5ms)
			RefreshPlugins (0ms)
			BeforeProcessingInitializeOnLoad (54ms)
			ProcessInitializeOnLoadAttributes (230ms)
			ProcessInitializeOnLoadMethodAttributes (20ms)
			AfterProcessingInitializeOnLoad (2ms)
			EditorAssembliesLoaded (0ms)
		ExecutionOrderSort2 (0ms)
		AwakeInstancesAfterBackupRestoration (7ms)
Refreshing native plugins compatible for Editor in 2.24 ms, found 3 plugins.
Preloading 0 native plugins for Editor in 0.00 ms.
Unloading 3079 Unused Serialized files (Serialized files now loaded: 0)
Unloading 22 unused Assets / (30.6 KB). Loaded Objects now: 3698.
Memory consumption went from 119.1 MB to 119.1 MB.
Total: 4.744900 ms (FindLiveObjects: 0.365500 ms CreateObjectMapping: 0.383100 ms MarkObjects: 3.842600 ms  DeleteObjects: 0.152400 ms)

Prepare: number of updated asset objects reloaded= 0
AssetImportParameters requested are different than current active one (requested -> active):
  custom:container-demuxer-ogg: 62fdf1f143b41e24485cea50d1cbac27 -> 
  custom:video-codec-MediaFoundation-h265: 746d11721c4dcdbdad8f713fa42b33f4 -> 
  custom:video-decoder-ogg-theora: a1e56fd34408186e4bbccfd4996cb3dc -> 
  custom:framework-win-MediaFoundation: 216162199b28c13a410421893ffa2e32 -> 
  custom:CustomObjectIndexerAttribute: 756ad292c208cfabdd7b50bc23989ffe -> 
  custom:container-demuxer-webm: 4f35f7cbe854078d1ac9338744f61a02 -> 
  custom:container-muxer-webm: aa71ff27fc2769a1b78a27578f13a17b -> 
  custom:video-decoder-webm-vp8: 9c59270c3fd7afecdb556c50c9e8de78 -> 
  custom:SearchIndexIgnoredProperties: e643bd26f0fe6173181afceb89e7c659 -> 
  custom:AudioImporter_EditorPlatform: d09bf68614088b80899f8185d706f6e7 -> 
  custom:video-encoder-webm-vp8: eb34c28f22e8b96e1ab97ce403110664 -> 
  custom:audio-decoder-ogg-vorbis: bf7c407c2cedff20999df2af8eb42d56 -> 
  custom:audio-encoder-webm-vorbis: bf7c407c2cedff20999df2af8eb42d56 -> 
========================================================================
Received Prepare
Begin MonoManager ReloadAssembly
Symbol file LoadedFromMemory doesn't match image D:\Uni work\GAM20003\ChromaShift\ChromaShift\Library\PackageCache\com.unity.visualscripting@1.8.0\Editor\VisualScripting.Core\Dependencies\YamlDotNet\Unity.VisualScripting.YamlDotNet.dll
Symbol file LoadedFromMemory doesn't match image D:\Uni work\GAM20003\ChromaShift\ChromaShift\Library\PackageCache\com.unity.visualscripting@1.8.0\Editor\VisualScripting.Core\Dependencies\DotNetZip\Unity.VisualScripting.IonicZip.dll
- Loaded All Assemblies, in  0.980 seconds
Refreshing native plugins compatible for Editor in 2.65 ms, found 3 plugins.
Native extension for WindowsStandalone target not found
Mono: successfully reloaded assembly
- Finished resetting the current domain, in  1.786 seconds
Domain Reload Profiling: 2767ms
	BeginReloadAssembly (394ms)
		ExecutionOrderSort (0ms)
		DisableScriptedObjects (14ms)
		BackupInstance (0ms)
		ReleaseScriptingObjects (0ms)
		CreateAndSetChildDomain (154ms)
	RebuildCommonClasses (58ms)
	RebuildNativeTypeToScriptingClass (25ms)
	initialDomainReloadingComplete (73ms)
	LoadAllAssembliesAndSetupDomain (430ms)
		LoadAssemblies (583ms)
		RebuildTransferFunctionScriptingTraits (0ms)
		AnalyzeDomain (23ms)
			TypeCache.Refresh (13ms)
				TypeCache.ScanAssembly (0ms)
			ScanForSourceGeneratedMonoScriptInfo (0ms)
			ResolveRequiredComponents (7ms)
	FinalizeReload (1788ms)
		ReleaseScriptCaches (0ms)
		RebuildScriptCaches (0ms)
		SetupLoadedEditorAssemblies (867ms)
			LogAssemblyErrors (0ms)
			InitializePlatformSupportModulesInManaged (5ms)
			SetLoadedEditorAssemblies (6ms)
			RefreshPlugins (0ms)
			BeforeProcessingInitializeOnLoad (134ms)
			ProcessInitializeOnLoadAttributes (668ms)
			ProcessInitializeOnLoadMethodAttributes (49ms)
			AfterProcessingInitializeOnLoad (5ms)
			EditorAssembliesLoaded (0ms)
		ExecutionOrderSort2 (0ms)
		AwakeInstancesAfterBackupRestoration (15ms)
Refreshing native plugins compatible for Editor in 2.23 ms, found 3 plugins.
Preloading 0 native plugins for Editor in 0.00 ms.
Unloading 3079 Unused Serialized files (Serialized files now loaded: 0)
Unloading 22 unused Assets / (30.6 KB). Loaded Objects now: 3701.
Memory consumption went from 119.1 MB to 119.1 MB.
Total: 4.918000 ms (FindLiveObjects: 0.424500 ms CreateObjectMapping: 0.406700 ms MarkObjects: 4.018300 ms  DeleteObjects: 0.066900 ms)

Prepare: number of updated asset objects reloaded= 0
AssetImportParameters requested are different than current active one (requested -> active):
  custom:container-demuxer-ogg: 62fdf1f143b41e24485cea50d1cbac27 -> 
  custom:video-codec-MediaFoundation-h265: 746d11721c4dcdbdad8f713fa42b33f4 -> 
  custom:video-decoder-ogg-theora: a1e56fd34408186e4bbccfd4996cb3dc -> 
  custom:framework-win-MediaFoundation: 216162199b28c13a410421893ffa2e32 -> 
  custom:CustomObjectIndexerAttribute: 756ad292c208cfabdd7b50bc23989ffe -> 
  custom:container-demuxer-webm: 4f35f7cbe854078d1ac9338744f61a02 -> 
  custom:container-muxer-webm: aa71ff27fc2769a1b78a27578f13a17b -> 
  custom:video-decoder-webm-vp8: 9c59270c3fd7afecdb556c50c9e8de78 -> 
  custom:SearchIndexIgnoredProperties: e643bd26f0fe6173181afceb89e7c659 -> 
  custom:AudioImporter_EditorPlatform: d09bf68614088b80899f8185d706f6e7 -> 
  custom:video-encoder-webm-vp8: eb34c28f22e8b96e1ab97ce403110664 -> 
  custom:audio-decoder-ogg-vorbis: bf7c407c2cedff20999df2af8eb42d56 -> 
  custom:audio-encoder-webm-vorbis: bf7c407c2cedff20999df2af8eb42d56 -> 
========================================================================
Received Import Request.
  Time since last request: 1245.860797 seconds.
  path: Assets/Prefabs/Chunks/Chunk1.prefab
  artifactKey: Guid(7dd7e313665aa8c41b6cb19f75e25859) Importer(815301076,1909f56bfc062723c751e8b465ee728b)
Start importing Assets/Prefabs/Chunks/Chunk1.prefab using Guid(7dd7e313665aa8c41b6cb19f75e25859) Importer(815301076,1909f56bfc062723c751e8b465ee728b)  -> (artifact id: '1b21f511ffe425373dcb64368cdb19ab') in 0.208653 seconds
Number of updated asset objects reloaded before import = 0
Number of asset objects unloaded after import = 124
========================================================================
Received Import Request.
  Time since last request: 0.000025 seconds.
  path: Assets/Prefabs/Chunks/Chunk5.prefab
  artifactKey: Guid(c05d91dbaf340c544b4e51a94290d254) Importer(815301076,1909f56bfc062723c751e8b465ee728b)
Start importing Assets/Prefabs/Chunks/Chunk5.prefab using Guid(c05d91dbaf340c544b4e51a94290d254) Importer(815301076,1909f56bfc062723c751e8b465ee728b)  -> (artifact id: '12a4b38ab9f815182cdcdaa25b58d5a8') in 0.044784 seconds
Number of updated asset objects reloaded before import = 0
Number of asset objects unloaded after import = 141
========================================================================
Received Import Request.
  Time since last request: 0.000043 seconds.
  path: Assets/Prefabs/Chunks/Chunk3.prefab
  artifactKey: Guid(627cefbbdae7e5849bec296d532ebbad) Importer(815301076,1909f56bfc062723c751e8b465ee728b)
Start importing Assets/Prefabs/Chunks/Chunk3.prefab using Guid(627cefbbdae7e5849bec296d532ebbad) Importer(815301076,1909f56bfc062723c751e8b465ee728b)  -> (artifact id: '51c521dac38c6d371084b3e94f4706ec') in 0.030991 seconds
Number of updated asset objects reloaded before import = 0
Number of asset objects unloaded after import = 122
========================================================================
Received Import Request.
  Time since last request: 16.900563 seconds.
  path: Assets/Prefabs/Chunks/Chunk4.prefab
  artifactKey: Guid(b718ae92855b14b47a0f20ae878fe190) Importer(815301076,1909f56bfc062723c751e8b465ee728b)
Start importing Assets/Prefabs/Chunks/Chunk4.prefab using Guid(b718ae92855b14b47a0f20ae878fe190) Importer(815301076,1909f56bfc062723c751e8b465ee728b)  -> (artifact id: '8cfa5b4196f826ddb2b92f21f61df056') in 0.027193 seconds
Number of updated asset objects reloaded before import = 0
Number of asset objects unloaded after import = 137
========================================================================
Received Import Request.
  Time since last request: 3.582817 seconds.
  path: Assets/Prefabs/Chunks/Chunk4.prefab
  artifactKey: Guid(b718ae92855b14b47a0f20ae878fe190) Importer(815301076,1909f56bfc062723c751e8b465ee728b)
Start importing Assets/Prefabs/Chunks/Chunk4.prefab using Guid(b718ae92855b14b47a0f20ae878fe190) Importer(815301076,1909f56bfc062723c751e8b465ee728b)  -> (artifact id: '0b70ded392453122563a2197def5b8ac') in 0.026434 seconds
Number of updated asset objects reloaded before import = 0
Number of asset objects unloaded after import = 137
========================================================================
Received Import Request.
  Time since last request: 9.061518 seconds.
  path: Assets/Prefabs/Chunks/Chunk4.prefab
  artifactKey: Guid(b718ae92855b14b47a0f20ae878fe190) Importer(815301076,1909f56bfc062723c751e8b465ee728b)
Start importing Assets/Prefabs/Chunks/Chunk4.prefab using Guid(b718ae92855b14b47a0f20ae878fe190) Importer(815301076,1909f56bfc062723c751e8b465ee728b)  -> (artifact id: '77a46c4b8a9bbdeaf97e6aecf90ee3a9') in 0.025369 seconds
Number of updated asset objects reloaded before import = 0
Number of asset objects unloaded after import = 137
========================================================================
Received Import Request.
  Time since last request: 2.587257 seconds.
  path: Assets/Prefabs/Chunks/Chunk4.prefab
  artifactKey: Guid(b718ae92855b14b47a0f20ae878fe190) Importer(815301076,1909f56bfc062723c751e8b465ee728b)
Start importing Assets/Prefabs/Chunks/Chunk4.prefab using Guid(b718ae92855b14b47a0f20ae878fe190) Importer(815301076,1909f56bfc062723c751e8b465ee728b)  -> (artifact id: '42d76eac3bb1bfae214527c8f6e4d11a') in 0.024131 seconds
Number of updated asset objects reloaded before import = 0
Number of asset objects unloaded after import = 137
========================================================================
Received Import Request.
  Time since last request: 5.624802 seconds.
  path: Assets/Prefabs/Chunks/Chunk4.prefab
  artifactKey: Guid(b718ae92855b14b47a0f20ae878fe190) Importer(815301076,1909f56bfc062723c751e8b465ee728b)
Start importing Assets/Prefabs/Chunks/Chunk4.prefab using Guid(b718ae92855b14b47a0f20ae878fe190) Importer(815301076,1909f56bfc062723c751e8b465ee728b)  -> (artifact id: '9f1fd01ca90a312f986b8e157b4028c7') in 0.025122 seconds
Number of updated asset objects reloaded before import = 0
Number of asset objects unloaded after import = 137
========================================================================
Received Import Request.
  Time since last request: 7.027259 seconds.
  path: Assets/Prefabs/Chunks/Chunk4.prefab
  artifactKey: Guid(b718ae92855b14b47a0f20ae878fe190) Importer(815301076,1909f56bfc062723c751e8b465ee728b)
Start importing Assets/Prefabs/Chunks/Chunk4.prefab using Guid(b718ae92855b14b47a0f20ae878fe190) Importer(815301076,1909f56bfc062723c751e8b465ee728b)  -> (artifact id: '8b7e07157962c21c3f2ee2a53a7a24d7') in 0.025813 seconds
Number of updated asset objects reloaded before import = 0
Number of asset objects unloaded after import = 137
========================================================================
Received Import Request.
  Time since last request: 6.031399 seconds.
  path: Assets/Prefabs/Chunks/Chunk4.prefab
  artifactKey: Guid(b718ae92855b14b47a0f20ae878fe190) Importer(815301076,1909f56bfc062723c751e8b465ee728b)
Start importing Assets/Prefabs/Chunks/Chunk4.prefab using Guid(b718ae92855b14b47a0f20ae878fe190) Importer(815301076,1909f56bfc062723c751e8b465ee728b)  -> (artifact id: '7f1b491d124406e433dbc9b547b688ec') in 0.025141 seconds
Number of updated asset objects reloaded before import = 0
Number of asset objects unloaded after import = 137
========================================================================
Received Import Request.
  Time since last request: 3.403033 seconds.
  path: Assets/Prefabs/Chunks/Chunk4.prefab
  artifactKey: Guid(b718ae92855b14b47a0f20ae878fe190) Importer(815301076,1909f56bfc062723c751e8b465ee728b)
Start importing Assets/Prefabs/Chunks/Chunk4.prefab using Guid(b718ae92855b14b47a0f20ae878fe190) Importer(815301076,1909f56bfc062723c751e8b465ee728b)  -> (artifact id: 'b614bd94c3ea765bebac888acd4805ae') in 0.025014 seconds
Number of updated asset objects reloaded before import = 0
Number of asset objects unloaded after import = 137
========================================================================
Received Import Request.
  Time since last request: 5.353228 seconds.
  path: Assets/Prefabs/Chunks/Chunk4.prefab
  artifactKey: Guid(b718ae92855b14b47a0f20ae878fe190) Importer(815301076,1909f56bfc062723c751e8b465ee728b)
Start importing Assets/Prefabs/Chunks/Chunk4.prefab using Guid(b718ae92855b14b47a0f20ae878fe190) Importer(815301076,1909f56bfc062723c751e8b465ee728b)  -> (artifact id: 'c056ebcd70060b3b92202b534e53f89e') in 0.026994 seconds
Number of updated asset objects reloaded before import = 0
Number of asset objects unloaded after import = 137
========================================================================
Received Import Request.
  Time since last request: 2.987654 seconds.
  path: Assets/Prefabs/Chunks/Chunk4.prefab
  artifactKey: Guid(b718ae92855b14b47a0f20ae878fe190) Importer(815301076,1909f56bfc062723c751e8b465ee728b)
Start importing Assets/Prefabs/Chunks/Chunk4.prefab using Guid(b718ae92855b14b47a0f20ae878fe190) Importer(815301076,1909f56bfc062723c751e8b465ee728b)  -> (artifact id: 'c3c68e53d3a753b4368bc45b301c7188') in 0.024113 seconds
Number of updated asset objects reloaded before import = 0
Number of asset objects unloaded after import = 137
========================================================================
Received Import Request.
  Time since last request: 11.690443 seconds.
  path: Assets/Prefabs/Chunks/Chunk4.prefab
  artifactKey: Guid(b718ae92855b14b47a0f20ae878fe190) Importer(815301076,1909f56bfc062723c751e8b465ee728b)
Start importing Assets/Prefabs/Chunks/Chunk4.prefab using Guid(b718ae92855b14b47a0f20ae878fe190) Importer(815301076,1909f56bfc062723c751e8b465ee728b)  -> (artifact id: '5bf35c8ed0a8181305735022a0e70802') in 0.026348 seconds
Number of updated asset objects reloaded before import = 0
Number of asset objects unloaded after import = 134
========================================================================
Received Import Request.
  Time since last request: 1.786382 seconds.
  path: Assets/Prefabs/Chunks/Chunk4.prefab
  artifactKey: Guid(b718ae92855b14b47a0f20ae878fe190) Importer(815301076,1909f56bfc062723c751e8b465ee728b)
Start importing Assets/Prefabs/Chunks/Chunk4.prefab using Guid(b718ae92855b14b47a0f20ae878fe190) Importer(815301076,1909f56bfc062723c751e8b465ee728b)  -> (artifact id: 'ed7990e943e45d0e315b9870889499d0') in 0.025703 seconds
Number of updated asset objects reloaded before import = 0
Number of asset objects unloaded after import = 137
========================================================================
Received Import Request.
  Time since last request: 0.776272 seconds.
  path: Assets/Prefabs/Chunks/Chunk4.prefab
  artifactKey: Guid(b718ae92855b14b47a0f20ae878fe190) Importer(815301076,1909f56bfc062723c751e8b465ee728b)
Start importing Assets/Prefabs/Chunks/Chunk4.prefab using Guid(b718ae92855b14b47a0f20ae878fe190) Importer(815301076,1909f56bfc062723c751e8b465ee728b)  -> (artifact id: 'b3f63ad0723c574f35daf67f819e2eae') in 0.023947 seconds
Number of updated asset objects reloaded before import = 0
Number of asset objects unloaded after import = 137
========================================================================
Received Import Request.
  Time since last request: 1.995275 seconds.
  path: Assets/Prefabs/Chunks/Chunk4.prefab
  artifactKey: Guid(b718ae92855b14b47a0f20ae878fe190) Importer(815301076,1909f56bfc062723c751e8b465ee728b)
Start importing Assets/Prefabs/Chunks/Chunk4.prefab using Guid(b718ae92855b14b47a0f20ae878fe190) Importer(815301076,1909f56bfc062723c751e8b465ee728b)  -> (artifact id: '616d39157f3c877769a6dd03b8f9b76f') in 0.028385 seconds
Number of updated asset objects reloaded before import = 0
Number of asset objects unloaded after import = 137
========================================================================
Received Import Request.
  Time since last request: 2.804699 seconds.
  path: Assets/Prefabs/Chunks/Chunk4.prefab
  artifactKey: Guid(b718ae92855b14b47a0f20ae878fe190) Importer(815301076,1909f56bfc062723c751e8b465ee728b)
Start importing Assets/Prefabs/Chunks/Chunk4.prefab using Guid(b718ae92855b14b47a0f20ae878fe190) Importer(815301076,1909f56bfc062723c751e8b465ee728b)  -> (artifact id: '81c49f97c1187d89458dcf8e382c7c71') in 0.024622 seconds
Number of updated asset objects reloaded before import = 0
Number of asset objects unloaded after import = 137
========================================================================
Received Import Request.
  Time since last request: 9.083551 seconds.
  path: Assets/Prefabs/Chunks/Chunk4.prefab
  artifactKey: Guid(b718ae92855b14b47a0f20ae878fe190) Importer(815301076,1909f56bfc062723c751e8b465ee728b)
Start importing Assets/Prefabs/Chunks/Chunk4.prefab using Guid(b718ae92855b14b47a0f20ae878fe190) Importer(815301076,1909f56bfc062723c751e8b465ee728b)  -> (artifact id: 'f05003ae9f972fb7aa91e9b2ef791680') in 0.024616 seconds
Number of updated asset objects reloaded before import = 0
Number of asset objects unloaded after import = 137
========================================================================
Received Import Request.
  Time since last request: 3.611577 seconds.
  path: Assets/Prefabs/Chunks/Chunk4.prefab
  artifactKey: Guid(b718ae92855b14b47a0f20ae878fe190) Importer(815301076,1909f56bfc062723c751e8b465ee728b)
Start importing Assets/Prefabs/Chunks/Chunk4.prefab using Guid(b718ae92855b14b47a0f20ae878fe190) Importer(815301076,1909f56bfc062723c751e8b465ee728b)  -> (artifact id: 'ab881a5cb792174b55c14939d32ecca1') in 0.024517 seconds
Number of updated asset objects reloaded before import = 0
Number of asset objects unloaded after import = 137
========================================================================
Received Import Request.
  Time since last request: 1.792837 seconds.
  path: Assets/Prefabs/Chunks/Chunk4.prefab
  artifactKey: Guid(b718ae92855b14b47a0f20ae878fe190) Importer(815301076,1909f56bfc062723c751e8b465ee728b)
Start importing Assets/Prefabs/Chunks/Chunk4.prefab using Guid(b718ae92855b14b47a0f20ae878fe190) Importer(815301076,1909f56bfc062723c751e8b465ee728b)  -> (artifact id: '1a87cf5238975db3e39379dd77d5fa11') in 0.023197 seconds
Number of updated asset objects reloaded before import = 0
Number of asset objects unloaded after import = 137
========================================================================
Received Import Request.
  Time since last request: 2.609635 seconds.
  path: Assets/Prefabs/Chunks/Chunk4.prefab
  artifactKey: Guid(b718ae92855b14b47a0f20ae878fe190) Importer(815301076,1909f56bfc062723c751e8b465ee728b)
Start importing Assets/Prefabs/Chunks/Chunk4.prefab using Guid(b718ae92855b14b47a0f20ae878fe190) Importer(815301076,1909f56bfc062723c751e8b465ee728b)  -> (artifact id: '701341718ce4fea7826cbc92c0581171') in 0.023120 seconds
Number of updated asset objects reloaded before import = 0
Number of asset objects unloaded after import = 137
========================================================================
Received Import Request.
  Time since last request: 3.407791 seconds.
  path: Assets/Prefabs/Chunks/Chunk4.prefab
  artifactKey: Guid(b718ae92855b14b47a0f20ae878fe190) Importer(815301076,1909f56bfc062723c751e8b465ee728b)
Start importing Assets/Prefabs/Chunks/Chunk4.prefab using Guid(b718ae92855b14b47a0f20ae878fe190) Importer(815301076,1909f56bfc062723c751e8b465ee728b)  -> (artifact id: 'c6be9a75398f385c9ff114339c9bf6ca') in 0.024437 seconds
Number of updated asset objects reloaded before import = 0
Number of asset objects unloaded after import = 137
========================================================================
Received Import Request.
  Time since last request: 2.585879 seconds.
  path: Assets/Prefabs/Chunks/Chunk4.prefab
  artifactKey: Guid(b718ae92855b14b47a0f20ae878fe190) Importer(815301076,1909f56bfc062723c751e8b465ee728b)
Start importing Assets/Prefabs/Chunks/Chunk4.prefab using Guid(b718ae92855b14b47a0f20ae878fe190) Importer(815301076,1909f56bfc062723c751e8b465ee728b)  -> (artifact id: 'c7da0ec9b80e42728cca83206be31cca') in 0.025172 seconds
Number of updated asset objects reloaded before import = 0
Number of asset objects unloaded after import = 137
========================================================================
Received Import Request.
  Time since last request: 0.987147 seconds.
  path: Assets/Prefabs/Chunks/Chunk4.prefab
  artifactKey: Guid(b718ae92855b14b47a0f20ae878fe190) Importer(815301076,1909f56bfc062723c751e8b465ee728b)
Start importing Assets/Prefabs/Chunks/Chunk4.prefab using Guid(b718ae92855b14b47a0f20ae878fe190) Importer(815301076,1909f56bfc062723c751e8b465ee728b)  -> (artifact id: '0f5282d3baccc58c24ecd0dba1cf0cb4') in 0.026575 seconds
Number of updated asset objects reloaded before import = 0
Number of asset objects unloaded after import = 137
========================================================================
Received Import Request.
  Time since last request: 1.993070 seconds.
  path: Assets/Prefabs/Chunks/Chunk4.prefab
  artifactKey: Guid(b718ae92855b14b47a0f20ae878fe190) Importer(815301076,1909f56bfc062723c751e8b465ee728b)
Start importing Assets/Prefabs/Chunks/Chunk4.prefab using Guid(b718ae92855b14b47a0f20ae878fe190) Importer(815301076,1909f56bfc062723c751e8b465ee728b)  -> (artifact id: '7ab4e414756b509e3d938983cb40ffa6') in 0.024471 seconds
Number of updated asset objects reloaded before import = 0
Number of asset objects unloaded after import = 137
========================================================================
Received Import Request.
  Time since last request: 3.199943 seconds.
  path: Assets/Prefabs/Chunks/Chunk4.prefab
  artifactKey: Guid(b718ae92855b14b47a0f20ae878fe190) Importer(815301076,1909f56bfc062723c751e8b465ee728b)
Start importing Assets/Prefabs/Chunks/Chunk4.prefab using Guid(b718ae92855b14b47a0f20ae878fe190) Importer(815301076,1909f56bfc062723c751e8b465ee728b)  -> (artifact id: '39d120e8e694c94c0112ed3bc5ffc100') in 0.022077 seconds
Number of updated asset objects reloaded before import = 0
Number of asset objects unloaded after import = 137
========================================================================
Received Import Request.
  Time since last request: 1.990917 seconds.
  path: Assets/Prefabs/Chunks/Chunk4.prefab
  artifactKey: Guid(b718ae92855b14b47a0f20ae878fe190) Importer(815301076,1909f56bfc062723c751e8b465ee728b)
Start importing Assets/Prefabs/Chunks/Chunk4.prefab using Guid(b718ae92855b14b47a0f20ae878fe190) Importer(815301076,1909f56bfc062723c751e8b465ee728b)  -> (artifact id: 'a257b2c6067bb9f0663d146f6182d18c') in 0.023917 seconds
Number of updated asset objects reloaded before import = 0
Number of asset objects unloaded after import = 137
========================================================================
Received Import Request.
  Time since last request: 7.643581 seconds.
  path: Assets/Prefabs/Chunks/Chunk4.prefab
  artifactKey: Guid(b718ae92855b14b47a0f20ae878fe190) Importer(815301076,1909f56bfc062723c751e8b465ee728b)
Start importing Assets/Prefabs/Chunks/Chunk4.prefab using Guid(b718ae92855b14b47a0f20ae878fe190) Importer(815301076,1909f56bfc062723c751e8b465ee728b)  -> (artifact id: '6e88cbf7e81caddb3c6328fe13bbea3e') in 0.023931 seconds
Number of updated asset objects reloaded before import = 0
Number of asset objects unloaded after import = 137
========================================================================
Received Import Request.
  Time since last request: 3.422797 seconds.
  path: Assets/Prefabs/Chunks/Chunk4.prefab
  artifactKey: Guid(b718ae92855b14b47a0f20ae878fe190) Importer(815301076,1909f56bfc062723c751e8b465ee728b)
Start importing Assets/Prefabs/Chunks/Chunk4.prefab using Guid(b718ae92855b14b47a0f20ae878fe190) Importer(815301076,1909f56bfc062723c751e8b465ee728b)  -> (artifact id: 'a4a70eb3d55629846b7f7f6961196c01') in 0.023730 seconds
Number of updated asset objects reloaded before import = 0
Number of asset objects unloaded after import = 137
========================================================================
Received Import Request.
  Time since last request: 5.002271 seconds.
  path: Assets/Prefabs/Chunks/Chunk4.prefab
  artifactKey: Guid(b718ae92855b14b47a0f20ae878fe190) Importer(815301076,1909f56bfc062723c751e8b465ee728b)
Start importing Assets/Prefabs/Chunks/Chunk4.prefab using Guid(b718ae92855b14b47a0f20ae878fe190) Importer(815301076,1909f56bfc062723c751e8b465ee728b)  -> (artifact id: '06b8fc19bd71ce40e8470d364e5f2e82') in 0.024081 seconds
Number of updated asset objects reloaded before import = 0
Number of asset objects unloaded after import = 137
========================================================================
Received Import Request.
  Time since last request: 4.219632 seconds.
  path: Assets/Prefabs/Chunks/Chunk4.prefab
  artifactKey: Guid(b718ae92855b14b47a0f20ae878fe190) Importer(815301076,1909f56bfc062723c751e8b465ee728b)
Start importing Assets/Prefabs/Chunks/Chunk4.prefab using Guid(b718ae92855b14b47a0f20ae878fe190) Importer(815301076,1909f56bfc062723c751e8b465ee728b)  -> (artifact id: '5589610268d0d78813a0972fb0bc4e8e') in 0.026631 seconds
Number of updated asset objects reloaded before import = 0
Number of asset objects unloaded after import = 137
========================================================================
Received Import Request.
  Time since last request: 2.395912 seconds.
  path: Assets/Prefabs/Chunks/Chunk4.prefab
  artifactKey: Guid(b718ae92855b14b47a0f20ae878fe190) Importer(815301076,1909f56bfc062723c751e8b465ee728b)
Start importing Assets/Prefabs/Chunks/Chunk4.prefab using Guid(b718ae92855b14b47a0f20ae878fe190) Importer(815301076,1909f56bfc062723c751e8b465ee728b)  -> (artifact id: 'fd5713abc536b142b19ed69f5e9d1f16') in 0.028271 seconds
Number of updated asset objects reloaded before import = 0
Number of asset objects unloaded after import = 137
========================================================================
Received Import Request.
  Time since last request: 4.397776 seconds.
  path: Assets/Prefabs/Chunks/Chunk4.prefab
  artifactKey: Guid(b718ae92855b14b47a0f20ae878fe190) Importer(815301076,1909f56bfc062723c751e8b465ee728b)
Start importing Assets/Prefabs/Chunks/Chunk4.prefab using Guid(b718ae92855b14b47a0f20ae878fe190) Importer(815301076,1909f56bfc062723c751e8b465ee728b)  -> (artifact id: '595b44364d611ae9ae6819dc2311e07c') in 0.024423 seconds
Number of updated asset objects reloaded before import = 0
Number of asset objects unloaded after import = 140
========================================================================
Received Import Request.
  Time since last request: 2.191360 seconds.
  path: Assets/Prefabs/Chunks/Chunk4.prefab
  artifactKey: Guid(b718ae92855b14b47a0f20ae878fe190) Importer(815301076,1909f56bfc062723c751e8b465ee728b)
Start importing Assets/Prefabs/Chunks/Chunk4.prefab using Guid(b718ae92855b14b47a0f20ae878fe190) Importer(815301076,1909f56bfc062723c751e8b465ee728b)  -> (artifact id: '3e1d4f4d09dbe8748af62ae111cd0b3c') in 0.025113 seconds
Number of updated asset objects reloaded before import = 0
Number of asset objects unloaded after import = 140
========================================================================
Received Import Request.
  Time since last request: 2.999575 seconds.
  path: Assets/Prefabs/Chunks/Chunk4.prefab
  artifactKey: Guid(b718ae92855b14b47a0f20ae878fe190) Importer(815301076,1909f56bfc062723c751e8b465ee728b)
Start importing Assets/Prefabs/Chunks/Chunk4.prefab using Guid(b718ae92855b14b47a0f20ae878fe190) Importer(815301076,1909f56bfc062723c751e8b465ee728b)  -> (artifact id: '20d768a03c7ca2178e392dc80fd8c702') in 0.024140 seconds
Number of updated asset objects reloaded before import = 0
Number of asset objects unloaded after import = 140
========================================================================
Received Import Request.
  Time since last request: 2.596414 seconds.
  path: Assets/Prefabs/Chunks/Chunk4.prefab
  artifactKey: Guid(b718ae92855b14b47a0f20ae878fe190) Importer(815301076,1909f56bfc062723c751e8b465ee728b)
Start importing Assets/Prefabs/Chunks/Chunk4.prefab using Guid(b718ae92855b14b47a0f20ae878fe190) Importer(815301076,1909f56bfc062723c751e8b465ee728b)  -> (artifact id: 'aaeb2fc4afbb81db3a245ad6febc7d64') in 0.024354 seconds
Number of updated asset objects reloaded before import = 0
Number of asset objects unloaded after import = 140
========================================================================
Received Import Request.
  Time since last request: 10.518689 seconds.
  path: Assets/Prefabs/Chunks/Chunk4.prefab
  artifactKey: Guid(b718ae92855b14b47a0f20ae878fe190) Importer(815301076,1909f56bfc062723c751e8b465ee728b)
Start importing Assets/Prefabs/Chunks/Chunk4.prefab using Guid(b718ae92855b14b47a0f20ae878fe190) Importer(815301076,1909f56bfc062723c751e8b465ee728b)  -> (artifact id: 'db6c2db5d6c32ea4e726e8e3549f21fd') in 0.033594 seconds
Number of updated asset objects reloaded before import = 0
Number of asset objects unloaded after import = 140
========================================================================
Received Prepare
Begin MonoManager ReloadAssembly
Symbol file LoadedFromMemory doesn't match image D:\Uni work\GAM20003\ChromaShift\ChromaShift\Library\PackageCache\com.unity.visualscripting@1.8.0\Editor\VisualScripting.Core\Dependencies\YamlDotNet\Unity.VisualScripting.YamlDotNet.dll
Symbol file LoadedFromMemory doesn't match image D:\Uni work\GAM20003\ChromaShift\ChromaShift\Library\PackageCache\com.unity.visualscripting@1.8.0\Editor\VisualScripting.Core\Dependencies\DotNetZip\Unity.VisualScripting.IonicZip.dll
- Loaded All Assemblies, in  0.476 seconds
Refreshing native plugins compatible for Editor in 1.61 ms, found 3 plugins.
Native extension for WindowsStandalone target not found
Mono: successfully reloaded assembly
- Finished resetting the current domain, in  0.845 seconds
Domain Reload Profiling: 1321ms
	BeginReloadAssembly (164ms)
		ExecutionOrderSort (0ms)
		DisableScriptedObjects (5ms)
		BackupInstance (0ms)
		ReleaseScriptingObjects (0ms)
		CreateAndSetChildDomain (42ms)
	RebuildCommonClasses (33ms)
	RebuildNativeTypeToScriptingClass (14ms)
	initialDomainReloadingComplete (28ms)
	LoadAllAssembliesAndSetupDomain (237ms)
		LoadAssemblies (310ms)
		RebuildTransferFunctionScriptingTraits (0ms)
		AnalyzeDomain (14ms)
			TypeCache.Refresh (7ms)
				TypeCache.ScanAssembly (0ms)
			ScanForSourceGeneratedMonoScriptInfo (0ms)
			ResolveRequiredComponents (5ms)
	FinalizeReload (846ms)
		ReleaseScriptCaches (0ms)
		RebuildScriptCaches (0ms)
		SetupLoadedEditorAssemblies (466ms)
			LogAssemblyErrors (0ms)
			InitializePlatformSupportModulesInManaged (5ms)
			SetLoadedEditorAssemblies (6ms)
			RefreshPlugins (0ms)
			BeforeProcessingInitializeOnLoad (62ms)
			ProcessInitializeOnLoadAttributes (355ms)
			ProcessInitializeOnLoadMethodAttributes (34ms)
			AfterProcessingInitializeOnLoad (4ms)
			EditorAssembliesLoaded (0ms)
		ExecutionOrderSort2 (0ms)
		AwakeInstancesAfterBackupRestoration (13ms)
Refreshing native plugins compatible for Editor in 1.98 ms, found 3 plugins.
Preloading 0 native plugins for Editor in 0.00 ms.
Unloading 3078 Unused Serialized files (Serialized files now loaded: 0)
Unloading 22 unused Assets / (30.5 KB). Loaded Objects now: 3704.
Memory consumption went from 119.0 MB to 119.0 MB.
Total: 5.004600 ms (FindLiveObjects: 0.878900 ms CreateObjectMapping: 0.382200 ms MarkObjects: 3.630100 ms  DeleteObjects: 0.111600 ms)

Prepare: number of updated asset objects reloaded= 0
AssetImportParameters requested are different than current active one (requested -> active):
  custom:container-demuxer-ogg: 62fdf1f143b41e24485cea50d1cbac27 -> 
  custom:video-codec-MediaFoundation-h265: 746d11721c4dcdbdad8f713fa42b33f4 -> 
  custom:video-decoder-ogg-theora: a1e56fd34408186e4bbccfd4996cb3dc -> 
  custom:framework-win-MediaFoundation: 216162199b28c13a410421893ffa2e32 -> 
  custom:CustomObjectIndexerAttribute: 756ad292c208cfabdd7b50bc23989ffe -> 
  custom:container-demuxer-webm: 4f35f7cbe854078d1ac9338744f61a02 -> 
  custom:container-muxer-webm: aa71ff27fc2769a1b78a27578f13a17b -> 
  custom:video-decoder-webm-vp8: 9c59270c3fd7afecdb556c50c9e8de78 -> 
  custom:SearchIndexIgnoredProperties: e643bd26f0fe6173181afceb89e7c659 -> 
  custom:AudioImporter_EditorPlatform: d09bf68614088b80899f8185d706f6e7 -> 
  custom:video-encoder-webm-vp8: eb34c28f22e8b96e1ab97ce403110664 -> 
  custom:audio-decoder-ogg-vorbis: bf7c407c2cedff20999df2af8eb42d56 -> 
  custom:audio-encoder-webm-vorbis: bf7c407c2cedff20999df2af8eb42d56 -> 
========================================================================
Received Import Request.
  Time since last request: 287.716456 seconds.
  path: Assets/Prefabs/Chunks/Chunk1.prefab
  artifactKey: Guid(7dd7e313665aa8c41b6cb19f75e25859) Importer(815301076,1909f56bfc062723c751e8b465ee728b)
Start importing Assets/Prefabs/Chunks/Chunk1.prefab using Guid(7dd7e313665aa8c41b6cb19f75e25859) Importer(815301076,1909f56bfc062723c751e8b465ee728b)  -> (artifact id: '0a0eeadde5282e5adde1ef6b8ee51c84') in 0.169097 seconds
Number of updated asset objects reloaded before import = 0
Number of asset objects unloaded after import = 124
========================================================================
Received Import Request.
  Time since last request: 0.000024 seconds.
  path: Assets/Prefabs/Chunks/Chunk5.prefab
  artifactKey: Guid(c05d91dbaf340c544b4e51a94290d254) Importer(815301076,1909f56bfc062723c751e8b465ee728b)
Start importing Assets/Prefabs/Chunks/Chunk5.prefab using Guid(c05d91dbaf340c544b4e51a94290d254) Importer(815301076,1909f56bfc062723c751e8b465ee728b)  -> (artifact id: 'bbf844f9b41b701e3728c76d64ea63a4') in 0.042486 seconds
Number of updated asset objects reloaded before import = 0
Number of asset objects unloaded after import = 141
========================================================================
Received Import Request.
  Time since last request: 0.000042 seconds.
  path: Assets/Prefabs/Chunks/Chunk3.prefab
  artifactKey: Guid(627cefbbdae7e5849bec296d532ebbad) Importer(815301076,1909f56bfc062723c751e8b465ee728b)
Start importing Assets/Prefabs/Chunks/Chunk3.prefab using Guid(627cefbbdae7e5849bec296d532ebbad) Importer(815301076,1909f56bfc062723c751e8b465ee728b)  -> (artifact id: '5501e08b7cbc875ea63c8cffb52789bf') in 0.037593 seconds
Number of updated asset objects reloaded before import = 0
Number of asset objects unloaded after import = 122
========================================================================
Received Import Request.
  Time since last request: 16.942611 seconds.
  path: Assets/Prefabs/Chunks/Chunk4.prefab
  artifactKey: Guid(b718ae92855b14b47a0f20ae878fe190) Importer(815301076,1909f56bfc062723c751e8b465ee728b)
Start importing Assets/Prefabs/Chunks/Chunk4.prefab using Guid(b718ae92855b14b47a0f20ae878fe190) Importer(815301076,1909f56bfc062723c751e8b465ee728b)  -> (artifact id: '2961bcb2a3f6d348587858fd3fa708c9') in 0.025012 seconds
Number of updated asset objects reloaded before import = 0
Number of asset objects unloaded after import = 140
========================================================================
Received Import Request.
  Time since last request: 4.984403 seconds.
  path: Assets/Prefabs/Chunks/Chunk4.prefab
  artifactKey: Guid(b718ae92855b14b47a0f20ae878fe190) Importer(815301076,1909f56bfc062723c751e8b465ee728b)
Start importing Assets/Prefabs/Chunks/Chunk4.prefab using Guid(b718ae92855b14b47a0f20ae878fe190) Importer(815301076,1909f56bfc062723c751e8b465ee728b)  -> (artifact id: '2de8b89a14e7a647d05e4b09daa4d62f') in 0.023715 seconds
Number of updated asset objects reloaded before import = 0
Number of asset objects unloaded after import = 140
========================================================================
Received Import Request.
  Time since last request: 14.296785 seconds.
  path: Assets/Prefabs/Chunks/Chunk4.prefab
  artifactKey: Guid(b718ae92855b14b47a0f20ae878fe190) Importer(815301076,1909f56bfc062723c751e8b465ee728b)
Start importing Assets/Prefabs/Chunks/Chunk4.prefab using Guid(b718ae92855b14b47a0f20ae878fe190) Importer(815301076,1909f56bfc062723c751e8b465ee728b)  -> (artifact id: '25eaa2d4ab0cbd5c2e28160d22350e1e') in 0.024058 seconds
Number of updated asset objects reloaded before import = 0
Number of asset objects unloaded after import = 140
========================================================================
Received Import Request.
  Time since last request: 1.995110 seconds.
  path: Assets/Prefabs/Chunks/Chunk4.prefab
  artifactKey: Guid(b718ae92855b14b47a0f20ae878fe190) Importer(815301076,1909f56bfc062723c751e8b465ee728b)
Start importing Assets/Prefabs/Chunks/Chunk4.prefab using Guid(b718ae92855b14b47a0f20ae878fe190) Importer(815301076,1909f56bfc062723c751e8b465ee728b)  -> (artifact id: '7e0b5ff6a93cd5aaa540fae2e7454ba1') in 0.042641 seconds
Number of updated asset objects reloaded before import = 0
Number of asset objects unloaded after import = 140
========================================================================
Received Import Request.
  Time since last request: 15.695566 seconds.
  path: Assets/Prefabs/Chunks/Chunk4.prefab
  artifactKey: Guid(b718ae92855b14b47a0f20ae878fe190) Importer(815301076,1909f56bfc062723c751e8b465ee728b)
Start importing Assets/Prefabs/Chunks/Chunk4.prefab using Guid(b718ae92855b14b47a0f20ae878fe190) Importer(815301076,1909f56bfc062723c751e8b465ee728b)  -> (artifact id: '98ad2935210eb6454f5a1be826ad2734') in 0.024397 seconds
Number of updated asset objects reloaded before import = 0
Number of asset objects unloaded after import = 137
========================================================================
Received Import Request.
  Time since last request: 8.436062 seconds.
  path: Assets/Prefabs/Chunks/Chunk4.prefab
  artifactKey: Guid(b718ae92855b14b47a0f20ae878fe190) Importer(815301076,1909f56bfc062723c751e8b465ee728b)
Start importing Assets/Prefabs/Chunks/Chunk4.prefab using Guid(b718ae92855b14b47a0f20ae878fe190) Importer(815301076,1909f56bfc062723c751e8b465ee728b)  -> (artifact id: '5ee000038eda8782e38d70780129ea16') in 0.026988 seconds
Number of updated asset objects reloaded before import = 0
Number of asset objects unloaded after import = 137
========================================================================
Received Import Request.
  Time since last request: 4.405475 seconds.
  path: Assets/Prefabs/Chunks/Chunk4.prefab
  artifactKey: Guid(b718ae92855b14b47a0f20ae878fe190) Importer(815301076,1909f56bfc062723c751e8b465ee728b)
Start importing Assets/Prefabs/Chunks/Chunk4.prefab using Guid(b718ae92855b14b47a0f20ae878fe190) Importer(815301076,1909f56bfc062723c751e8b465ee728b)  -> (artifact id: 'f01ac9ea7dfd68dfaadb9665bff886ab') in 0.024542 seconds
Number of updated asset objects reloaded before import = 0
Number of asset objects unloaded after import = 137
========================================================================
Received Import Request.
  Time since last request: 12.080921 seconds.
  path: Assets/Prefabs/Chunks/Chunk4.prefab
  artifactKey: Guid(b718ae92855b14b47a0f20ae878fe190) Importer(815301076,1909f56bfc062723c751e8b465ee728b)
Start importing Assets/Prefabs/Chunks/Chunk4.prefab using Guid(b718ae92855b14b47a0f20ae878fe190) Importer(815301076,1909f56bfc062723c751e8b465ee728b)  -> (artifact id: '7bced54b49ecfdbfd785c0bbc6023e8b') in 0.025580 seconds
Number of updated asset objects reloaded before import = 0
Number of asset objects unloaded after import = 137
========================================================================
Received Import Request.
  Time since last request: 3.593898 seconds.
  path: Assets/Prefabs/Chunks/Chunk4.prefab
  artifactKey: Guid(b718ae92855b14b47a0f20ae878fe190) Importer(815301076,1909f56bfc062723c751e8b465ee728b)
Start importing Assets/Prefabs/Chunks/Chunk4.prefab using Guid(b718ae92855b14b47a0f20ae878fe190) Importer(815301076,1909f56bfc062723c751e8b465ee728b)  -> (artifact id: 'a4cd30743be1b97e2ed2756fbf84306a') in 0.023777 seconds
Number of updated asset objects reloaded before import = 0
Number of asset objects unloaded after import = 137
========================================================================
Received Import Request.
  Time since last request: 2.796106 seconds.
  path: Assets/Prefabs/Chunks/Chunk4.prefab
  artifactKey: Guid(b718ae92855b14b47a0f20ae878fe190) Importer(815301076,1909f56bfc062723c751e8b465ee728b)
Start importing Assets/Prefabs/Chunks/Chunk4.prefab using Guid(b718ae92855b14b47a0f20ae878fe190) Importer(815301076,1909f56bfc062723c751e8b465ee728b)  -> (artifact id: '37aa7244a2a7c262d5fc70ed0331a2ed') in 0.029543 seconds
Number of updated asset objects reloaded before import = 0
Number of asset objects unloaded after import = 137
========================================================================
Received Import Request.
  Time since last request: 6.017241 seconds.
  path: Assets/Prefabs/Chunks/Chunk4.prefab
  artifactKey: Guid(b718ae92855b14b47a0f20ae878fe190) Importer(815301076,1909f56bfc062723c751e8b465ee728b)
Start importing Assets/Prefabs/Chunks/Chunk4.prefab using Guid(b718ae92855b14b47a0f20ae878fe190) Importer(815301076,1909f56bfc062723c751e8b465ee728b)  -> (artifact id: '5e1b2e789a8577cd0fd0053321f6a802') in 0.024267 seconds
Number of updated asset objects reloaded before import = 0
Number of asset objects unloaded after import = 137
========================================================================
Received Import Request.
  Time since last request: 8.054244 seconds.
  path: Assets/Prefabs/Chunks/Chunk4.prefab
  artifactKey: Guid(b718ae92855b14b47a0f20ae878fe190) Importer(815301076,1909f56bfc062723c751e8b465ee728b)
Start importing Assets/Prefabs/Chunks/Chunk4.prefab using Guid(b718ae92855b14b47a0f20ae878fe190) Importer(815301076,1909f56bfc062723c751e8b465ee728b)  -> (artifact id: 'e85f3b961210e775e401adb3b0f74b56') in 0.024078 seconds
Number of updated asset objects reloaded before import = 0
Number of asset objects unloaded after import = 137
========================================================================
Received Import Request.
  Time since last request: 2.394426 seconds.
  path: Assets/Prefabs/Chunks/Chunk4.prefab
  artifactKey: Guid(b718ae92855b14b47a0f20ae878fe190) Importer(815301076,1909f56bfc062723c751e8b465ee728b)
Start importing Assets/Prefabs/Chunks/Chunk4.prefab using Guid(b718ae92855b14b47a0f20ae878fe190) Importer(815301076,1909f56bfc062723c751e8b465ee728b)  -> (artifact id: '7d6d792924a44b85107f685081ff0e1e') in 0.025827 seconds
Number of updated asset objects reloaded before import = 0
Number of asset objects unloaded after import = 137
========================================================================
Received Import Request.
  Time since last request: 20.144499 seconds.
  path: Assets/Prefabs/Chunks/Chunk4.prefab
  artifactKey: Guid(b718ae92855b14b47a0f20ae878fe190) Importer(815301076,1909f56bfc062723c751e8b465ee728b)
Start importing Assets/Prefabs/Chunks/Chunk4.prefab using Guid(b718ae92855b14b47a0f20ae878fe190) Importer(815301076,1909f56bfc062723c751e8b465ee728b)  -> (artifact id: '88dba8bbd780232f98354dfcd6136e1f') in 0.026457 seconds
Number of updated asset objects reloaded before import = 0
Number of asset objects unloaded after import = 137
========================================================================
Received Import Request.
  Time since last request: 2.993471 seconds.
  path: Assets/Prefabs/Chunks/Chunk4.prefab
  artifactKey: Guid(b718ae92855b14b47a0f20ae878fe190) Importer(815301076,1909f56bfc062723c751e8b465ee728b)
Start importing Assets/Prefabs/Chunks/Chunk4.prefab using Guid(b718ae92855b14b47a0f20ae878fe190) Importer(815301076,1909f56bfc062723c751e8b465ee728b)  -> (artifact id: '8a9f32572d5a94f30cf711fe3f89ff7f') in 0.024445 seconds
Number of updated asset objects reloaded before import = 0
Number of asset objects unloaded after import = 137
========================================================================
Received Prepare
Begin MonoManager ReloadAssembly
Symbol file LoadedFromMemory doesn't match image D:\Uni work\GAM20003\ChromaShift\ChromaShift\Library\PackageCache\com.unity.visualscripting@1.8.0\Editor\VisualScripting.Core\Dependencies\YamlDotNet\Unity.VisualScripting.YamlDotNet.dll
Symbol file LoadedFromMemory doesn't match image D:\Uni work\GAM20003\ChromaShift\ChromaShift\Library\PackageCache\com.unity.visualscripting@1.8.0\Editor\VisualScripting.Core\Dependencies\DotNetZip\Unity.VisualScripting.IonicZip.dll
- Loaded All Assemblies, in  0.446 seconds
Refreshing native plugins compatible for Editor in 1.52 ms, found 3 plugins.
Native extension for WindowsStandalone target not found
Mono: successfully reloaded assembly
- Finished resetting the current domain, in  0.844 seconds
Domain Reload Profiling: 1290ms
	BeginReloadAssembly (160ms)
		ExecutionOrderSort (0ms)
		DisableScriptedObjects (6ms)
		BackupInstance (0ms)
		ReleaseScriptingObjects (0ms)
		CreateAndSetChildDomain (42ms)
	RebuildCommonClasses (41ms)
	RebuildNativeTypeToScriptingClass (15ms)
	initialDomainReloadingComplete (31ms)
	LoadAllAssembliesAndSetupDomain (197ms)
		LoadAssemblies (265ms)
		RebuildTransferFunctionScriptingTraits (0ms)
		AnalyzeDomain (14ms)
			TypeCache.Refresh (7ms)
				TypeCache.ScanAssembly (0ms)
			ScanForSourceGeneratedMonoScriptInfo (0ms)
			ResolveRequiredComponents (6ms)
	FinalizeReload (845ms)
		ReleaseScriptCaches (0ms)
		RebuildScriptCaches (0ms)
		SetupLoadedEditorAssemblies (444ms)
			LogAssemblyErrors (0ms)
			InitializePlatformSupportModulesInManaged (4ms)
			SetLoadedEditorAssemblies (5ms)
			RefreshPlugins (0ms)
			BeforeProcessingInitializeOnLoad (58ms)
			ProcessInitializeOnLoadAttributes (344ms)
			ProcessInitializeOnLoadMethodAttributes (29ms)
			AfterProcessingInitializeOnLoad (3ms)
			EditorAssembliesLoaded (0ms)
		ExecutionOrderSort2 (0ms)
		AwakeInstancesAfterBackupRestoration (12ms)
Refreshing native plugins compatible for Editor in 1.61 ms, found 3 plugins.
Preloading 0 native plugins for Editor in 0.00 ms.
Unloading 3078 Unused Serialized files (Serialized files now loaded: 0)
Unloading 22 unused Assets / (30.6 KB). Loaded Objects now: 3707.
Memory consumption went from 119.0 MB to 119.0 MB.
Total: 4.574300 ms (FindLiveObjects: 0.297600 ms CreateObjectMapping: 0.241000 ms MarkObjects: 3.986300 ms  DeleteObjects: 0.048300 ms)

Prepare: number of updated asset objects reloaded= 0
AssetImportParameters requested are different than current active one (requested -> active):
  custom:container-demuxer-ogg: 62fdf1f143b41e24485cea50d1cbac27 -> 
  custom:video-codec-MediaFoundation-h265: 746d11721c4dcdbdad8f713fa42b33f4 -> 
  custom:video-decoder-ogg-theora: a1e56fd34408186e4bbccfd4996cb3dc -> 
  custom:framework-win-MediaFoundation: 216162199b28c13a410421893ffa2e32 -> 
  custom:CustomObjectIndexerAttribute: 756ad292c208cfabdd7b50bc23989ffe -> 
  custom:container-demuxer-webm: 4f35f7cbe854078d1ac9338744f61a02 -> 
  custom:container-muxer-webm: aa71ff27fc2769a1b78a27578f13a17b -> 
  custom:video-decoder-webm-vp8: 9c59270c3fd7afecdb556c50c9e8de78 -> 
  custom:SearchIndexIgnoredProperties: e643bd26f0fe6173181afceb89e7c659 -> 
  custom:AudioImporter_EditorPlatform: d09bf68614088b80899f8185d706f6e7 -> 
  custom:video-encoder-webm-vp8: eb34c28f22e8b96e1ab97ce403110664 -> 
  custom:audio-decoder-ogg-vorbis: bf7c407c2cedff20999df2af8eb42d56 -> 
  custom:audio-encoder-webm-vorbis: bf7c407c2cedff20999df2af8eb42d56 -> 
========================================================================
Received Prepare
Begin MonoManager ReloadAssembly
Symbol file LoadedFromMemory doesn't match image D:\Uni work\GAM20003\ChromaShift\ChromaShift\Library\PackageCache\com.unity.visualscripting@1.8.0\Editor\VisualScripting.Core\Dependencies\YamlDotNet\Unity.VisualScripting.YamlDotNet.dll
Symbol file LoadedFromMemory doesn't match image D:\Uni work\GAM20003\ChromaShift\ChromaShift\Library\PackageCache\com.unity.visualscripting@1.8.0\Editor\VisualScripting.Core\Dependencies\DotNetZip\Unity.VisualScripting.IonicZip.dll
- Loaded All Assemblies, in  0.424 seconds
Refreshing native plugins compatible for Editor in 1.50 ms, found 3 plugins.
Native extension for WindowsStandalone target not found
Mono: successfully reloaded assembly
- Finished resetting the current domain, in  0.822 seconds
Domain Reload Profiling: 1245ms
	BeginReloadAssembly (165ms)
		ExecutionOrderSort (0ms)
		DisableScriptedObjects (7ms)
		BackupInstance (0ms)
		ReleaseScriptingObjects (0ms)
		CreateAndSetChildDomain (40ms)
	RebuildCommonClasses (33ms)
	RebuildNativeTypeToScriptingClass (12ms)
	initialDomainReloadingComplete (24ms)
	LoadAllAssembliesAndSetupDomain (189ms)
		LoadAssemblies (262ms)
		RebuildTransferFunctionScriptingTraits (0ms)
		AnalyzeDomain (14ms)
			TypeCache.Refresh (7ms)
				TypeCache.ScanAssembly (0ms)
			ScanForSourceGeneratedMonoScriptInfo (0ms)
			ResolveRequiredComponents (5ms)
	FinalizeReload (822ms)
		ReleaseScriptCaches (0ms)
		RebuildScriptCaches (0ms)
		SetupLoadedEditorAssemblies (458ms)
			LogAssemblyErrors (0ms)
			InitializePlatformSupportModulesInManaged (4ms)
			SetLoadedEditorAssemblies (5ms)
			RefreshPlugins (0ms)
			BeforeProcessingInitializeOnLoad (53ms)
			ProcessInitializeOnLoadAttributes (359ms)
			ProcessInitializeOnLoadMethodAttributes (34ms)
			AfterProcessingInitializeOnLoad (3ms)
			EditorAssembliesLoaded (0ms)
		ExecutionOrderSort2 (0ms)
		AwakeInstancesAfterBackupRestoration (11ms)
Refreshing native plugins compatible for Editor in 2.57 ms, found 3 plugins.
Preloading 0 native plugins for Editor in 0.00 ms.
Unloading 3079 Unused Serialized files (Serialized files now loaded: 0)
Unloading 22 unused Assets / (30.5 KB). Loaded Objects now: 3710.
Memory consumption went from 119.3 MB to 119.2 MB.
Total: 5.450600 ms (FindLiveObjects: 0.344800 ms CreateObjectMapping: 0.390800 ms MarkObjects: 4.643000 ms  DeleteObjects: 0.070600 ms)

Prepare: number of updated asset objects reloaded= 0
AssetImportParameters requested are different than current active one (requested -> active):
  custom:container-demuxer-ogg: 62fdf1f143b41e24485cea50d1cbac27 -> 
  custom:video-codec-MediaFoundation-h265: 746d11721c4dcdbdad8f713fa42b33f4 -> 
  custom:video-decoder-ogg-theora: a1e56fd34408186e4bbccfd4996cb3dc -> 
  custom:framework-win-MediaFoundation: 216162199b28c13a410421893ffa2e32 -> 
  custom:CustomObjectIndexerAttribute: 756ad292c208cfabdd7b50bc23989ffe -> 
  custom:container-demuxer-webm: 4f35f7cbe854078d1ac9338744f61a02 -> 
  custom:container-muxer-webm: aa71ff27fc2769a1b78a27578f13a17b -> 
  custom:video-decoder-webm-vp8: 9c59270c3fd7afecdb556c50c9e8de78 -> 
  custom:SearchIndexIgnoredProperties: e643bd26f0fe6173181afceb89e7c659 -> 
  custom:AudioImporter_EditorPlatform: d09bf68614088b80899f8185d706f6e7 -> 
  custom:video-encoder-webm-vp8: eb34c28f22e8b96e1ab97ce403110664 -> 
  custom:audio-decoder-ogg-vorbis: bf7c407c2cedff20999df2af8eb42d56 -> 
  custom:audio-encoder-webm-vorbis: bf7c407c2cedff20999df2af8eb42d56 -> 
========================================================================
Received Import Request.
  Time since last request: 112.146306 seconds.
  path: Assets/Prefabs/Chunks/Chunk1.prefab
  artifactKey: Guid(7dd7e313665aa8c41b6cb19f75e25859) Importer(815301076,1909f56bfc062723c751e8b465ee728b)
Start importing Assets/Prefabs/Chunks/Chunk1.prefab using Guid(7dd7e313665aa8c41b6cb19f75e25859) Importer(815301076,1909f56bfc062723c751e8b465ee728b)  -> (artifact id: '52428ed064f745146ab6661d0a1cf891') in 0.205214 seconds
Number of updated asset objects reloaded before import = 0
Number of asset objects unloaded after import = 124
========================================================================
Received Import Request.
  Time since last request: 0.000064 seconds.
  path: Assets/Prefabs/Chunks/Chunk5.prefab
  artifactKey: Guid(c05d91dbaf340c544b4e51a94290d254) Importer(815301076,1909f56bfc062723c751e8b465ee728b)
Start importing Assets/Prefabs/Chunks/Chunk5.prefab using Guid(c05d91dbaf340c544b4e51a94290d254) Importer(815301076,1909f56bfc062723c751e8b465ee728b)  -> (artifact id: '246ace617011cde4647492b3dbd6ddb9') in 0.053761 seconds
Number of updated asset objects reloaded before import = 0
Number of asset objects unloaded after import = 141
========================================================================
Received Import Request.
  Time since last request: 0.000064 seconds.
  path: Assets/Prefabs/Chunks/Chunk3.prefab
  artifactKey: Guid(627cefbbdae7e5849bec296d532ebbad) Importer(815301076,1909f56bfc062723c751e8b465ee728b)
Start importing Assets/Prefabs/Chunks/Chunk3.prefab using Guid(627cefbbdae7e5849bec296d532ebbad) Importer(815301076,1909f56bfc062723c751e8b465ee728b)  -> (artifact id: '6dcbefa510d6947d30812230806a4aeb') in 0.038103 seconds
Number of updated asset objects reloaded before import = 0
Number of asset objects unloaded after import = 122
Editor requested this worker to shutdown with reason: Scaling down because of idle timeout
TcpMessagingSession - receive error: operation aborted. errorcode: 995, details: The I/O operation has been aborted because of either a thread exit or an application request.
AssetImportWorker is now disconnected from the server
Process exiting
Exiting without the bug reporter. Application will terminate with return code 0